phonon_states,eta,transmission,reflection,transmitted_spin,transmitted_Pz,unitarity_error
2,0.0,0.7829519653500457,0.21704803464995415,1.1102230246251565e-16,1.4179963442952634e-16,4.0635580486663067e-16
2,0.01,0.7829587748895084,0.2170412251104913,8.475315888988005e-05,0.0001082472814763976,4.51114624916614e-16
2,0.02,0.7829792141896004,0.2170207858103996,0.0003389765338814524,0.0004329317148377944,2.5224114217080393e-16
2,0.04,0.7830611312413577,0.21693886875864202,0.001355327053498685,0.0017308061905079307,4.589336436525287e-16
3,0.0,0.7829519653500459,0.21704803464995415,0.0,0.0,5.3842543826734683e-17
3,0.01,0.7829587647584266,0.21704123524157362,8.476252671904468e-05,0.0001082592475290793,4.503114520234468e-16
3,0.02,0.7829790522985611,0.21702094770143912,0.0003391258355020543,0.00043312248840693217,1.2912961546790576e-16
3,0.04,0.7830585541140254,0.21694144588597472,0.0013576788839942148,0.001733815277109553,4.730560733506258e-16
4,0.0,0.7829519653500457,0.21704803464995415,1.1102230246251565e-16,1.4179963442952634e-16,2.437876679803706e-16
4,0.01,0.7829587647601298,0.21704123523987004,8.476252138956866e-05,0.00010825924072200255,3.17093088578487e-16
4,0.02,0.7829790524073584,0.21702094759264123,0.0003391254951681932,0.000433122053681402,2.2456408876043357e-16
4,0.04,0.7830585610226408,0.2169414389773592,0.0013576572914291577,0.0017337876871636722,4.208737198002692e-16
6,0.0,0.7829519653500459,0.21704803464995415,0.0,0.0,5.3842543826734683e-17
6,0.01,0.7829587647601302,0.21704123523986993,8.476252138823533e-05,0.00010825924072029956,1.1434875078976933e-16
6,0.02,0.7829790524074113,0.2170209475925888,0.00033912549484417786,0.00043312205326754904,3.53469637132452e-17
6,0.04,0.7830585610359669,0.216941438964033,0.001357657208634513,0.0017337875814017875,4.188635363442533e-16
