sites,geometrical_turns,eta,elastic_reference_dwell,current_grid_difference,P_grid_difference,numerically_resolved,energy_spacing_used,bath_spacing_used,bath_count_used,particle_into_left,particle_into_right,spin_sigma_into_left,spin_sigma_into_right,net_spin_per_particle_left,net_spin_per_particle_right,extraction_Pz_left,extraction_Pz_right,gross_extraction_left,gross_extraction_right,gross_injection_left,gross_injection_right,accumulated_Pz,electron_number,charge_balance_relative,phonon_number_collision,energy_balance,energy_into_left,energy_into_right,heat_into_phonons,heat_from_events,event_energy_balance,spin_balance,hamiltonian_spin_torque,bath_spin_torque,phonon_self_energy_over_t,bath_variance,noise_vertex_rms_over_t,spectral_sumrule_error,occupied_empty_identity_error,density_min_eigenvalue,density_max_eigenvalue,iterations,fixed_point_residual
5,0.5,0.0,4.378272073051659,4.460862960699499e-15,2.9085459456562126e-07,True,0.01,0.05,60,0.18666058020717552,-0.18666058020717557,1.533644538776376e-17,-2.935852592496929e-17,8.216220784667959e-17,1.5728294582811273e-16,6.530853119682476e-17,1.4200809445850195e-16,0.01955360008553718,0.21783093669420525,0.2062141802927127,0.03117035648702967,1.7753760147880688e-17,3.1267264381672035,2.2293519251265166e-16,0.0,-5.551115123125783e-17,0.1923588491667807,-0.19235884916678075,-0.0,0.0,-5.551115123125783e-17,-7.471826191909103e-18,-4.607859233063394e-19,0.0,0.0,0.1843089211393124,0.0,4.582961576349729e-06,7.105427357601002e-15,0.00046897977352378513,0.9338352117809743,1,0.0
5,0.5,0.04,4.378272073051659,1.9137713243336157e-07,2.692435064685632e-05,True,0.01,0.05,60,0.18665963036438665,-0.18665963036438646,3.030451450422207e-07,-3.024020363607938e-06,1.6235173317906645e-06,1.6200719768407423e-05,3.657668853004604e-07,1.1215227611158549e-05,0.019552966327710024,0.21782913655066016,0.20621259669209666,0.031169506186273767,2.0490544982343193e-06,3.126784228002451,7.802814793439175e-16,-2.2511209130045174e-16,-2.5156455016979093e-17,0.19235801348181594,-0.1923550316054118,2.9818764041541034e-06,2.9818765018858956e-06,-9.775694869820274e-14,-5.1059146060489224e-18,1.1921234238933503e-07,1.2412752668884176e-06,0.00023362048520928576,0.1843089211393124,0.013538830387677964,4.582926422258839e-06,1.2470256109222577e-14,0.00046967959231714523,0.9338359279256018,41,7.483719021003296e-12
5,0.5,0.08,4.378272073051659,7.673914521010399e-07,7.711202526111066e-06,True,0.01,0.05,60,0.18665677847744921,-0.1866567784774482,1.2160884385533993e-06,-1.2083742653898406e-05,6.515104613253143e-06,6.473776496339971e-05,1.4681180764922974e-06,4.482406777311357e-05,0.01955106346600596,0.2178237403771287,0.20620784194345515,0.031166961899680552,8.181417097175717e-06,3.126957617565058,4.124476490036068e-15,-1.0520512986236463e-15,-5.1287844956247886e-17,0.19235549737093033,-0.19234358012683864,1.1917244091742769e-05,1.191724419821101e-05,-1.0651952952502042e-13,1.8211208365967457e-19,4.77032944906869e-07,4.956794162765816e-06,0.0009342205661328791,0.1843089211393124,0.02707766077535593,4.5828460904280495e-06,7.993605777301127e-15,0.00047177698233593995,0.9338380424632362,44,8.193163378647506e-12
5,0.5,0.16,4.378272073051659,3.1003081192674156e-06,0.00014569052887051183,True,0.01,0.05,60,0.18664533457361285,-0.1866453345736082,4.926438003473445e-06,-4.813892924842942e-05,2.6394648517348606e-05,0.0002579165954423824,5.9515744174892155e-06,0.0001787107197799298,0.019543427614843425,0.21780221820885418,0.20618876218845625,0.03115688363524599,3.2490728722619386e-05,3.127651505797612,1.8618243291673704e-14,-4.6501358810028846e-15,-1.940721888749053e-17,0.19234529565389452,-0.19229779010349418,4.7505550400359065e-05,4.750555051340675e-05,-1.1306709420729616e-13,1.954952042262925e-18,1.9111173998195505e-06,1.969512822266039e-05,0.0037327081813801873,0.1843089211393124,0.05415532155071186,4.5829086533119094e-06,6.217248937900877e-15,0.0004801357399159989,0.9338460028952408,47,8.8683153702529e-12
9,1.0,0.0,4.3109872268413465,7.807451750804092e-06,1.0201366343744876e-07,True,0.01,0.05,60,0.18477151588209426,-0.1847715158820943,2.447332345749648e-17,-5.86958539474167e-17,1.3245181943040025e-16,3.1766722087657425e-16,1.7459274867436842e-16,2.838347753846763e-16,0.02888087805814153,0.21755892143685646,0.21365239394023575,0.03278740555476215,4.951263838524475e-16,5.717870840908036,2.2173743029637615e-16,0.0,-2.7755575615628914e-17,0.1908658166361676,-0.19086581663616764,-0.0,0.0,-2.7755575615628914e-17,-2.426699958336444e-17,-7.15573433840433e-18,0.0,0.0,0.1843089211393124,0.0,4.508704364686731e-06,3.197442310920451e-14,1.3711857737695928e-06,0.9814264070274783,1,0.0
9,1.0,0.04,4.3109872268413465,7.4280386596826014e-06,0.00022662978117446737,True,0.01,0.05,60,0.18477011640008376,-0.18477011640008228,2.435539075686526e-06,-8.193544423994155e-06,1.3181455546701284e-05,4.434453245812052e-05,-2.9618781385871432e-05,2.7941223644237467e-05,0.02887834373779892,0.2175541524461189,0.2136484601378827,0.03278403604603662,6.925026259490319e-06,5.718021951827744,5.876232933092541e-15,-1.497620964844287e-15,-3.074644895238385e-17,0.1908670173239719,-0.19085938924507093,7.628078901009354e-06,7.628079150249294e-06,-2.492706866928044e-13,3.8904223267390015e-18,5.523777551799647e-07,2.32662491897774e-06,0.0003613837119112956,0.1843089211393124,0.014868146831430555,4.507622621771126e-06,2.842170943040401e-14,1.4163148261418557e-06,0.9814400599558326,41,7.374999455534922e-12
9,1.0,0.08,4.3109872268413465,6.284713724912326e-06,0.00016317236779849509,True,0.01,0.05,60,0.1847659094482399,-0.18476590944823287,9.777206851667808e-06,-3.275907012999124e-05,5.291672517330251e-05,0.00017730040258952408,-0.00011856199318053734,0.0001117951854605995,0.028870751839408702,0.21753985347822016,0.21363666128764858,0.032773944029987304,2.7583664619848854e-05,5.718475552556664,2.8053430137121654e-14,-6.980336018427617e-15,7.301424005332069e-17,0.1908705812901852,-0.190840124964841,3.0456325344107287e-05,3.0456325612578402e-05,-2.6839810010463074e-13,6.989715880742486e-18,2.2106322833511586e-06,9.280299355817547e-06,0.0014447819790180743,0.1843089211393124,0.02973629366286111,4.505105926549808e-06,2.842170943040401e-14,1.5453970786846676e-06,0.981480615369658,44,8.062408813486188e-12
9,1.0,0.16,4.3109872268413465,1.6300082866359789e-06,9.406385156134932e-05,True,0.01,0.05,60,0.1847489447863229,-0.18474894478629253,3.966760658212655e-05,-0.00013081222726532722,0.0002147108695424775,0.0007080539887069107,-0.0004756980676236857,0.0004476969570418324,0.028840547834187134,0.21748276067557576,0.21358949262051002,0.03273381588928318,0.00010851937133290767,5.720294603439263,1.2135326979676417e-13,-3.0316963005531576e-14,-2.5221253037444047e-17,0.19088425629792177,-0.19076332030489504,0.00012093599302675808,0.00012093599329822909,-2.714962315294306e-13,6.2341624917916505e-19,8.862716272259547e-06,3.670959406934141e-05,0.005767121032525597,0.1843089211393124,0.05947258732572222,4.502240244704761e-06,3.730349362740526e-14,1.9859293326772257e-06,0.9816370012048977,47,8.659350580336733e-12
13,1.5,0.0,6.495065888673095,1.3072141729423873e-05,2.8415875991122504e-07,True,0.005,0.025,120,0.18450046996815517,-0.18450046996815506,-1.5909446445978758e-16,-9.703218728823093e-17,-8.622984238861144e-16,5.259183746522639e-16,-3.7718024938526934e-16,4.733108879643084e-16,0.027309780715236785,0.21721791921858488,0.21181025068339202,0.032717449250429805,-3.405239621114597e-16,8.313860485000138,4.442040482008831e-16,0.0,1.1102230246251565e-16,0.19031543006589502,-0.1903154300658949,-0.0,0.0,1.1102230246251565e-16,-1.3177671831477212e-16,-3.713392440762853e-18,0.0,0.0,0.18657870052370407,0.0,7.278486433902368e-05,9.237055564881302e-14,7.942584077982156e-08,0.9877424653745038,1,0.0
13,1.5,0.04,6.495065888673095,1.252867681284933e-05,0.00016638308917778095,True,0.005,0.025,120,0.1844984269183878,-0.18449842691838503,1.3285618887169622e-06,-7.820172913399251e-06,7.200938842175856e-06,4.238612244026662e-05,-2.422205924818706e-05,2.444922934957131e-05,0.027307506970660308,0.21721112316932129,0.21180593388904814,0.03271269625093629,1.158727603745769e-05,8.314127834110293,1.1105614374817443e-14,-2.8006315197030247e-15,-4.492323939057907e-17,0.19031678238347002,-0.19030703615813482,9.746225335244788e-06,9.746225654740303e-06,-3.195404383530675e-13,1.0579441511206211e-17,2.0029862601107697e-07,3.0455068863406467e-06,0.0004261486908609939,0.18657870052370407,0.015334897368524714,6.901322036525351e-05,5.023559833035328e-14,8.332007431615572e-08,0.9877776414253142,41,7.41869369755288e-12
13,1.5,0.08,6.495065888673095,1.0921015192784423e-05,0.00010826243303755648,True,0.005,0.025,120,0.18449228028769407,-0.18449228028768128,5.405002651503117e-06,-3.1240718922925266e-05,2.9296633133238144e-05,0.00016933347495196654,-9.713330883725889e-05,9.787221390216956e-05,0.027300683497990145,0.2171907265868946,0.2117929637856842,0.03269844629921329,4.602378179818726e-05,8.314932096697072,5.120398059277526e-14,-1.2760948882964001e-14,-1.6168164897190085e-17,0.19032077040350193,-0.19028186710760106,3.890329590088233e-05,3.8903296249075696e-05,-3.482095322260466e-13,-5.736107118806122e-18,8.011617415607452e-07,1.2116696394144594e-05,0.0017034160667491536,0.18657870052370407,0.03066979473704943,5.8452419131048535e-05,8.526512829121202e-14,9.249872708129543e-08,0.9878821509731526,44,8.108466047034024e-12
13,1.5,0.16,6.495065888673095,4.800094345782414e-06,0.0002094407695065045,True,0.005,0.025,120,0.1844673871923862,-0.1844673871923556,2.3041697106485616e-05,-0.00012441514753580926,0.00012490932656001024,0.0006744560620142241,-0.0003925934480787548,0.0003928472049602593,0.02727334868023838,0.21710893342702461,0.21174073587262457,0.03264154623466896,0.00017865959713363078,8.318184935309331,1.2257994437291283e-13,-3.0574085936578946e-14,-4.106415728288848e-17,0.1903356496590422,-0.19018131107081548,0.00015433858822676226,0.00015433858847482994,-2.481087438364199e-13,-3.957337929572091e-18,3.2075361803674918e-06,4.7479189034290375e-05,0.006794835158313838,0.18657870052370407,0.06133958947409886,2.4434700824816142e-05,1.1368683772161603e-13,1.1463049922232819e-07,0.9882839758588694,48,9.651543248908895e-12
