parameter,value,temperature,mu_left,mu_right,elastic_reference_dwell,current_grid_difference,P_grid_difference,numerically_resolved,energy_spacing_used,bath_spacing_used,bath_count_used,particle_into_left,particle_into_right,spin_sigma_into_left,spin_sigma_into_right,net_spin_per_particle_left,net_spin_per_particle_right,extraction_Pz_left,extraction_Pz_right,gross_extraction_left,gross_extraction_right,gross_injection_left,gross_injection_right,accumulated_Pz,electron_number,charge_balance_relative,phonon_number_collision,energy_balance,energy_into_left,energy_into_right,heat_into_phonons,heat_from_events,event_energy_balance,spin_balance,hamiltonian_spin_torque,bath_spin_torque,phonon_self_energy_over_t,bath_variance,noise_vertex_rms_over_t,spectral_sumrule_error,occupied_empty_identity_error,density_min_eigenvalue,density_max_eigenvalue,iterations,fixed_point_residual
contact,0.7,0.15,1.4,0.6,2.524318230825028,1.4934609437809018e-05,0.0004379473935792772,True,0.005,0.025,120,0.1019602405501659,-0.10196024055014476,1.1821012063381606e-05,-2.8560841444528137e-05,0.00011593746738529415,0.0002801174388214759,-0.00022090862854752338,0.00018745896668333334,0.017573464537332894,0.1180924860708955,0.11953370508749878,0.016132245520750727,3.849626134610046e-05,5.6224959294100145,1.5425705801513952e-13,-2.113151643184167e-14,-1.8573738467392298e-17,0.10679711117305746,-0.10674312372486182,5.3987448195657295e-05,5.398744866155512e-05,-4.659164018678587e-13,-2.1811098391798234e-18,1.6331570460468648e-06,6.73675764452422e-06,0.0014869503994660925,0.18657870052370407,0.02991883581713035,1.2617854042420241e-05,5.684341886080802e-14,1.351818119816583e-06,0.9812451533838654,44,9.22174966597189e-12
contact,1.0,0.15,1.4,0.6,4.3109872268413465,6.284713724912326e-06,0.00016317236779849509,True,0.01,0.05,60,0.1847659094482399,-0.18476590944823287,9.777206851667808e-06,-3.275907012999124e-05,5.291672517330251e-05,0.00017730040258952408,-0.00011856199318053734,0.0001117951854605995,0.028870751839408702,0.21753985347822016,0.21363666128764858,0.032773944029987304,2.7583664619848854e-05,5.718475552556664,2.8053430137121654e-14,-6.980336018427617e-15,7.301424005332069e-17,0.1908705812901852,-0.190840124964841,3.0456325344107287e-05,3.0456325612578402e-05,-2.6839810010463074e-13,6.989715880742486e-18,2.2106322833511586e-06,9.280299355817547e-06,0.0014447819790180743,0.1843089211393124,0.02973629366286111,4.505105926549808e-06,2.842170943040401e-14,1.5453970786846676e-06,0.981480615369658,44,8.062408813486188e-12
contact,1.4,0.15,1.4,0.6,5.398321164591755,1.3454606222284346e-06,0.00012090509494567483,True,0.01,0.05,60,0.23841847574891076,-0.23841847574890626,-2.322252489891976e-06,-2.0261318956618883e-05,-9.740237129683041e-06,8.498216798415142e-05,3.087345978341325e-06,4.783952307197033e-05,0.05060938426822662,0.30155183690825715,0.28902786001713743,0.06313336115935086,1.6397405010650454e-05,5.844022048867147,1.2329546890187486e-14,-4.440961497301508e-15,5.489112311386768e-17,0.244172368294233,-0.2441629972634836,9.371030749356145e-06,9.371030829843482e-06,-8.04324461851566e-14,5.349860094858161e-18,2.090988436125702e-06,9.200797287135077e-06,0.0014217944509126949,0.1843089211393124,0.02973629366286111,1.219379704266643e-05,2.1316282072803006e-14,1.3108195073260704e-06,0.983870224608888,44,7.337407699654908e-12
temperature,0.075,0.075,1.4,0.6,4.3109872268413465,1.0681072263184259e-07,0.00017867464624810492,True,0.01,0.05,60,0.18821563946137487,-0.18821563946137404,1.1570585538154437e-05,-1.9676690005405798e-05,6.147515462193524e-05,0.00010454333158347282,-0.0002011212670093949,8.907820920942108e-05,0.017146038060115384,0.20304757879655616,0.20536167752149026,0.014831939335182133,4.292704047696781e-06,5.773326486530803,3.74219503486603e-15,-8.610847815240838e-16,2.987654611555368e-17,0.19183069424151616,-0.19180980451840254,2.088972311359082e-05,2.0889723297877503e-05,-1.8425680835157214e-13,-8.506328372801311e-18,1.1061218546192084e-06,2.9469303789979657e-06,0.0013381719240637454,0.16379928073029096,0.02803300495047712,4.5089725893052435e-06,3.907985046680551e-14,3.614832597638031e-07,0.9964453692510459,44,7.39873483660003e-12
temperature,0.15,0.15,1.4,0.6,4.3109872268413465,6.284713724912326e-06,0.00016317236779849509,True,0.01,0.05,60,0.1847659094482399,-0.18476590944823287,9.777206851667808e-06,-3.275907012999124e-05,5.291672517330251e-05,0.00017730040258952408,-0.00011856199318053734,0.0001117951854605995,0.028870751839408702,0.21753985347822016,0.21363666128764858,0.032773944029987304,2.7583664619848854e-05,5.718475552556664,2.8053430137121654e-14,-6.980336018427617e-15,7.301424005332069e-17,0.1908705812901852,-0.190840124964841,3.0456325344107287e-05,3.0456325612578402e-05,-2.6839810010463074e-13,6.989715880742486e-18,2.2106322833511586e-06,9.280299355817547e-06,0.0014447819790180743,0.1843089211393124,0.02973629366286111,4.505105926549808e-06,2.842170943040401e-14,1.5453970786846676e-06,0.981480615369658,44,8.062408813486188e-12
temperature,0.3,0.3,1.4,0.6,4.3109872268413465,3.570484697639709e-05,0.00015467128231818117,True,0.01,0.05,60,0.17361164397409717,-0.17361164397408319,-7.881604527348293e-06,-6.027020590789275e-05,-4.539790273816097e-05,0.0003471553205088589,-3.945824963498401e-05,0.00014656914392808732,0.06709466091451638,0.24683750978445457,0.24070630488861347,0.07322586581037134,0.00010930039230619883,5.610410804133642,4.3706375602267174e-14,-1.3904216927032677e-14,-6.509956419417651e-17,0.19446827162986985,-0.1944266721575673,4.1599472302626546e-05,4.1599472540383544e-05,-2.37822097898157e-13,-8.199278929421627e-18,5.316836773078102e-06,2.875906844453422e-05,0.001881472932426213,0.2454888801809361,0.03431860064054677,4.500261653783e-06,5.3290705182007514e-14,0.00018339640801258913,0.9222099422387356,45,6.590959765809257e-12
SOC_scale,0.0,0.15,1.4,0.6,4.3571062644833445,2.2530814607094843e-06,4.554333716922717e-09,True,0.01,0.05,60,0.18488902384491135,-0.1848890238449113,1.8364796080036455e-18,1.9458750034692183e-19,9.932875244904326e-18,-1.0524556639454476e-18,5.236506136634217e-18,-1.7240289926121974e-18,0.028938819814831027,0.21776074050012867,0.21382784365974236,0.03287171665521733,2.917294826345763e-17,5.708488980607257,2.2148428763498548e-16,0.0,0.0,0.19103899777079628,-0.19103899777079628,-0.0,0.0,0.0,1.0155335541752836e-18,0.0,0.0,0.0,0.1843089211393124,0.0,4.9616603283897575e-06,1.4210854715202004e-14,1.3796039157185474e-06,0.980979971306057,1,0.0
SOC_scale,0.5,0.15,1.4,0.6,4.345443330375038,6.116011893378102e-07,2.2993068250604636e-05,True,0.01,0.05,60,0.1848587131930867,-0.18485871319308528,1.5620543560126598e-06,-6.182533586119599e-06,8.449990422583323e-06,3.3444642556079735e-05,-1.9942922856501216e-05,2.0577729678164106e-05,0.028921810952336133,0.2177060149362553,0.21378052414542278,0.03284730174317,6.162255902574303e-06,5.71097128999625,5.649633280281833e-15,-1.3922643731603244e-15,2.938357294025168e-17,0.19099750565185916,-0.1909898239523592,7.681699499937948e-06,7.681699751235947e-06,-2.512686154927451e-13,5.69629657028517e-18,2.623886748943173e-07,2.0478509401648485e-06,0.0003618247559101061,0.1843089211393124,0.014868146831430555,4.505057143921366e-06,4.2749821986203796e-14,1.427258228056887e-06,0.9811050404502892,41,7.399823077425607e-12
SOC_scale,1.0,0.15,1.4,0.6,4.3109872268413465,6.284713724912326e-06,0.00016317236779849509,True,0.01,0.05,60,0.1847659094482399,-0.18476590944823287,9.777206851667808e-06,-3.275907012999124e-05,5.291672517330251e-05,0.00017730040258952408,-0.00011856199318053734,0.0001117951854605995,0.028870751839408702,0.21753985347822016,0.21363666128764858,0.032773944029987304,2.7583664619848854e-05,5.718475552556664,2.8053430137121654e-14,-6.980336018427617e-15,7.301424005332069e-17,0.1908705812901852,-0.190840124964841,3.0456325344107287e-05,3.0456325612578402e-05,-2.6839810010463074e-13,6.989715880742486e-18,2.2106322833511586e-06,9.280299355817547e-06,0.0014447819790180743,0.1843089211393124,0.02973629366286111,4.505105926549808e-06,2.842170943040401e-14,1.5453970786846676e-06,0.981480615369658,44,8.062408813486188e-12
SOC_scale,2.0,0.15,1.4,0.6,4.180897673889298,1.4913088950028073e-05,0.00018895820047436161,True,0.01,0.05,60,0.18436716829268943,-0.18436716829266792,5.941363649147926e-05,-0.00017279309422825134,0.0003222571406919805,0.0009372226944113841,-0.0006853546642816025,0.0005968248560736642,0.02866100439600264,0.21684769705762474,0.21302817268869204,0.03248052876495685,0.0001186318981971866,5.749292565685735,8.627411128902438e-14,-2.1489688909628777e-14,3.0560948736935156e-17,0.19032938263984167,-0.1902114302632152,0.00011795237662645394,0.00011795237678886698,-1.6238247725619548e-13,2.622414004699314e-18,1.3751686330043577e-05,4.293804253834509e-05,0.005773606579214511,0.1843089211393124,0.05947258732572222,5.938711819095043e-06,3.907985046680551e-14,1.8737601148536283e-06,0.9829402401540257,48,8.859487634507943e-12
bias,0.2,0.15,1.1,0.9,4.3109872268413465,5.592807622946132e-07,0.0003278017993971451,True,0.01,0.05,60,0.046325243145526655,-0.04632524314552647,-1.9609224443081964e-07,-2.079775993317578e-06,-4.232945822104229e-06,4.489509071294357e-05,-3.871550006488806e-07,1.1283285693590655e-05,0.043235063149298855,0.09142254570391446,0.08956030629482553,0.045097302558387974,2.8691553688069627e-06,5.8355515397469215,1.3723289161992764e-15,-1.8981336206921367e-16,-1.6381405441661355e-17,0.04696977116420914,-0.04696843678317221,1.334381036946225e-06,1.3343810487719625e-06,-1.1842118819634117e-14,-8.168573985083659e-19,2.784147289876563e-07,8.595193898857256e-07,0.0014451972725328325,0.1843089211393124,0.02973629366286111,4.504939501621364e-06,2.4868995751603507e-14,9.996532125879707e-07,0.9940444764420995,44,8.182922763867728e-12
bias,0.8,0.15,1.4,0.6,4.3109872268413465,6.284713724912326e-06,0.00016317236779849509,True,0.01,0.05,60,0.1847659094482399,-0.18476590944823287,9.777206851667808e-06,-3.275907012999124e-05,5.291672517330251e-05,0.00017730040258952408,-0.00011856199318053734,0.0001117951854605995,0.028870751839408702,0.21753985347822016,0.21363666128764858,0.032773944029987304,2.7583664619848854e-05,5.718475552556664,2.8053430137121654e-14,-6.980336018427617e-15,7.301424005332069e-17,0.1908705812901852,-0.190840124964841,3.0456325344107287e-05,3.0456325612578402e-05,-2.6839810010463074e-13,6.989715880742486e-18,2.2106322833511586e-06,9.280299355817547e-06,0.0014447819790180743,0.1843089211393124,0.02973629366286111,4.505105926549808e-06,2.842170943040401e-14,1.5453970786846676e-06,0.981480615369658,44,8.062408813486188e-12
bias,1.6,0.15,1.8,0.2,4.3109872268413465,4.084401548013345e-05,0.00091691554375396,True,0.01,0.05,60,0.35166021842513023,-0.35166021842505074,4.302623167974565e-05,-0.00018906136121437902,0.00012235171744029983,0.0005376251031780372,-0.0002652546038291881,0.0004250833034585957,0.025078981206830376,0.38634891697982104,0.37673919963196073,0.03468869855477026,0.00022632974415738225,5.302241534338741,1.8880015853745108e-13,-7.962745426944419e-14,-6.44287140999511e-17,0.3839085048318061,-0.3837240967608749,0.00018440807093129456,0.00018440807252545399,-1.5942238577437012e-12,-9.744267025213471e-18,9.829854362311844e-06,6.31877104049951e-05,0.0014410194670569634,0.1843089211393124,0.02973629366286111,4.506203142768786e-06,3.1974615855676437e-14,6.6932712641065685e-06,0.8674833027999048,44,7.627422673496531e-12
dilute_drain,-3.0,0.15,1.4,-3.0,4.3109872268413465,0.00016599703261033273,0.0023475743435377758,True,0.01,0.05,60,0.28412114612040973,-0.2841211461202762,6.509484917511157e-06,-0.0002403164320870574,2.291094839787974e-05,0.0008458238162439514,-0.0002598695763011811,0.0008458222964618226,0.02796257976555171,0.28412165726907407,0.3120837258859614,5.111487977974364e-07,0.0007034104168290996,3.5896638177746096,3.926062906502893e-13,-1.334350939538706e-13,5.732718987017105e-17,0.23334513661573805,-0.2331449793306152,0.00020015728512279103,0.00020015728682046588,-1.6976175239852287e-12,-7.304812137121086e-18,1.4247919096818185e-05,0.00010265555448794763,0.0014458293650176158,0.1843089211393124,0.02973629366286111,4.504943258851053e-06,3.730365883879903e-14,2.2928817989032893e-07,0.7530786194625806,44,8.221217109860568e-12
