Gamma1_over_abs_Omega,alignment_fraction,required_turns
1e-05,0.1,1676.8646873654093
1.0525002852777327e-05,0.1,1593.2201737341286
1.1077568505097088e-05,0.1,1513.747973297424
1.165914401179831e-05,0.1,1438.2399648452144
1.2271252398511891e-05,0.1,1366.4984085640347
1.2915496650148827e-05,0.1,1298.3354281974798
1.359356390878527e-05,0.1,1233.5725190372502
1.4307229891937588e-05,0.1,1172.0400804563549
1.5058363542798415e-05,0.1,1113.576971760229
1.584893192461114e-05,0.1,1058.0300901926878
1.6681005372000593e-05,0.1,1005.2539699915576
1.7556762912750012e-05,0.1,955.110401444017
1.8478497974222908e-05,0.1,907.4680689440225
1.9448624389373617e-05,0.1,862.2022071039731
2.04696827180752e-05,0.1,819.1942740200362
2.1544346900318823e-05,0.1,778.3316408354873
2.2675431258707997e-05,0.1,739.507296789095
2.3865897868585833e-05,0.1,702.619568976129
2.5118864315095822e-05,0.1,667.5718560881173
2.643761185749101e-05,0.1,634.2723754340449
2.782559402207126e-05,0.1,602.6339225805281
2.9286445646252374e-05,0.1,572.5736429814892
3.082399239745143e-05,0.1,544.0128149992844
3.24422607917163e-05,0.1,516.8766437490616
3.414548873833601e-05,0.1,491.0940652264704
3.5938136638046256e-05,0.1,466.59756020577333
3.7824899063893825e-05,0.1,443.32297742099706
3.9810717055349695e-05,0.1,421.20936556707295
4.190079105786665e-05,0.1,400.19881368100977
4.410059454176741e-05,0.1,380.23629948509216
4.641588833612782e-05,0.1,361.2695452949505
4.885273571519392e-05,0.1,343.2488811151429
5.141751827683928e-05,0.1,326.1271145637426
5.411695265464637e-05,0.1,309.85940728527646
5.6958108107376864e-05,0.1,294.40315752837165
5.994842503189409e-05,0.1,279.71788858060484
6.309573444801929e-05,0.1,265.7651427683872
6.640827850634837e-05,0.1,252.50838074429345
6.98947320727348e-05,0.1,239.9128857980896
7.356422544596421e-05,0.1,227.94567294086877
7.742636826811278e-05,0.1,216.57540252420804
8.149127469020749e-05,0.1,205.7722981681267
8.576958985908945e-05,0.1,195.50806878292462
9.027251779484578e-05,0.1,185.75583448068534
9.501185073181438e-05,0.1,176.49005618242495
0.0001,0.1,167.68646873654095
0.00010525002852777327,0.1,159.3220173734129
0.00011077568505097087,0.1,151.37479732974245
0.00011659144011798311,0.1,143.82399648452144
0.00012271252398511905,0.1,136.64984085640333
0.0001291549665014884,0.1,129.83354281974783
0.00013593563908785255,0.1,123.35725190372514
0.00014307229891937588,0.1,117.20400804563548
0.00015058363542798416,0.1,111.3576971760229
0.00015848931924611142,0.1,105.80300901926879
0.0001668100537200059,0.1,100.52539699915576
0.00017556762912750013,0.1,95.5110401444017
0.00018478497974222906,0.1,90.74680689440225
0.00019448624389373616,0.1,86.22022071039731
0.000204696827180752,0.1,81.91942740200362
0.00021544346900318845,0.1,77.83316408354865
0.0002267543125870802,0.1,73.95072967890941
0.0002386589786858581,0.1,70.26195689761298
0.0002511886431509582,0.1,66.75718560881172
0.0002643761185749101,0.1,63.42723754340448
0.0002782559402207126,0.1,60.263392258052804
0.00029286445646252375,0.1,57.257364298148914
0.00030823992397451433,0.1,54.40128149992844
0.000324422607917163,0.1,51.687664374906156
0.0003414548873833601,0.1,49.10940652264704
0.00035938136638046257,0.1,46.659756020577326
0.00037824899063893864,0.1,44.332297742099655
0.00039810717055349735,0.1,42.12093655670725
0.00041900791057866693,0.1,40.01988136810093
0.0004410059454176741,0.1,38.02362994850922
0.0004641588833612782,0.1,36.12695452949505
0.0004885273571519392,0.1,34.32488811151429
0.0005141751827683928,0.1,32.612711456374264
0.0005411695265464637,0.1,30.985940728527645
0.0005695810810737687,0.1,29.440315752837165
0.0005994842503189409,0.1,27.97178885806049
0.000630957344480193,0.1,26.57651427683872
0.0006640827850634838,0.1,25.250838074429343
0.0006989473207273487,0.1,23.991288579808938
0.0007356422544596414,0.1,22.7945672940869
0.0007742636826811277,0.1,21.657540252420805
0.0008149127469020749,0.1,20.57722981681267
0.0008576958985908946,0.1,19.55080687829246
0.0009027251779484579,0.1,18.57558344806853
0.0009501185073181439,0.1,17.649005618242494
0.001,0.1,16.76864687365409
0.0010525002852777327,0.1,15.932201737341288
0.0011077568505097099,0.1,15.137479732974228
0.0011659144011798323,0.1,14.382399648452129
0.0012271252398511905,0.1,13.664984085640333
0.001291549665014884,0.1,12.983354281974785
0.0013593563908785254,0.1,12.335725190372514
0.0014307229891937572,0.1,11.72040080456356
0.0015058363542798416,0.1,11.13576971760229
0.001584893192461114,0.1,10.580300901926877
0.0016681005372000592,0.1,10.052539699915576
0.0017556762912750014,0.1,9.55110401444017
0.0018478497974222907,0.1,9.074680689440227
0.0019448624389373636,0.1,8.622022071039723
0.002046968271807522,0.1,8.191942740200354
0.0021544346900318843,0.1,7.783316408354866
0.002267543125870802,0.1,7.3950729678909415
0.002386589786858581,0.1,7.0261956897612965
0.0025118864315095794,0.1,6.675718560881181
0.002643761185749101,0.1,6.342723754340448
0.0027825594022071257,0.1,6.026339225805281
0.0029286445646252374,0.1,5.725736429814892
0.0030823992397451434,0.1,5.4401281499928436
0.00324422607917163,0.1,5.168766437490616
0.003414548873833601,0.1,4.910940652264704
0.0035938136638046293,0.1,4.6659756020577285
0.0037824899063893863,0.1,4.433229774209966
0.003981071705534973,0.1,4.212093655670725
0.0041900791057866696,0.1,4.001988136810093
0.004410059454176736,0.1,3.8023629948509257
0.004641588833612782,0.1,3.6126954529495046
0.004885273571519392,0.1,3.4324888111514293
0.005141751827683927,0.1,3.261271145637427
0.0054116952654646375,0.1,3.0985940728527646
0.005695810810737686,0.1,2.9440315752837165
0.005994842503189409,0.1,2.7971788858060487
0.006309573444801936,0.1,2.657651427683869
0.006640827850634845,0.1,2.525083807442932
0.006989473207273486,0.1,2.399128857980894
0.007356422544596414,0.1,2.27945672940869
0.007742636826811269,0.1,2.165754025242083
0.008149127469020748,0.1,2.0577229816812674
0.008576958985908946,0.1,1.9550806878292462
0.009027251779484578,0.1,1.8575583448068536
0.009501185073181439,0.1,1.7649005618242495
0.01,0.1,1.6768646873654094
0.010525002852777327,0.1,1.593220173734129
0.011077568505097099,0.1,1.5137479732974228
0.011659144011798322,0.1,1.4382399648452129
0.012271252398511904,0.1,1.3664984085640335
0.01291549665014884,0.1,1.2983354281974786
0.013593563908785255,0.1,1.2335725190372515
0.014307229891937587,0.1,1.1720400804563549
0.015058363542798416,0.1,1.113576971760229
0.01584893192461114,0.1,1.0580300901926878
0.016681005372000592,0.1,1.0052539699915577
0.017556762912750015,0.1,0.9551104014440169
0.018478497974222907,0.1,0.9074680689440227
0.019448624389373635,0.1,0.8622022071039723
0.02046968271807522,0.1,0.8191942740200354
0.021544346900318846,0.1,0.7783316408354866
0.02267543125870802,0.1,0.7395072967890942
0.023865897868585808,0.1,0.7026195689761298
0.025118864315095794,0.1,0.667571856088118
0.026437611857491012,0.1,0.6342723754340448
0.02782559402207126,0.1,0.6026339225805281
0.029286445646252372,0.1,0.5725736429814892
0.030823992397451434,0.1,0.5440128149992843
0.0324422607917163,0.1,0.5168766437490616
0.03414548873833604,0.1,0.49109406522647
0.03593813663804629,0.1,0.4665975602057728
0.037824899063893865,0.1,0.4433229774209966
0.039810717055349734,0.1,0.4212093655670725
0.04190079105786669,0.1,0.4001988136810094
0.04410059454176737,0.1,0.3802362994850926
0.04641588833612782,0.1,0.3612695452949505
0.04885273571519392,0.1,0.3432488811151429
0.051417518276839276,0.1,0.32612711456374266
0.054116952654646375,0.1,0.3098594072852765
0.056958108107376865,0.1,0.29440315752837165
0.05994842503189415,0.1,0.2797178885806046
0.06309573444801936,0.1,0.2657651427683869
0.06640827850634845,0.1,0.25250838074429316
0.06989473207273486,0.1,0.23991288579808936
0.07356422544596414,0.1,0.227945672940869
0.0774263682681127,0.1,0.2165754025242083
0.08149127469020749,0.1,0.20577229816812673
0.08576958985908946,0.1,0.19550806878292462
0.09027251779484578,0.1,0.18575583448068533
0.0950118507318144,0.1,0.17649005618242494
0.1,0.1,0.16768646873654094
1e-05,0.5,11031.780007632578
1.0525002852777327e-05,0.5,10481.498353914008
1.1077568505097088e-05,0.5,9958.665570478359
1.165914401179831e-05,0.5,9461.912466703492
1.2271252398511891e-05,0.5,8989.938149239259
1.2915496650148827e-05,0.5,8541.50661523764
1.359356390878527e-05,0.5,8115.443515517622
1.4307229891937588e-05,0.5,7710.633079188313
1.5058363542798415e-05,0.5,7326.015191676303
1.584893192461114e-05,0.5,6960.582618505536
1.6681005372000593e-05,0.5,6613.378367559097
1.7556762912750012e-05,0.5,6283.493182915353
1.8478497974222908e-05,0.5,5970.063163695267
1.9448624389373617e-05,0.5,5672.267501685183
2.04696827180752e-05,0.5,5389.326331810344
2.1544346900318823e-05,0.5,5120.498689830011
2.2675431258707997e-05,0.5,4865.080571905803
2.3865897868585833e-05,0.5,4622.403090961633
2.5118864315095822e-05,0.5,4391.83072500724
2.643761185749101e-05,0.5,4172.759652837842
2.782559402207126e-05,0.5,3964.6161727516665
2.9286445646252374e-05,0.5,3766.855200144186
3.082399239745143e-05,0.5,3578.9588400445823
3.24422607917163e-05,0.5,3400.435030856234
3.414548873833601e-05,0.5,3230.816255749451
3.5938136638046256e-05,0.5,3069.6583183318635
3.7824899063893825e-05,0.5,2916.5391793901936
3.9810717055349695e-05,0.5,2771.0578516570954
4.190079105786665e-05,0.5,2632.8333497086624
4.410059454176741e-05,0.5,2501.5036922426175
4.641588833612782e-05,0.5,2376.7249541243814
4.885273571519392e-05,0.5,2258.170365718441
5.141751827683928e-05,0.5,2145.5294571464724
5.411695265464637e-05,0.5,2038.5072452311138
5.6958108107376864e-05,0.5,1936.8234609962074
5.994842503189409e-05,0.5,1840.2118157004777
6.309573444801929e-05,0.5,1748.4193034825496
6.640827850634837e-05,0.5,1661.2055387910686
6.98947320727348e-05,0.5,1578.342126864803
7.356422544596421e-05,0.5,1499.6120656141281
7.742636826811278e-05,0.5,1424.8091773375738
8.149127469020749e-05,0.5,1353.737568785168
8.576958985908945e-05,0.5,1286.2111181546572
9.027251779484578e-05,0.5,1222.0529876771038
9.501185073181438e-05,0.5,1161.0951605154478
0.0001,0.5,1103.178000763258
0.00010525002852777327,0.5,1048.149835391401
0.00011077568505097087,0.5,995.8665570478361
0.00011659144011798311,0.5,946.1912466703492
0.00012271252398511905,0.5,898.9938149239248
0.0001291549665014884,0.5,854.1506615237631
0.00013593563908785255,0.5,811.544351551763
0.00014307229891937588,0.5,771.0633079188312
0.00015058363542798416,0.5,732.6015191676303
0.00015848931924611142,0.5,696.0582618505537
0.0001668100537200059,0.5,661.3378367559096
0.00017556762912750013,0.5,628.3493182915353
0.00018478497974222906,0.5,597.0063163695268
0.00019448624389373616,0.5,567.2267501685183
0.000204696827180752,0.5,538.9326331810344
0.00021544346900318845,0.5,512.0498689830006
0.0002267543125870802,0.5,486.5080571905797
0.0002386589786858581,0.5,462.24030909616374
0.0002511886431509582,0.5,439.18307250072405
0.0002643761185749101,0.5,417.27596528378416
0.0002782559402207126,0.5,396.46161727516665
0.00029286445646252375,0.5,376.68552001441856
0.00030823992397451433,0.5,357.8958840044582
0.000324422607917163,0.5,340.04350308562334
0.0003414548873833601,0.5,323.0816255749451
0.00035938136638046257,0.5,306.9658318331863
0.00037824899063893864,0.5,291.65391793901904
0.00039810717055349735,0.5,277.1057851657092
0.00041900791057866693,0.5,263.2833349708659
0.0004410059454176741,0.5,250.15036922426177
0.0004641588833612782,0.5,237.6724954124381
0.0004885273571519392,0.5,225.81703657184408
0.0005141751827683928,0.5,214.55294571464722
0.0005411695265464637,0.5,203.85072452311138
0.0005695810810737687,0.5,193.68234609962073
0.0005994842503189409,0.5,184.0211815700478
0.000630957344480193,0.5,174.84193034825492
0.0006640827850634838,0.5,166.12055387910686
0.0006989473207273487,0.5,157.83421268648013
0.0007356422544596414,0.5,149.96120656141295
0.0007742636826811277,0.5,142.4809177337574
0.0008149127469020749,0.5,135.37375687851682
0.0008576958985908946,0.5,128.62111181546572
0.0009027251779484579,0.5,122.20529876771036
0.0009501185073181439,0.5,116.10951605154479
0.001,0.5,110.3178000763258
0.0010525002852777327,0.5,104.81498353914009
0.0011077568505097099,0.5,99.58665570478351
0.0011659144011798323,0.5,94.61912466703481
0.0012271252398511905,0.5,89.89938149239248
0.001291549665014884,0.5,85.41506615237631
0.0013593563908785254,0.5,81.1544351551763
0.0014307229891937572,0.5,77.10633079188321
0.0015058363542798416,0.5,73.26015191676304
0.001584893192461114,0.5,69.60582618505536
0.0016681005372000592,0.5,66.13378367559096
0.0017556762912750014,0.5,62.834931829153525
0.0018478497974222907,0.5,59.70063163695268
0.0019448624389373636,0.5,56.72267501685177
0.002046968271807522,0.5,53.89326331810338
0.0021544346900318843,0.5,51.204986898300064
0.002267543125870802,0.5,48.65080571905797
0.002386589786858581,0.5,46.22403090961637
0.0025118864315095794,0.5,43.91830725007246
0.002643761185749101,0.5,41.72759652837841
0.0027825594022071257,0.5,39.64616172751666
0.0029286445646252374,0.5,37.66855200144185
0.0030823992397451434,0.5,35.78958840044582
0.00324422607917163,0.5,34.00435030856234
0.003414548873833601,0.5,32.30816255749451
0.0035938136638046293,0.5,30.696583183318605
0.0037824899063893863,0.5,29.165391793901907
0.003981071705534973,0.5,27.710578516570923
0.0041900791057866696,0.5,26.32833349708659
0.004410059454176736,0.5,25.0150369224262
0.004641588833612782,0.5,23.76724954124381
0.004885273571519392,0.5,22.581703657184413
0.005141751827683927,0.5,21.455294571464727
0.0054116952654646375,0.5,20.38507245231114
0.005695810810737686,0.5,19.368234609962073
0.005994842503189409,0.5,18.40211815700478
0.006309573444801936,0.5,17.484193034825473
0.006640827850634845,0.5,16.61205538791067
0.006989473207273486,0.5,15.783421268648015
0.007356422544596414,0.5,14.996120656141297
0.007742636826811269,0.5,14.248091773375753
0.008149127469020748,0.5,13.537375687851684
0.008576958985908946,0.5,12.862111181546572
0.009027251779484578,0.5,12.220529876771039
0.009501185073181439,0.5,11.610951605154478
0.01,0.5,11.031780007632578
0.010525002852777327,0.5,10.48149835391401
0.011077568505097099,0.5,9.95866557047835
0.011659144011798322,0.5,9.461912466703481
0.012271252398511904,0.5,8.989938149239249
0.01291549665014884,0.5,8.541506615237632
0.013593563908785255,0.5,8.115443515517631
0.014307229891937587,0.5,7.710633079188313
0.015058363542798416,0.5,7.326015191676303
0.01584893192461114,0.5,6.960582618505536
0.016681005372000592,0.5,6.613378367559097
0.017556762912750015,0.5,6.283493182915352
0.018478497974222907,0.5,5.970063163695268
0.019448624389373635,0.5,5.672267501685178
0.02046968271807522,0.5,5.389326331810339
0.021544346900318846,0.5,5.120498689830006
0.02267543125870802,0.5,4.865080571905797
0.023865897868585808,0.5,4.622403090961638
0.025118864315095794,0.5,4.391830725007245
0.026437611857491012,0.5,4.172759652837842
0.02782559402207126,0.5,3.9646161727516662
0.029286445646252372,0.5,3.7668552001441857
0.030823992397451434,0.5,3.578958840044582
0.0324422607917163,0.5,3.400435030856234
0.03414548873833604,0.5,3.2308162557494486
0.03593813663804629,0.5,3.06965831833186
0.037824899063893865,0.5,2.9165391793901905
0.039810717055349734,0.5,2.7710578516570923
0.04190079105786669,0.5,2.6328333497086596
0.04410059454176737,0.5,2.50150369224262
0.04641588833612782,0.5,2.376724954124381
0.04885273571519392,0.5,2.2581703657184407
0.051417518276839276,0.5,2.1455294571464725
0.054116952654646375,0.5,2.038507245231114
0.056958108107376865,0.5,1.9368234609962074
0.05994842503189415,0.5,1.840211815700476
0.06309573444801936,0.5,1.7484193034825477
0.06640827850634845,0.5,1.661205538791067
0.06989473207273486,0.5,1.5783421268648015
0.07356422544596414,0.5,1.4996120656141296
0.0774263682681127,0.5,1.4248091773375753
0.08149127469020749,0.5,1.3537375687851683
0.08576958985908946,0.5,1.2862111181546572
0.09027251779484578,0.5,1.2220529876771038
0.0950118507318144,0.5,1.1610951605154478
0.1,0.5,1.103178000763258
1e-05,0.9,36646.779943971385
1.0525002852777327e-05,0.9,34818.78385838259
1.1077568505097088e-05,0.9,33081.97094615955
1.165914401179831e-05,0.9,31431.792854507315
1.2271252398511891e-05,0.9,29863.92810925759
1.2915496650148827e-05,0.9,28374.27079782418
1.359356390878527e-05,0.9,26958.919816669455
1.4307229891937588e-05,0.9,25614.168655123514
1.5058363542798415e-05,0.9,24336.49568880114
1.584893192461114e-05,0.9,23122.554957198183
1.6681005372000593e-05,0.9,21969.167401314888
1.7556762912750012e-05,0.9,20873.31253835973
1.8478497974222908e-05,0.9,19832.12055173144
1.9448624389373617e-05,0.9,18842.864775564558
2.04696827180752e-05,0.9,17902.954554157033
2.1544346900318823e-05,0.9,17009.928457580245
2.2675431258707997e-05,0.9,16161.447835704563
2.3865897868585833e-05,0.9,15355.290693759634
2.5118864315095822e-05,0.9,14589.345873391088
2.643761185749101e-05,0.9,13861.607523974464
2.782559402207126e-05,0.9,13170.16984970857
2.9286445646252374e-05,0.9,12513.22211873153
3.082399239745143e-05,0.9,11889.043921189585
3.24422607917163e-05,0.9,11296.0006638405
3.414548873833601e-05,0.9,10732.539289392897
3.5938136638046256e-05,0.9,10197.184209371313
3.7824899063893825e-05,0.9,9688.533439856019
3.9810717055349695e-05,0.9,9205.254929977922
4.190079105786665e-05,0.9,8746.08307355361
4.410059454176741e-05,0.9,8309.815394725221
4.641588833612782e-05,0.9,7895.30939892566
4.885273571519392e-05,0.9,7501.4795809221605
5.141751827683928e-05,0.9,7127.294582103298
5.411695265464637e-05,0.9,6771.77448956468
5.6958108107376864e-05,0.9,6433.98826992028
5.994842503189409e-05,0.9,6113.0513311191025
6.309573444801929e-05,0.9,5808.123205882075
6.640827850634837e-05,0.9,5518.40535069255
6.98947320727348e-05,0.9,5243.139054576463
7.356422544596421e-05,0.9,4981.6034521956435
7.742636826811278e-05,0.9,4733.113636051037
8.149127469020749e-05,0.9,4497.018862851964
8.576958985908945e-05,0.9,4272.700849354445
9.027251779484578e-05,0.9,4059.572153205611
9.501185073181438e-05,0.9,3857.0746345540183
0.0001,0.9,3664.677994397139
0.00010525002852777327,0.9,3481.8783858382594
0.00011077568505097087,0.9,3308.197094615955
0.00011659144011798311,0.9,3143.1792854507316
0.00012271252398511905,0.9,2986.392810925756
0.0001291549665014884,0.9,2837.427079782415
0.00013593563908785255,0.9,2695.8919816669486
0.00014307229891937588,0.9,2561.4168655123513
0.00015058363542798416,0.9,2433.6495688801137
0.00015848931924611142,0.9,2312.2554957198186
0.0001668100537200059,0.9,2196.9167401314885
0.00017556762912750013,0.9,2087.331253835973
0.00018478497974222906,0.9,1983.212055173144
0.00019448624389373616,0.9,1884.286477556456
0.000204696827180752,0.9,1790.2954554157034
0.00021544346900318845,0.9,1700.992845758023
0.0002267543125870802,0.9,1616.1447835704544
0.0002386589786858581,0.9,1535.529069375965
0.0002511886431509582,0.9,1458.9345873391087
0.0002643761185749101,0.9,1386.1607523974465
0.0002782559402207126,0.9,1317.016984970857
0.00029286445646252375,0.9,1251.322211873153
0.00030823992397451433,0.9,1188.9043921189584
0.000324422607917163,0.9,1129.6000663840498
0.0003414548873833601,0.9,1073.2539289392898
0.00035938136638046257,0.9,1019.7184209371312
0.00037824899063893864,0.9,968.8533439856008
0.00039810717055349735,0.9,920.5254929977913
0.00041900791057866693,0.9,874.6083073553599
0.0004410059454176741,0.9,830.9815394725222
0.0004641588833612782,0.9,789.530939892566
0.0004885273571519392,0.9,750.147958092216
0.0005141751827683928,0.9,712.7294582103298
0.0005411695265464637,0.9,677.177448956468
0.0005695810810737687,0.9,643.3988269920279
0.0005994842503189409,0.9,611.3051331119103
0.000630957344480193,0.9,580.8123205882075
0.0006640827850634838,0.9,551.840535069255
0.0006989473207273487,0.9,524.3139054576458
0.0007356422544596414,0.9,498.1603452195649
0.0007742636826811277,0.9,473.31136360510374
0.0008149127469020749,0.9,449.7018862851964
0.0008576958985908946,0.9,427.2700849354445
0.0009027251779484579,0.9,405.95721532056103
0.0009501185073181439,0.9,385.70746345540186
0.001,0.9,366.4677994397139
0.0010525002852777327,0.9,348.1878385838259
0.0011077568505097099,0.9,330.81970946159515
0.0011659144011798323,0.9,314.31792854507285
0.0012271252398511905,0.9,298.6392810925756
0.001291549665014884,0.9,283.7427079782415
0.0013593563908785254,0.9,269.5891981666948
0.0014307229891937572,0.9,256.1416865512354
0.0015058363542798416,0.9,243.36495688801142
0.001584893192461114,0.9,231.22554957198187
0.0016681005372000592,0.9,219.69167401314888
0.0017556762912750014,0.9,208.73312538359727
0.0018478497974222907,0.9,198.32120551731444
0.0019448624389373636,0.9,188.42864775564541
0.002046968271807522,0.9,179.02954554157014
0.0021544346900318843,0.9,170.0992845758023
0.002267543125870802,0.9,161.61447835704544
0.002386589786858581,0.9,153.55290693759648
0.0025118864315095794,0.9,145.89345873391105
0.002643761185749101,0.9,138.61607523974465
0.0027825594022071257,0.9,131.70169849708572
0.0029286445646252374,0.9,125.1322211873153
0.0030823992397451434,0.9,118.89043921189584
0.00324422607917163,0.9,112.96000663840499
0.003414548873833601,0.9,107.32539289392896
0.0035938136638046293,0.9,101.97184209371302
0.0037824899063893863,0.9,96.88533439856009
0.003981071705534973,0.9,92.05254929977913
0.0041900791057866696,0.9,87.46083073553599
0.004410059454176736,0.9,83.09815394725231
0.004641588833612782,0.9,78.9530939892566
0.004885273571519392,0.9,75.01479580922161
0.005141751827683927,0.9,71.27294582103299
0.0054116952654646375,0.9,67.7177448956468
0.005695810810737686,0.9,64.33988269920279
0.005994842503189409,0.9,61.13051331119104
0.006309573444801936,0.9,58.08123205882069
0.006640827850634845,0.9,55.18405350692544
0.006989473207273486,0.9,52.43139054576458
0.007356422544596414,0.9,49.81603452195649
0.007742636826811269,0.9,47.33113636051042
0.008149127469020748,0.9,44.970188628519644
0.008576958985908946,0.9,42.72700849354445
0.009027251779484578,0.9,40.59572153205611
0.009501185073181439,0.9,38.57074634554018
0.01,0.9,36.64677994397139
0.010525002852777327,0.9,34.818783858382595
0.011077568505097099,0.9,33.081970946159515
0.011659144011798322,0.9,31.431792854507286
0.012271252398511904,0.9,29.86392810925756
0.01291549665014884,0.9,28.374270797824153
0.013593563908785255,0.9,26.958919816669486
0.014307229891937587,0.9,25.614168655123514
0.015058363542798416,0.9,24.33649568880114
0.01584893192461114,0.9,23.122554957198187
0.016681005372000592,0.9,21.969167401314888
0.017556762912750015,0.9,20.873312538359727
0.018478497974222907,0.9,19.832120551731443
0.019448624389373635,0.9,18.842864775564543
0.02046968271807522,0.9,17.902954554157017
0.021544346900318846,0.9,17.00992845758023
0.02267543125870802,0.9,16.161447835704546
0.023865897868585808,0.9,15.355290693759649
0.025118864315095794,0.9,14.589345873391103
0.026437611857491012,0.9,13.861607523974463
0.02782559402207126,0.9,13.17016984970857
0.029286445646252372,0.9,12.51322211873153
0.030823992397451434,0.9,11.889043921189584
0.0324422607917163,0.9,11.2960006638405
0.03414548873833604,0.9,10.732539289392887
0.03593813663804629,0.9,10.197184209371303
0.037824899063893865,0.9,9.688533439856007
0.039810717055349734,0.9,9.205254929977913
0.04190079105786669,0.9,8.746083073553601
0.04410059454176737,0.9,8.30981539472523
0.04641588833612782,0.9,7.89530939892566
0.04885273571519392,0.9,7.50147958092216
0.051417518276839276,0.9,7.127294582103299
0.054116952654646375,0.9,6.771774489564681
0.056958108107376865,0.9,6.433988269920279
0.05994842503189415,0.9,6.113051331119097
0.06309573444801936,0.9,5.80812320588207
0.06640827850634845,0.9,5.518405350692544
0.06989473207273486,0.9,5.243139054576458
0.07356422544596414,0.9,4.981603452195649
0.0774263682681127,0.9,4.733113636051042
0.08149127469020749,0.9,4.497018862851965
0.08576958985908946,0.9,4.272700849354445
0.09027251779484578,0.9,4.059572153205611
0.0950118507318144,0.9,3.857074634554018
0.1,0.9,3.664677994397139
