contact_ratio,omega,common_abs,differential_abs,differential_over_common
1.0,0.001,0.25466991994629445,4.718448947878149e-15,1.8527704209720525e-14
1.0,0.0010907766915109554,0.2546699101570208,9.714454645624548e-16,3.814527848867167e-15
1.0,0.0011897937907435858,0.2546698985098402,1.88737973062064e-15,7.411082902472327e-15
1.0,0.0012977993346475663,0.2546698846520881,2.4980028930201984e-15,9.80878793907176e-15
1.0,0.0014156092644919916,0.2546698681642261,3.219648568419548e-15,1.2642440158422391e-14
1.0,0.0015441135899948314,0.25466984854703817,1.0824681670869001e-15,4.250476345208042e-15
1.0,0.001684283113011666,0.2546698252066783,7.771566319801174e-16,3.0516243192510646e-15
1.0,0.0018371767615786374,0.2546697974364548,7.216456628738667e-16,2.83365232209733e-15
1.0,0.0020039495897155573,0.25466976439561656,2.636782037900934e-15,1.0353730228472773e-14
1.0,0.002185861503424672,0.2546697250838783,2.8588283139978424e-15,1.1225630816761809e-14
1.0,0.0023842867788067264,0.2546696783109873,2.8865839871996693e-15,1.1334619835168387e-14
1.0,0.0026007244442001138,0.25466962266097143,4.440896474283911e-16,1.7437872754049858e-15
1.0,0.002836809604776268,0.2546695564489452,2.303717493453573e-15,9.045908453197509e-15
1.0,0.0030943257951443585,0.25466947767039244,6.1895081995878685e-15,2.430408330125324e-14
1.0,0.0033752184532845697,0.2546693839402282,3.719257120279343e-15,1.4604256949678202e-14
1.0,0.0036816096176004666,0.25466927242081905,1.5265616486455246e-15,5.994290689781423e-15
1.0,0.00401581395812115,0.25466913973588295,5.828700021176097e-16,2.2887343269078593e-15
1.0,0.0043803562629629025,0.25466898186844367,5.551329524200144e-17,2.1798216192138532e-16
1.0,0.004777990512153967,0.2546687940391527,7.216515813847935e-16,2.833686726744569e-15
1.0,0.0052117206829180385,0.25466857056154024,1.5265668703851381e-15,5.9943277139345536e-15
1.0,0.005684823443592555,0.2546683046700302,1.3877869800361537e-15,5.449390264070308e-15
1.0,0.006200872907625803,0.25466798831505943,4.996050667977548e-16,1.9617898193771978e-15
1.0,0.006763767634659991,0.2546676119194106,4.690750198946987e-15,1.8419107807204678e-14
1.0,0.007377760082683305,0.25466716408840656,4.440981565454471e-16,1.7438375227333216e-15
1.0,0.008047488733750887,0.25466663126489375,1.915167275797791e-15,7.520291395403556e-15
1.0,0.00877801313597249,0.25466599731917905,3.3307321084121334e-15,1.3078825377059055e-14
1.0,0.009574852126495767,0.2546652430606907,4.996083137162525e-16,1.961823716938035e-15
1.0,0.010444025524245693,0.2546643456572921,2.2205056054557165e-15,8.719342315959312e-15
1.0,0.011392099607392688,0.2546632779446958,1.6931417807747638e-15,6.6485509588958355e-15
1.0,0.012426236719115049,0.25466200760437696,2.331563227556227e-15,9.1555204857191e-15
1.0,0.013554249376408261,0.2546604961860958,2.4981219776682783e-15,9.809617176912863e-15
1.0,0.014784659290713032,0.25465869794509716,7.494482562923354e-16,2.9429517324160347e-15
1.0,0.01612676174624067,0.25465655845872925,1.1380632177521669e-15,4.469012008330452e-15
1.0,0.017590695822349834,0.2546540129814052,1.165832992178723e-15,4.578105715003407e-15
1.0,0.019187520990478334,0.2546509844877309,2.054106030458739e-15,8.066358096321068e-15
1.0,0.020929300664290964,0.2546473813455266,1.9431342716659035e-15,7.630686250919262e-15
1.0,0.02282919333423334,0.2546430945485586,3.4976639553000825e-15,1.3735553919107368e-14
1.0,0.024901551974978994,0.25463799442622376,5.829316201994545e-16,2.289256249889084e-15
1.0,0.027162032476755683,0.2546319267315088,2.6094444906951987e-15,1.0247907731722394e-14
1.0,0.029627711919708685,0.25462470799116055,8.329495649315952e-17,3.271283338930767e-16
1.0,0.032317217584819535,0.2546161199785562,4.886262547171458e-15,1.919070382339885e-14
1.0,0.035250867676009115,0.2546059031465175,2.304391975986766e-15,9.050819118913605e-15
1.0,0.0384508248165277,0.2545937488254311,1.1939328841206024e-15,4.68956087739316e-15
1.0,0.04194126347923942,0.2545792899572089,1.6664409591107026e-16,6.545862231726732e-16
1.0,0.04574855261567403,0.2545620900946792,6.386764724036776e-16,2.5089221736281896e-15
1.0,0.049901454863539786,0.2545416303462535,1.999488362586388e-15,7.855250867476886e-15
1.0,0.0544313438376352,0.2545172938906771,1.2779626727101132e-15,5.0211231353852e-15
1.0,0.05937244114571094,0.254488347619264,1.3889589751170594e-15,5.457849006096967e-15
1.0,0.06476207491984753,0.2544539203891017,3.6956470924941594e-15,1.4523836326997478e-14
1.0,0.0706409618164559,0.25441297728211604,3.6128193390502273e-16,1.42006094879508e-15
1.0,0.07705351461530549,0.2543642891675412,3.697405198573183e-15,1.453586590583801e-14
1.0,0.08404817774137396,0.2543063967535808,8.326672684688674e-17,3.274267887471623e-16
1.0,0.0916777932442606,0.25423756819134474,4.176362530409772e-16,1.6427007857731514e-15
1.0,0.1,0.25415574916066247,4.480156710253143e-15,1.7627603251347454e-14
1.0,0.10907766915109553,0.25405850422586485,2.199137488338627e-15,8.656027850906084e-15
1.0,0.11897937907435857,0.25394294810632445,1.7276034367923964e-15,6.803116407347759e-15
1.0,0.12977993346475664,0.25380566536875937,2.1463093605167876e-15,8.456506900263125e-15
1.0,0.14156092644919915,0.25364261693353984,1.1989687850618903e-15,4.727000531523641e-15
1.0,0.15441135899948313,0.2534490317100502,1.4187662663167856e-16,5.597836601482373e-16
1.0,0.1684283113011666,0.25321928167645924,1.5963914726819494e-15,6.3043835450164275e-15
1.0,0.18371767615786375,0.25294673883142316,6.431333757060054e-16,2.542564409714026e-15
1.0,0.20039495897155574,0.25262361273641826,8.156373894323144e-16,3.228666475779254e-15
1.0,0.2185861503424672,0.25224076791753086,9.30335936138004e-16,3.688285378365854e-15
1.0,0.23842867788067262,0.2517875213130149,2.6448224688197527e-15,1.0504184063720082e-14
1.0,0.2600724444200114,0.25125142137641243,2.314981816667365e-15,9.213805852262914e-15
1.0,0.2836809604776268,0.2506180125446878,1.8071123268772218e-16,7.210624282462518e-16
1.0,0.30943257951443587,0.24987059175393392,6.225796642760536e-16,2.4916083957937473e-15
1.0,0.33752184532845697,0.24898996774226462,1.2757001226805673e-15,5.1235000921847366e-15
1.0,0.36816096176004665,0.24795423921371432,1.8252885382474828e-15,7.361392747450659e-15
1.0,0.40158139581211505,0.2467386146712161,1.7161948210944466e-15,6.955517778930991e-15
1.0,0.4380356262962902,0.24531530481779965,3.2548146491536257e-15,1.326788253823396e-14
1.0,0.4777990512153967,0.24365352753740252,9.062365455747892e-16,3.719365587414595e-15
1.0,0.5211720682918038,0.24171967479237508,3.1031676915590914e-17,1.28378779850029e-16
1.0,0.5684823443592555,0.23947769883211362,1.433196578958238e-15,5.984676593886028e-15
1.0,0.6200872907625803,0.2368897795608357,2.7340034483171215e-15,1.1541246960445591e-14
1.0,0.6763767634659991,0.23391733251307056,2.083344395658021e-15,8.90632760418303e-15
1.0,0.7377760082683305,0.23052240367465332,1.5165095103036473e-15,6.5785775531126504e-15
1.0,0.8047488733750887,0.2266694693512382,2.048384515927281e-15,9.036878772381931e-15
1.0,0.877801313597248,0.22232761362492884,1.5515838457795457e-17,6.978817522852105e-17
1.0,0.9574852126495768,0.2174729928971383,1.7600323493620905e-15,8.093107681626296e-15
1.0,1.0444025524245688,0.21209142196684627,1.8054463245622665e-16,8.512585317309488e-16
1.0,1.1392099607392683,0.2061808409845076,2.7755575615628914e-16,1.3461762733674395e-15
1.0,1.2426236719115042,0.19975336563837548,7.526381234649861e-16,3.767837007700428e-15
1.0,1.3554249376408254,0.19283660517053086,1.7565683487706336e-15,9.109102222668e-15
1.0,1.4784659290713025,0.18547397191404144,5.694967977388552e-16,3.0704944303602364e-15
1.0,1.612676174624066,0.17772380819184608,1.1364755910069913e-15,6.394616470181694e-15
1.0,1.7590695822349824,0.1696573103029608,1.3655524597774819e-15,8.048886648851057e-15
1.0,1.9187520990478324,0.16135540564035694,2.3448533852313922e-15,1.4532227017282625e-14
1.0,2.0929300664290955,0.15290489758926912,5.2845041577819695e-17,3.456072526844187e-16
1.0,2.2829193334233326,0.14439429559099248,9.074842391027969e-16,6.284765166023684e-15
1.0,2.490155197497898,0.13590977163933127,3.64275408404521e-16,2.6802738611849923e-15
1.0,2.716203247675567,0.12753162910610527,6.078170050122664e-16,4.766009885332585e-15
1.0,2.962771191970867,0.11933155578728842,9.612622306792974e-16,8.055390079659835e-15
1.0,3.2317217584819518,0.11137079296730673,3.048151525026419e-15,2.7369397701255604e-14
1.0,3.52508676760091,0.10369921881729756,7.609091204154493e-17,7.337655279313693e-16
1.0,3.845082481652768,0.09635524118504488,2.545732559178801e-16,2.642028111672579e-15
1.0,4.194126347923945,0.08936633240913124,1.0718289097738435e-15,1.1993654443228858e-14
1.0,4.574855261567405,0.08275001603719606,1.0131988047133417e-15,1.2244091943836119e-14
1.0,4.990145486353981,0.07651512352831574,9.350545736847307e-16,1.2220519690315832e-14
1.0,5.443134383763522,0.07066316662163938,4.454424009010536e-16,6.303742419104165e-15
1.0,5.937244114571097,0.06518970727282014,5.306439436491915e-16,8.139995803761423e-15
1.0,6.476207491984753,0.060085643792802616,4.3879332261945624e-16,7.30279805493267e-15
1.0,7.06409618164559,0.05533836410577812,8.001363846034703e-16,1.4458981531763862e-14
1.0,7.705351461530549,0.05093274261498381,8.311136028739829e-16,1.631786470162475e-14
1.0,8.404817774137397,0.04685197567429628,6.169497156067243e-16,1.3168061895524132e-14
1.0,9.16777932442606,0.04307826286850705,6.899888521112736e-17,1.6017100183853961e-15
1.0,10.0,0.03959334845255861,6.338420601748027e-17,1.6008801602983453e-15
1.0,10.907766915109542,0.03637894071719203,2.4675183815420627e-16,6.782820865303419e-15
1.0,11.897937907435857,0.03341702792091872,7.024157550069169e-17,2.1019695607556165e-15
1.0,12.97799334647565,0.030690108708322134,1.0564736570701445e-16,3.442391381245463e-15
1.0,14.156092644919916,0.028181353329428106,1.573305493627327e-16,5.58278899964828e-15
1.0,15.441135899948298,0.025874709974163388,1.2228743170577608e-16,4.726137291118758e-15
1.0,16.84283113011666,0.023754968454952622,1.496198998029996e-17,6.298467627381996e-16
1.0,18.371767615786357,0.021807791492641802,3.252606517456513e-17,1.4914882685640036e-15
1.0,20.03949589715557,0.02001972207436737,1.4687770504547786e-16,7.336650553882338e-15
1.0,21.858615034246696,0.01837817377908784,2.6536166564079733e-17,1.4438957256065731e-15
1.0,23.842867788067263,0.016871409587385852,5.665306501404115e-17,3.357933118783307e-15
1.0,26.007244442001113,0.015488513465431834,9.541595121948226e-17,6.160433112734616e-15
1.0,28.368096047762684,0.014219357895671492,7.489632195324384e-18,5.267208442375798e-16
1.0,30.943257951443556,0.01305456949383325,1.9702969556872905e-17,1.5092776185518979e-15
1.0,33.752184532845696,0.01198549391172929,2.7283630464760345e-17,2.276387662093753e-15
1.0,36.81609617600463,0.011004160425320635,2.5509874021939393e-17,2.3182026648067606e-15
1.0,40.1581395812115,0.010103246021922595,2.17992725795907e-17,2.1576503761552878e-15
1.0,43.80356262962898,0.009276038500998424,6.687306354003946e-17,7.209226603882853e-15
1.0,47.77990512153967,0.008516398120169999,8.205671885901233e-18,9.635143601926207e-16
1.0,52.11720682918033,0.007818717611539149,5.5294310796760726e-18,7.07204346594579e-16
1.0,56.84823443592555,0.007177880849765889,1.8174540230252396e-18,2.53202032893109e-16
1.0,62.008729076257964,0.006589220917501694,1.057948152309523e-17,1.6055739601923143e-15
1.0,67.63767634659992,0.006048478641172783,5.318827369963157e-18,8.793661489944274e-16
1.0,73.77760082683312,0.005551762774655412,1.4113127030468347e-17,2.5420983574616664e-15
1.0,80.47488733750887,0.005095512883478256,1.0762046369418424e-17,2.1120634204092378e-15
1.0,87.78013135972489,0.004676465688296746,5.232346232966946e-18,1.1188676624018302e-15
1.0,95.74852126495767,0.004291625256585001,7.03646374655869e-18,1.639580188359189e-15
1.0,104.44025524245698,0.003938237074389378,4.1335485540797344e-18,1.0495936318716006e-15
1.0,113.92099607392682,0.0036137657455997335,2.507217523872729e-18,6.93796361019144e-16
1.0,124.26236719115056,0.0033158758797305564,1.5552373766757192e-18,4.690276213843371e-16
1.0,135.54249376408254,0.0030424156383644587,4.398672025770766e-18,1.4457827426023236e-15
1.0,147.8465929071304,0.0027914023979160795,1.985572423776721e-18,7.113171591666789e-16
1.0,161.2676174624066,0.002561010030722141,1.5418940704659567e-18,6.020648306602615e-16
1.0,175.9069582234984,0.0023495573876531907,3.0527067419044984e-18,1.2992688571670235e-15
1.0,191.87520990478325,0.0021554976661722794,5.270496831496792e-18,2.4451415161381782e-15
1.0,209.29300664290977,0.0019774084525694376,2.5139937874507634e-18,1.2713578644736192e-15
1.0,228.29193334233327,0.0018139823220016539,4.58588362479686e-19,2.5280751466952163e-16
1.0,249.0155197497901,0.0016640179536867286,2.639805324985876e-18,1.586404352872055e-15
1.0,271.6203247675567,0.0015264117646925372,2.7062521062422586e-18,1.7729502411083516e-15
1.0,296.27711919708696,0.001400150084076098,1.4434554848808136e-18,1.0309291134552129e-15
1.0,323.17217584819514,0.001284301885387329,1.0585350103140995e-18,8.242104308636585e-16
1.0,352.5086767600913,0.0011780120790422207,3.4124811939055105e-19,2.896813415258033e-16
1.0,384.5082481652768,0.0010804953464098905,1.4358645091884201e-18,1.3288946722068705e-15
1.0,419.41263479239444,0.0009910304818351238,1.3664153726804318e-18,1.3787823863401207e-15
1.0,457.4855261567401,0.0009089552006137551,4.475869888803312e-19,4.924191957734621e-16
1.0,499.01454863539806,0.0008336613699430142,2.8830990870936397e-19,3.4583575430521834e-16
1.0,544.3134383763517,0.0007645906236367815,4.46302777173733e-19,5.837146878036382e-16
1.0,593.7244114571097,0.0007012303269378834,4.257334970037228e-19,6.071236235072805e-16
1.0,647.6207491984746,0.0006431098628432942,8.246091961906241e-19,1.2822213494672459e-15
1.0,706.409618164559,0.0005897972150152793,2.5843806693317075e-19,4.38181226282114e-16
1.0,770.5351461530541,0.0005408958246662822,1.4518648775803457e-19,2.684185773621207e-16
1.0,840.4817774137397,0.0004960417003430629,7.08405207924531e-19,1.428116239893939e-15
1.0,916.7779324426052,0.0004549007608296081,3.5931872429074666e-19,7.898837619780032e-16
1.0,1000.0,0.0004171663927039645,2.1388210893784307e-19,5.127021559707019e-16
0.3,0.001,0.18872720595314127,0.09551098979969837,0.506079604778405
0.3,0.0010907766915109554,0.1887271963878924,0.0955109849661034,0.5060796048164619
0.3,0.0011897937907435858,0.1887271850072482,0.09551097921513153,0.5060796048617127
0.3,0.0012977993346475663,0.18872717146662257,0.09551097237265954,0.5060796049155601
0.3,0.0014156092644919916,0.18872715535607593,0.09551096423153164,0.5060796049796271
0.3,0.0015441135899948314,0.18872713618782275,0.09551095454525775,0.5060796050558648
0.3,0.001684283113011666,0.1887271133815973,0.09551094302060963,0.5060796051465642
0.3,0.0018371767615786374,0.18872708624688864,0.09551092930865275,0.5060796052544755
0.3,0.0020039495897155573,0.18872705396218686,0.09551091299425384,0.5060796053828631
0.3,0.002185861503424672,0.18872701555009688,0.09551089358351178,0.5060796055356408
0.3,0.0023842867788067264,0.18872696984761414,0.0955108704887161,0.5060796057173781
0.3,0.0026007244442001138,0.18872691547116813,0.09551084301071973,0.5060796059336377
0.3,0.002836809604776268,0.18872685077444432,0.09551081031758384,0.506079606190923
0.3,0.0030943257951443585,0.18872677379880537,0.09551077141956164,0.5060796064970735
0.3,0.0033752184532845697,0.18872668221376424,0.09551072513897378,0.5060796068612707
0.3,0.0036816096176004666,0.1887265732466483,0.09551067007472691,0.5060796072946402
0.3,0.00401581395812115,0.1887264435984722,0.09551060455973619,0.50607960781024
0.3,0.0043803562629629025,0.18872628934422897,0.09551052661058501,0.5060796084236985
0.3,0.004777990512153967,0.18872610581400343,0.0955104338674303,0.5060796091535921
0.3,0.0052117206829180385,0.18872588745155303,0.09551032352254048,0.5060796100220141
0.3,0.005684823443592555,0.18872562764625264,0.09551019223537262,0.5060796110552455
0.3,0.006200872907625803,0.1887253185329287,0.09551003603143045,0.5060796122845909
0.3,0.006763767634659991,0.1887249507537902,0.09550985018194585,0.5060796137472443
0.3,0.007377760082683305,0.18872451317528305,0.09550962906081772,0.5060796154875258
0.3,0.008047488733750887,0.18872399255102346,0.09550936597425862,0.5060796175580945
0.3,0.00877801313597249,0.18872337312115756,0.09550905295835355,0.5060796200216185
0.3,0.009574852126495767,0.18872263613531828,0.09550868053800798,0.5060796229527347
0.3,0.010444025524245693,0.18872175928534365,0.09550823744025173,0.5060796264401347
0.3,0.011392099607392688,0.18872071603065263,0.0955077102533659,0.5060796305894327
0.3,0.012426236719115049,0.18871947479525653,0.09550708302108886,0.5060796355262506
0.3,0.013554249376408261,0.1887179980129958,0.0955063367601482,0.5060796414000285
0.3,0.014784659290713032,0.1887162409918509,0.0955054488863749,0.5060796483886038
0.3,0.01612676174624067,0.1887141505629604,0.0955043925320088,0.5060796567035699
0.3,0.017590695822349834,0.18871166347422424,0.09550313573393569,0.5060796665966558
0.3,0.019187520990478334,0.18870870447967517,0.09550164046819698,0.5060796783673693
0.3,0.020929300664290964,0.1887051840677865,0.09549986150204362,0.5060796923720879
0.3,0.02282919333423334,0.1887009957604209,0.09549774502900933,0.5060797090347919
0.3,0.024901551974978994,0.18869601290190302,0.09549522704635062,0.5060797288599601
0.3,0.027162032476755683,0.18869008484230476,0.0954922314263406,0.5060797524477609
0.3,0.029627711919708685,0.1886830324021832,0.0954886676244996,0.50607978051234
0.3,0.032317217584819535,0.18867464248355892,0.09548442795635642,0.5060798139033279
0.3,0.035250867676009115,0.18866466166938498,0.0954793843630937,0.5060798536315788
0.3,0.0384508248165277,0.18865278862338736,0.09547338457100264,0.5060799008998416
0.3,0.04194126347923942,0.1886386650688641,0.095466247532831,0.5060799571391172
0.3,0.04574855261567403,0.18862186508612996,0.095457758019508,0.506080024051927
0.3,0.049901454863539786,0.18860188242147288,0.09544766020706859,0.5060801036639153
0.3,0.0544313438376352,0.1885781154487814,0.09543565007741177,0.5060801983851222
0.3,0.05937244114571094,0.18854984936262412,0.0954213664200723,0.5060803110829083
0.3,0.06476207491984753,0.1885162351136312,0.0954043801878397,0.5060804451687314
0.3,0.0706409618164559,0.18847626451705538,0.09538418191865083,0.5060806047013916
0.3,0.07705351461530549,0.18842874087902456,0.0953601668925269,0.5060807945097412
0.3,0.08404817774137396,0.18837224438843156,0.09533161764362234,0.5060810203388804
0.3,0.0916777932442606,0.18830509141983112,0.09529768339548671,0.5060812890237686
0.3,0.1,0.188225286786616,0.0952573559342348,0.5060816086959907
0.3,0.10907766915109553,0.18813046787903423,0.09520944138129174,0.5060819890296043
0.3,0.11897937907435857,0.18801783952797793,0.09515252728015569,0.5060824415334086
0.3,0.12977993346475664,0.18788409836470663,0.0950849443759891,0.506082979898689
0.3,0.14156092644919915,0.1877253454212844,0.09500472245404323,0.5060836204127797
0.3,0.15441135899948313,0.1875369857592814,0.09490953962462428,0.5060843824505541
0.3,0.1684283113011666,0.18731361407244307,0.09479666452255164,0.5060852890590711
0.3,0.18371767615786375,0.18704888552857804,0.0946628910505692,0.5060863676523015
0.3,0.20039495897155574,0.18673537167451051,0.09450446557892991,0.506087650837015
0.3,0.2185861503424672,0.18636440211677938,0.09431700696281282,0.5060891773940392
0.3,0.23842867788067262,0.18592589402642415,0.09409542041481554,0.5060909934441005
0.3,0.2600724444200114,0.1854081734373521,0.09383380724119213,0.5060931538322813
0.3,0.2836809604776268,0.18479779496872756,0.09352537379616482,0.5060957237719838
0.3,0.30943257951443587,0.18407937015471665,0.09316234480491842,0.5060987807955692
0.3,0.33752184532845697,0.18323541912784488,0.09273588851315766,0.5061024170684766
0.3,0.36816096176004665,0.18224626600278251,0.09223606395246575,0.5061067421324149
0.3,0.40158139581211505,0.18109000480053206,0.09165180389343534,0.5061118861551107
0.3,0.4380356262962902,0.17974256969763694,0.09097095056913858,0.5061180037771239
0.3,0.4777990512153967,0.17817794990508037,0.09018036454684135,0.5061252786603648
0.3,0.5211720682918038,0.17636859411666572,0.08926612946790628,0.5061339288607006
0.3,0.5684823443592555,0.17428605007959838,0.08821387568299288,0.5061442131639601
0.3,0.6200872907625803,0.17190187867404833,0.08700924268902979,0.5061564385460402
0.3,0.6763767634659991,0.16918886590224222,0.08563849218724523,0.5061709689379168
0.3,0.7377760082683305,0.16612252779889428,0.08408926922302434,0.5061882354982082
0.3,0.8047488733750887,0.16268286156217723,0.08235148777275657,0.5062087486165953
0.3,0.877801313597248,0.15885624343438126,0.08041829045660727,0.5062331118878916
0.3,0.9574852126495768,0.15463731684113613,0.0782870032225125,0.5062620383082516
0.3,1.0444025524245688,0.15003066478425248,0.07595998081050363,0.5062963689438811
0.3,1.1392099607392683,0.14505203367893535,0.07344522525603472,0.50633709430508
0.3,1.2426236719115042,0.13972888653025264,0.07075666510865909,0.506385378612028
0.3,1.3554249376408254,0.13410012027194568,0.06791401183467435,0.5064425870532366
0.3,1.4784659290713025,0.12821488246248808,0.0649421606311343,0.506510315993422
0.3,1.612676174624066,0.12213054972883408,0.06187016719810224,0.5065904258637359
0.3,1.7590695822349824,0.11591005691086154,0.05872989601067915,0.5066850761348886
0.3,1.9187520990478324,0.10961886164802884,0.05555448406055664,0.5067967612994786
0.3,2.0929300664290955,0.10332187158303217,0.05237678548130621,0.5069283461364212
0.3,2.2829193334233326,0.09708064309754212,0.049227953224577015,0.5070830976584596
0.3,2.490155197497898,0.0909510910588353,0.04613627883261939,0.5072647100272203
0.3,2.716203247675567,0.08498185000650914,0.04312636126443165,0.5074773173463323
0.3,2.962771191970867,0.07921332373302147,0.04021862342080779,0.5077254876510371
0.3,3.2317217584819518,0.07367737313431616,0.03742915101274958,0.5080141897094386
0.3,3.52508676760091,0.0683975333800187,0.03476979872677727,0.5083487226592697
0.3,3.845082481652768,0.06338962326564869,0.03224849447165871,0.508734597404279
0.3,4.194126347923945,0.05866260743975641,0.029869671508168653,0.5091773586580399
0.3,4.574855261567405,0.05421958795250947,0.027634766369535296,0.5096823383043853
0.3,4.990145486353981,0.05005882677939518,0.02554273338043828,0.5102543352244919
0.3,5.443134383763522,0.046174728714085,0.023590540751999588,0.51089722471512
0.3,5.937244114571097,0.04255873966050504,0.021773626284606742,0.5116135124840856
0.3,6.476207491984753,0.03920013642505436,0.02008630135212344,0.5124038634540437
0.3,7.06409618164559,0.03608669981437844,0.018522099608331722,0.5132666523568262
0.3,7.705351461530549,0.03320527343975284,0.017074071837643402,0.5141975978189834
0.3,8.404817774137397,0.03054221692892166,0.015735030977424586,0.5151895494044654
0.3,9.16777932442606,0.028083765271955267,0.014497752151112368,0.5162324927131465
0.3,10.0,0.025816306804398854,0.013355132229767069,0.5173138176174557
0.3,10.907766915109542,0.02372659177535159,0.012300312646059342,0.5184188594182138
0.3,11.897937907435857,0.021801882302847304,0.011326768490136939,0.5195316777147114
0.3,12.97799334647565,0.020030053309347002,0.010428366702590902,0.5206359934012015
0.3,14.156092644919916,0.018399653040852813,0.009599396558926923,0.521716172452456
0.3,15.441135899948298,0.016899931062127036,0.008834576451321866,0.5227581354530058
0.3,16.84283113011666,0.015520841080129567,0.008129041868030403,0.5237500871288183
0.3,18.371767615786357,0.014253025401222051,0.007478320065729741,0.5246829957300541
0.3,20.03949589715557,0.01308778712663311,0.006878296962613162,0.5255507975535536
0.3,21.858615034246696,0.012017055277461004,0.006325181193476452,0.5263503451914597
0.3,23.842867788067263,0.011033346956267415,0.005815469200785545,0.527081149884633
0.3,26.007244442001113,0.010129729502070093,0.005345913937264838,0.5277449843228644
0.3,28.368096047762684,0.009299784497837246,0.0049134984824749095,0.5283454131240987
0.3,30.943257951443556,0.008537574538687503,0.0045154148163063035,0.5288873081980103
0.3,33.752184532845696,0.00783761292099699,0.004149047239032059,0.5293763905993302
0.3,36.81609617600463,0.007194835890926533,0.003811959491044457,0.5298188240612618
0.3,40.1581395812115,0.006604576797538558,0.0035018844650004937,0.5302208714274624
0.3,43.80356262962898,0.006062541417288114,0.0032167154557287145,0.5305886152886046
0.3,47.77990512153967,0.005564783822153342,0.002954498090284745,0.5309277385624436
0.3,52.11720682918033,0.005107682399981319,0.0027134223545387196,0.5312433589348946
0.3,56.84823443592555,0.004687915930132946,0.0024918144205143115,0.531539911903592
0.3,62.008729076257964,0.004302439891469478,0.0022881282267226298,0.5318210793041737
0.3,67.63767634659992,0.003948463368696307,0.002100936935283255,0.5320897622957906
0.3,73.77760082683312,0.0036234269944497026,0.0019289244711126908,0.5323480986556045
0.3,80.47488733750887,0.0033249823231958314,0.0017708773497778333,0.5325975231278047
0.3,87.78013135972489,0.003050972913170198,0.0016256769484929382,0.5328388664072844
0.3,95.74852126495767,0.002799417240666131,0.0014922923017399532,0.5330724838234036
0.3,104.44025524245698,0.0025684934285535445,0.001369773436624821,0.5332984002985023
0.3,113.92099607392682,0.002356525664013767,0.0012572452190727443,0.5335164552934821
0.3,124.26236719115056,0.0021619721175400006,0.001153901663197734,0.5337264314540285
0.3,135.54249376408254,0.0019834141515350573,0.0010590006563350712,0.5339281538933566
0.3,147.8465929071304,0.0018195466114158112,0.0009718590614965407,0.5341215528083259
0.3,161.2676174624066,0.0016691690138418602,0.0008918481691052764,0.5343066889628779
0.3,175.9069582234984,0.0015311774771212823,0.0008183894764977822,0.5344837477863181
0.3,191.87520990478325,0.001404557272565356,0.0007509507763701132,0.5346530120473749
0.3,209.29300664290977,0.0012883759088239816,0.000689042535675484,0.5348148245836388
0.3,228.29193334233327,0.0011817766908690376,0.0006322145462408057,0.5349695514606038
0.3,249.0155197497901,0.0010839727185258743,0.0005800528285488862,0.5351175529008857
0.3,271.6203247675567,0.0009942413045088865,0.0005321767708766751,0.5352591654191514
0.3,296.27711919708696,0.0009119187986843345,0.0004882364870227103,0.5353946949301962
0.3,323.17217584819514,0.0008363958054052201,0.000447910376936272,0.535524418034673
0.3,352.5086767600913,0.0007671127770060886,0.00041090287556509047,0.5356485876415394
0.3,384.5082481652768,0.000703555961813713,0.0003769423761689385,0.535767439447475
0.3,419.41263479239444,0.0006452536814879589,0.0003457793152300105,0.5358811970396532
0.3,457.4855261567401,0.0005917729111594458,0.000317184406939905,0.5359900748387645
0.3,499.01454863539806,0.0005427161365934642,0.0002909470160553569,0.5360942791964528
0.3,544.3134383763517,0.0004977184647333676,0.0002668736586864628,0.5361940084530106
0.3,593.7244114571097,0.0004564449665582337,0.0002447866213101564,0.5362894527152734
0.3,647.6207491984746,0.0004185882335613757,0.00022452268898877175,0.5363807937899213
0.3,706.409618164559,0.00038386613103409494,0.0002059319744194525,0.536468205373299
0.3,770.5351461530541,0.00035201973275539083,0.00018887684004630187,0.536551853408591
0.3,840.4817774137397,0.00032281142281861855,0.00017323090603471315,0.5366318964866624
0.3,916.7779324426052,0.00029602315133467376,0.0001588781374379888,0.5367084862168991
0.3,1000.0,0.0002714548317207948,0.00014571200438168408,0.5367817675522398
0.1,0.001,0.1641971962573031,0.13104009233182812,0.7980653465390689
0.1,0.0010907766915109554,0.16419718711425588,0.13104008503916775,0.7980653465639708
0.1,0.0011897937907435858,0.16419717623594104,0.13104007636242407,0.7980653465935842
0.1,0.0012977993346475663,0.16419716329298503,0.1310400660388853,0.7980653466288213
0.1,0.0014156092644919916,0.1641971478935423,0.13104005375600783,0.7980653466707474
0.1,0.0015441135899948314,0.164197129571359,0.13104003914189963,0.7980653467206349
0.1,0.001684283113011666,0.16419710777177954,0.13104002175415627,0.7980653467799879
0.1,0.0018371767615786374,0.16419708183477347,0.13104000106632543,0.7980653468506037
0.1,0.0020039495897155573,0.16419705097509246,0.13103997645207874,0.7980653469346206
0.1,0.002185861503424672,0.16419701425848277,0.13103994716624023,0.798065347034594
0.1,0.0023842867788067264,0.16419697057327662,0.13103991232211895,0.798065347153524
0.1,0.0026007244442001138,0.16419691859697327,0.131039870864869,0.7980653472950408
0.1,0.002836809604776268,0.1641968567559292,0.13103982153931992,0.7980653474634071
0.1,0.0030943257951443585,0.16419678317796277,0.13103976285218952,0.7980653476637457
0.1,0.0033752184532845697,0.16419669563545747,0.13103969302668295,0.7980653479020777
0.1,0.0036816096176004666,0.16419659147813476,0.13103960994889755,0.7980653481856682
0.1,0.00401581395812115,0.16419646755263437,0.13103951110365059,0.7980653485230729
0.1,0.0043803562629629025,0.16419632010721255,0.1310393934984839,0.7980653489245148
0.1,0.004777990512153967,0.16419614467810356,0.1310392535730167,0.7980653494021501
0.1,0.0052117206829180385,0.1641959359543494,0.13103908709113143,0.7980653499704375
0.1,0.005684823443592555,0.16419568761715983,0.13103888901284438,0.7980653506465766
0.1,0.006200872907625803,0.16419539214859333,0.13103865334170997,0.7980653514510488
0.1,0.006763767634659991,0.16419504060400328,0.13103837294331222,0.7980653524081978
0.1,0.007377760082683305,0.1641946223414021,0.13103803932941055,0.7980653535470207
0.1,0.008047488733750887,0.16419412469929243,0.13103764240096097,0.7980653549019809
0.1,0.00877801313597249,0.1641935326137272,0.13103717014268237,0.7980653565140919
0.1,0.009574852126495767,0.16419282816237135,0.1310366082593971,0.7980653584321856
0.1,0.010444025524245693,0.1641919900222988,0.13103593974354646,0.7980653607143112
0.1,0.011392099607392688,0.16419099282521635,0.13103514436091893,0.7980653634295742
0.1,0.012426236719115049,0.16418980639002292,0.13103419803851785,0.7980653666601815
0.1,0.013554249376408261,0.16418839481032677,0.13103307213674883,0.7980653705039292
0.1,0.014784659290713032,0.16418671536908208,0.13103173258371845,0.7980653750771909
0.1,0.01612676174624067,0.16418471724752698,0.13103013884545844,0.79806538051843
0.1,0.017590695822349834,0.1641823399900834,0.1310282427014998,0.7980653869923763
0.1,0.019187520990478334,0.16417951167863404,0.1310259867886458,0.7980653946950264
0.1,0.020929300664290964,0.16417614676189965,0.13102330286964634,0.7980654038595875
0.1,0.02282919333423334,0.16417214347474254,0.1310201097747848,0.7980654147635095
0.1,0.024901551974978994,0.1641673807705687,0.13101631095511315,0.7980654277369165
0.1,0.027162032476755683,0.16416171467535515,0.1310117915743543,0.7980654431725578
0.1,0.029627711919708685,0.16415497395576978,0.13100641505373,0.7980654615377578
0.1,0.032317217584819535,0.16414695497256868,0.13100001896693442,0.7980654833885066
0.1,0.035250867676009115,0.16413741556899525,0.13099241016542124,0.7980655093863014
0.1,0.0384508248165277,0.16412606781516817,0.13098335899121455,0.7980655403182049
0.1,0.04194126347923942,0.16411256939791088,0.13097259240929565,0.798065577120645
0.1,0.04574855261567403,0.1640965134087389,0.13095978586233964,0.7980656209077348
0.1,0.049901454863539786,0.16407741623863897,0.1309445536154159,0.7980656730050303
0.1,0.0544313438376352,0.16405470323968852,0.13092643731948744,0.7980657349896287
0.1,0.05937244114571094,0.16402769175525939,0.13090489247607087,0.7980658087378929
0.1,0.06476207491984753,0.1639955710573267,0.13087927243498065,0.7980658964822298
0.1,0.0706409618164559,0.16395737865548696,0.13084880949813113,0.7980660008786508
0.1,0.07705351461530549,0.1639119723631518,0.13081259263924083,0.7980661250870782
0.1,0.08404817774137396,0.16385799741894524,0.13076954127958665,0.7980662728669909
0.1,0.0916777932442606,0.1637938478699736,0.13071837448703186,0.7980664486910494
0.1,0.1,0.16371762133155718,0.1306575748922009,0.7980666578803767
0.1,0.10907766915109553,0.16362706615075595,0.13058534654603451,0.7980669067654198
0.1,0.11897937907435857,0.16351951992917896,0.13049956588570355,0.798067202877207
0.1,0.12977993346475664,0.16339183831704635,0.13039772494121313,0.7980675551748719
0.1,0.14156092644919915,0.16324031299877578,0.13027686592168053,0.7980679743162312
0.1,0.15441135899948313,0.16306057787510125,0.13013350638791754,0.7980684729793812
0.1,0.1684283113011666,0.1628475026558871,0.1299635543849435,0.7980690662451814
0.1,0.18371767615786375,0.16259507345906668,0.1297622132122202,0.7980697720517826
0.1,0.20039495897155574,0.16229626064221467,0.12952387601302026,0.7980706117349075
0.1,0.2185861503424672,0.16194287506411048,0.12924201113890632,0.7980716106697596
0.1,0.23842867788067262,0.16152541539662915,0.12890904038065484,0.798072799033613
0.1,0.2600724444200114,0.1610329111113802,0.1285162137558313,0.7980742127113483
0.1,0.2836809604776268,0.16045276848677764,0.12805348671432235,0.7980758943705903
0.1,0.30943257951443587,0.15977063054026208,0.12750940846242403,0.7980778947373046
0.1,0.33752184532845697,0.15897026625512173,0.12687103366804375,0.798080274108846
0.1,0.36816096176004665,0.15803350979367514,0.12612387405542486,0.7980831041472738
0.1,0.40158139581211505,0.15694027631853646,0.12525191112842216,0.7980864700034205
0.1,0.4380356262962902,0.15566868700667846,0.12423769601807634,0.7980904728305849
0.1,0.4777990512153967,0.15419534081309286,0.12306256641611549,0.798095232755996
0.1,0.5211720682918038,0.15249577293584415,0.12170701246570644,0.798100892389386
0.1,0.5684823443592555,0.1505451375811054,0.12015122160182234,0.7981076209591392
0.1,0.6200872907625803,0.14831914293632167,0.11837582460084872,0.7981156191798613
0.1,0.6763767634659991,0.14579524669728058,0.11636284949002058,0.7981251249680902
0.1,0.7377760082683305,0.14295408944913007,0.11409686519678995,0.798136420136418
0.1,0.8047488733750887,0.13978110120919368,0.11156626331477448,0.7981498382088619
0.1,0.877801313597248,0.136268167511681,0.10876458732674885,0.7981657735099833
0.1,0.9574852126495768,0.13241519385680775,0.10569178068314114,0.7981846916860238
0.1,1.0444025524245688,0.1282313733121369,0.10235519798228819,0.7982071418134022
0.1,1.1392099607392683,0.12373595511269316,0.09877021796325378,0.7982337702351616
0.1,1.2426236719115042,0.11895834290781993,0.09496032159885344,0.7982653362315042
0.1,1.3554249376408254,0.11393742245448395,0.09095655534547195,0.7983027295690103
0.1,1.4784659290713025,0.10872012107358897,0.08679638139759001,0.798346989871732
0.1,1.612676174624066,0.10335931483495416,0.08252200746562192,0.798399327601914
0.1,1.7590695822349824,0.097911297982527,0.07817836721400286,0.7984611462096475
0.1,1.9187520990478324,0.09243308885818446,0.0738109701575643,0.7985340646876881
0.1,2.0929300664290955,0.08697985457004147,0.06946384617932398,0.7986199393261513
0.1,2.2829193334233326,0.08160269469030196,0.06517777634826834,0.7987208828780795
0.1,2.490155197497898,0.07634694713886549,0.060988940176214236,0.798839278606426
0.1,2.716203247675567,0.07125108854954368,0.05692803696399393,0.7989777857837165
0.1,2.962771191970867,0.06634621738278294,0.0530198718526716,0.7991393321909327
0.1,3.2317217584819518,0.06165604497159685,0.04928334689058365,0.7993270880947205
0.1,3.52508676760091,0.057197283251834874,0.045731768390540065,0.7995444152336204
0.1,3.845082481652768,0.05298030653401505,0.042373372809022904,0.7997947837809857
0.1,4.194126347923945,0.049009972279521447,0.039211979510598634,0.8000816504640862
0.1,4.574855261567405,0.04528650495500498,0.03624769410452706,0.8004082925043883
0.1,4.990145486353981,0.04180637088108984,0.03347760514484158,0.8007775953589028
0.1,5.443134383763522,0.03856309559094942,0.030896435887015853,0.8011917978458944
0.1,5.937244114571097,0.035547995589285265,0.028497129092573178,0.8016522062684927
0.1,6.476207491984753,0.032750812233138846,0.02627135548566617,0.8021588991030748
0.1,7.06409618164559,0.030160246572111728,0.02420994522661953,0.8027104542641816
0.1,7.705351461530549,0.02776440088602392,0.022303247054531662,0.8033037394211772
0.1,8.404817774137397,0.025551136161926287,0.020541422221577635,0.8039338091034237
0.1,9.16777932442606,0.02350835578660321,0.018914680776126014,0.8045939472681023
0.1,10.0,0.021624225213564392,0.017413466964234115,0.8052758788930406
0.1,10.907766915109542,0.01988733613087769,0.016028599284600188,0.8059701500048412
0.1,11.897937907435857,0.018286822387939473,0.014751369694659407,0.8066666467099409
0.1,12.97799334647565,0.016812434082646297,0.013573606034707817,0.8073551972297942
0.1,14.156092644919916,0.01545457592455808,0.012487702010705079,0.8080261840676916
0.1,15.441135899948298,0.014204316154624119,0.011486619846323624,0.8086710913277041
0.1,16.84283113011666,0.013053372610124937,0.010563871573612436,0.8092829255037504
0.1,18.371767615786357,0.011994082627914059,0.009713485450174069,0.8098564726882643
0.1,20.03949589715557,0.011019363138886844,0.008929963887222041,0.8103883840354255
0.1,21.858615034246696,0.010122666466149923,0.00820823850037121,0.8108771071159422
0.1,23.842867788067263,0.00929793611782301,0.007543626620259896,0.8113226983566475
0.1,26.007244442001113,0.008539565480493762,0.0069317921046835726,0.8117265592163094
0.1,28.368096047762684,0.007842360994089794,0.0063687118584478735,0.8120911372541382
0.1,30.943257951443556,0.007201510285591212,0.005850648290886275,0.8124196257266005
0.1,33.752184532845696,0.006612554937082142,0.005374127116250729,0.8127156851451608
0.1,36.81609617600463,0.006071367073045238,0.004935919432127974,0.812983200116781
0.1,40.1581395812115,0.005574128739908448,0.004533026845298348,0.8132260765424661
0.1,43.80356262962898,0.005117313065200391,0.0041626684807113,0.8134480786448215
0.1,47.77990512153967,0.004697666362987749,0.0038222689310116746,0.8136527023559599
0.1,52.11720682918033,0.004312190629500397,0.003509446507207379,0.8138430808690796
0.1,56.84823443592555,0.003958126178008627,0.0032220014668101265,0.8140219189351735
0.1,62.008729076257964,0.0036329344303298815,0.002957904165968718,0.8141914539591981
0.1,67.63767634659992,0.0033342810664141694,0.0027152832673947107,0.8143534433090983
0.1,73.77760082683312,0.0030600198133282092,0.002492414222219385,0.8145091778044822
0.1,80.47488733750887,0.0028081771400415984,0.0022877082428615627,0.8146595206695809
0.1,87.78013135972489,0.002576938045758382,0.002099701925246757,0.8148049692940226
0.1,95.74852126495767,0.0023646330261302482,0.0019270475980625206,0.81494573439844
0.1,104.44025524245698,0.0021697262070053272,0.0017685044041384596,0.8150818284945558
0.1,113.92099607392682,0.0019908045690908453,0.0016229300714318733,0.815213153832085
0.1,124.26236719115056,0.0018265681536218093,0.001489273311348035,0.8153395800726245
0.1,135.54249376408254,0.0016758211324966114,0.001366566783097679,0.8154610039209791
0.1,147.8465929071304,0.001537463635575373,0.0012539205736604984,0.8155773864474117
0.1,161.2676174624066,0.001410484243239316,0.001150516154592252,0.8156887679581435
0.1,175.9069582234984,0.0012939530680154499,0.00105560078471512,0.8157952639921529
0.1,191.87520990478325,0.0011870153629530283,0.0009684823311811792,0.8158970485199214
0.1,209.29300664290977,0.0010888856064044045,0.0008885244822482997,0.8159943312891105
0.1,228.29193334233327,0.0009988420231529637,0.0008151423253178352,0.8160873355575704
0.1,249.0155197497901,0.0009162215102353203,0.0007477982644314155,0.8161762806020051
0.1,271.6203247675567,0.0008404149418443758,0.0006859982526634771,0.8162613710293922
0.1,296.27711919708696,0.0007708628311558578,0.0006292883163844506,0.8163427927130362
0.1,323.17217584819514,0.0007070513281605817,0.0005772513499194814,0.816420713643549
0.1,352.5086767600913,0.0006485085324555123,0.0005295041605689692,0.8164952873697052
0.1,384.5082481652768,0.0005948010994188406,0.00048569474529271654,0.8165666569333379
0.1,419.41263479239444,0.0005455311180079675,0.00044549978162006297,0.8166349579595504
0.1,457.4855261567401,0.0005003332389160968,0.0004086223165488048,0.816700320438492
0.1,499.01454863539806,0.0004588720329724476,0.0003747896383351322,0.8167628693937771
0.1,544.3134383763517,0.0004208395612199412,0.0003437513171521539,0.8168227249255707
0.1,593.7244114571097,0.00038595313975115636,0.0003152774016051243,0.8168800020862629
0.1,647.6207491984746,0.0003539532839081604,0.0002891567590392273,0.8169348108499378
0.1,706.409618164559,0.0003246018177624161,0.0002651955484628277,0.8169872562356713
0.1,770.5351461530541,0.0002976801359011473,0.0002432158157381017,0.8170374385305577
0.1,840.4817774137397,0.0002729876055172718,0.0002230542014643381,0.81708545353802
0.1,916.7779324426052,0.00025034009768867973,0.0002045607526998516,0.8171313928072407
0.1,1000.0,0.00022956863756900853,0.00018759783033904577,0.8171753438343846
