R_hop_s_inv,Omega_rad_s_inv,B_equiv_T,P_eq_T_300,P_eq_T_100,P_eq_T_10
100000000.0,59839860.068377,0.00033983322146218344,7.617846143531277e-07,2.285353843055846e-06,2.2853538426619567e-05
102329299.22807537,61233709.46703111,0.00034774895406644585,7.795288574948451e-07,2.3385865724807453e-06,2.3385865720586853e-05
104712854.80508985,62660025.78896856,0.00035584906776915567,7.976864171550894e-07,2.3930592514612074e-06,2.3930592510089616e-05
107151930.52376048,64119565.285982825,0.00036413785735781593,8.162669207123367e-07,2.448800762132659e-06,2.448800761648069e-05
109647819.61431828,65613101.8252345,0.0003726197176583817,8.352802197955148e-07,2.5058406593818823e-06,2.505840658862635e-05
112201845.43019652,67141427.29956627,0.0003812991458654566,8.547363955074723e-07,2.5642091865174207e-06,2.5642091859610372e-05
114815362.14968841,68705352.04737385,0.0003901807439267586,8.746457637700969e-07,2.6239372913049376e-06,2.6239372907087622e-05
117489755.49395303,70305705.28225979,0.00039926922098314335,8.950188807939769e-07,2.685056642376195e-06,2.6850566417373808e-05
120226443.46174131,71943335.5326924,0.0004085693958654462,9.158665486754283e-07,2.7475996460201386e-06,2.7475996453356372e-05
123026877.0812381,73619111.09190707,0.00041808619964949216,9.371998211239131e-07,2.8115994633651535e-06,2.8115994626316975e-05
125892541.17941661,75333920.47828682,0.00042782467827061745,9.59030009322863e-07,2.877090027961532e-06,2.8770900271756192e-05
128824955.16931322,77088672.90646645,0.00043778999519909084,9.813686879270173e-07,2.94410606377349e-06,2.9441060629313698e-05
131825673.85564047,78884298.76941031,0.0004479874341778544,1.0042277011994592e-06,3.012683103590275e-06,3.012683102687927e-05
134896288.2591656,80721750.13171919,0.0004584224020240357,1.0276191692916052e-06,3.0828575078661334e-06,3.08285750689925e-05
138038426.46028867,82602001.23442625,0.0004691004314957061,1.0515554946694516e-06,3.154666483999052e-06,3.1546664829630176e-05
141253754.46227553,84526049.01155452,0.0004800271842254337,1.0760493686895525e-06,3.228148106058689e-06,3.2281481049485576e-05
144543977.0745928,86494913.61870328,0.0004912084537221486,1.101113778328128e-06,3.3033413349737033e-06,3.303341333784176e-05
147910838.8168207,88509638.97394818,0.0005026501684429396,1.126762013066935e-06,3.380286039189361e-06,3.380286037914759e-05
151356124.84362072,90571293.31134064,0.0005143583949364004,1.1530076719395264e-06,3.4590230158063165e-06,3.459023014440557e-05
154881661.89124796,92680969.74729958,0.0005263393410591949,1.179864670741639e-06,3.5395940122117776e-06,3.539594010748339e-05
158489319.2461111,94839786.86019619,0.0005385993592675436,1.2073472494095314e-06,3.622041748214515e-06,3.622041746646413e-05
162181009.7358933,97048889.28343946,0.0005511449499853837,1.2354699795701937e-06,3.7064099386954946e-06,3.706409937015243e-05
165958690.7437563,99309448.31237432,0.0005639827650509696,1.2642477722673947e-06,3.7927433167860188e-06,3.792743314985597e-05
169824365.2461746,101622662.52532037,0.0005771196112437799,1.2936958858677467e-06,3.881087657585918e-06,3.881087655656731e-05
173780082.87493762,103989758.41907229,0.0005905624538935528,1.3238299341508721e-06,3.971489802434055e-06,3.971489800366895e-05
177827941.00389227,106411991.05920517,0.0006043184205733983,1.3546658945880417e-06,4.063997683744237e-06,4.0639976815292344e-05
181970085.86099824,108890644.74552687,0.0006183948048789317,1.386220116813641e-06,4.158660350419613e-06,4.1586603480461944e-05
186208713.66628656,111427033.6930307,0.0006327990702954347,1.4185093312939638e-06,4.255527993859056e-06,4.255527991315894e-05
190546071.79632443,114022502.72870974,0.0006475388541550944,1.4515506581979253e-06,4.354651974569308e-06,4.354651971844259e-05
194984459.97580415,116678428.00460178,0.000662621971686417,1.4853616164744031e-06,4.456084849396992e-06,4.456084846477049e-05
199526231.49688828,119396217.72744392,0.0006780564201579692,1.5199601331410227e-06,4.559880399394975e-06,4.559880396266201e-05
204173794.46695316,122177312.90532047,0.0006938503831186244,1.5553645527892733e-06,4.666093658337718e-06,4.666093654985176e-05
208929613.0854041,125023188.11170733,0.0007100122347366045,1.5915936473110916e-06,4.77478094190102e-06,4.774780938308706e-05
213796208.95022324,127935352.2673085,0.0007265505442395646,1.6286666258519402e-06,4.885999877521259e-06,4.885999873672025e-05
218776162.3949552,130915349.44010644,0.0007434740804581143,1.6666031449957612e-06,4.999809434950249e-06,4.999809430825722e-05
223872113.8568338,133964759.66404699,0.0007607918164751655,1.7054233191871524e-06,5.116269957521776e-06,5.116269953102264e-05
229086765.276777,137085199.77679467,0.0007785129343835822,1.7451477313963166e-06,5.2354431941464305e-06,5.235443189410838e-05
234422881.53199178,140278324.2770011,0.0007966468301546458,1.7857974440324204e-06,5.3573923320517e-06,5.357392326977422e-05
239883291.90194947,143545826.2015429,0.0008152031186199279,1.8273940101111724e-06,5.482182030284698e-06,5.482182024847511e-05
245470891.56850335,146889438.02318987,0.0008341916385691883,1.8699594846824895e-06,5.609878453995158e-06,5.609878448169107e-05
251188643.1509582,150310932.56918827,0.0008536224579670495,1.9135164365244158e-06,5.7405493095171945e-06,5.7405493032744686e-05
257039578.27688646,153812123.96123526,0.0008735058792911541,1.9580879601093616e-06,5.874263880268024e-06,5.874263873578823e-05
263026799.18953815,157394868.57735065,0.000893852444994676,2.003697687849105e-06,6.0110930634829586e-06,6.0110930563153503e-05
269153480.3926914,161061066.03615308,0.0009146729430960695,2.0503698026250085e-06,6.151109407806066e-06,6.151109400125836e-05
275422870.33381635,164812660.20406318,0.0009359784128990206,2.098129050610105e-06,6.294387151756425e-06,6.294387143526909e-05
281838293.12644494,168651640.22596687,0.0009577801508456295,2.1470007543898426e-06,6.441002263090351e-06,6.441002254272267e-05
288403150.3126612,172580041.57988745,0.0009800897165059396,2.197010826388467e-06,6.591032479080563e-06,6.591032469631814e-05
295120922.66663903,176599947.15621993,0.0010029189387069587,2.2481857826080958e-06,6.744557347733382e-06,6.744557337608865e-05
301995172.0402019,180713488.36211124,0.0010262799218044814,2.300552756687903e-06,6.901658269966302e-06,6.901658259117688e-05
309029543.2513592,184922846.25155798,0.0010501850521009656,2.3541395142907055e-06,7.062418542767743e-06,7.062418531143243e-05
316227766.01683795,189230252.6818305,0.0010746470044129162,2.4089744678246856e-06,7.226923403362219e-06,7.226923390906343e-05
323593656.9296281,193637991.4968334,0.0010996787487912412,2.465086691508034e-06,7.395260074404265e-06,7.395260061057553e-05
331131121.4825908,198148399.7380298,0.0011252935573981444,2.5225059367844786e-06,7.567517810225029e-06,7.56751779592377e-05
338844156.13920206,202763868.88357142,0.0011515050115442013,2.5812626480978965e-06,7.7437879441561e-06,7.743787928832024e-05
346736850.452531,207486846.11629218,0.0011783270088893494,2.6413879790343615e-06,7.924163936955654e-06,7.924163920535611e-05
354813389.23357606,212319835.6212378,0.001205773770811618,2.7029138088402e-06,8.108741426362626e-06,8.108741408768232e-05
363078054.7701018,217265399.91341415,0.0012338598499474678,2.7658727593247393e-06,8.297618277804946e-06,8.297618258952213e-05
371535229.0971728,222326161.19647217,0.001262600137907826,2.8302982121568973e-06,8.490894636289312e-06,8.490894616088245e-05
380189396.32056123,227504802.75303113,0.0012920098731737913,2.8962243265645337e-06,8.68867297949925e-06,8.688672957853416e-05
389045144.99428046,232804070.36739185,0.0013221046491762858,2.963686057446142e-06,8.891058172130173e-06,8.891058148936245e-05
398107170.5534969,238226773.78138757,0.0013529004225638977,3.0327191739043938e-06,9.098157521490035e-06,9.098157496637295e-05
407380277.8041122,243775788.18414629,0.001384413521663307,3.103360278211394e-06,9.310080834395078e-06,9.310080807764886e-05
416869383.47033465,249454055.73655424,0.0014166606551367813,3.175646825215689e-06,9.526940475390861e-06,9.526940446856098e-05
426579518.8015934,255264587.1312295,0.0014496589208413354,3.2496171422013363e-06,9.748851426329479e-06,9.748851395753927e-05
436515832.24016654,261210463.188827,0.0014834258148942185,3.3253104492094846e-06,9.975931347334292e-06,9.975931314571997e-05
446683592.1509635,267294836.4915364,0.00151797924094962,3.40276687983344e-06,1.0208300639185118e-05,0.00010208300604079688
457088189.6148752,273520933.05461913,0.0015533375196914042,3.482027502497972e-06,1.044608250715617e-05,0.00010446082469540025
467735141.2871981,279892054.03688484,0.0015895193985469807,3.563134342234349e-06,1.0689403026341149e-05,0.00010689402986034722
478630092.32263803,286411577.4910103,0.0016265440616274438,3.646130402962575e-06,1.0938391208499944e-05,0.0001093839116531083
489778819.36844563,293082960.1546269,0.0016644311398992377,3.731059690292624e-06,1.1193179070462358e-05,0.00011193179024184387
501187233.6272715,299909739.28312904,0.0017032007215927565,3.817967234856806e-06,1.1453901704125186e-05,0.00011453901654537448
512861383.99136585,306895534.525175,0.0017428733628533973,3.906899116185617e-06,1.1720697348079775e-05,0.00011720697294945557
524807460.2497734,314044049.84186774,0.0017834700986406732,3.997902487139654e-06,1.1993707460907765e-05,0.00011993707403973425
537031796.3702532,321359075.4706509,0.001825012453881265,4.091025598910776e-06,1.227307679618457e-05,0.00012273076735178328
549540873.8576248,328844489.9349389,0.0018675224548818006,4.1863178266054694e-06,1.2558953479229477e-05,0.00012558953413860109
562341325.1903491,336504262.1005618,0.0019110226410074963,4.283829695424193e-06,1.2851489085643668e-05,0.00012851489015599127
575439937.3371567,344342453.2801109,0.0019555360766328293,4.383612907450507e-06,1.3150838721677635e-05,0.00013150838646623558
588843655.3555884,352363219.3863003,0.0020010863633705732,4.485720369064211e-06,1.345716110647055e-05,0.00013457161026048656
602559586.0743569,360570813.1354869,0.0020476976525856854,4.590206218992991e-06,1.3770618656205248e-05,0.00013770618570031637
616595001.861481,368969586.3025168,0.002095394658200681,4.697125857017507e-06,1.409137757022346e-05,0.00014091377477886774
630957344.4801943,377563992.0280958,0.0021442026697992907,4.8065359733450994e-06,1.4419607919146941e-05,0.00014419607820206396
645654229.0346563,386358587.1798968,0.0021941475660352972,4.918494578667606e-06,1.4755483735050927e-05,0.00014755483629034225
660693448.0075965,395358034.768681,0.0022452558283537916,5.033061034919526e-06,1.509918310373861e-05,0.0001509918299013967
676082975.3919818,404567106.4206817,0.002297554555031953,5.1502960867524186e-06,1.545088825916434e-05,0.00015450888137440876
691830970.9189363,413990684.9075855,0.0023510714755469227,5.270261893742542e-06,1.5810785680056543e-05,0.00015810785549627505
707945784.3841373,423633766.73544174,0.0024058349652783372,5.393022063348683e-06,1.6179066188791212e-05,0.0001617906604903398
724435960.0749891,433501464.793877,0.0024618740605533325,5.518641684637677e-06,1.655592505256845e-05,0.0001655592490281588
741310241.3009162,443599011.06701624,0.0025192184740419894,5.647187362795486e-06,1.6941562086945716e-05,0.0001694156192648294
758577575.0291852,453931759.40755206,0.0025778986105113922,5.778727254442179e-06,1.7336181761782754e-05,0.00017336181589843797
776247116.6286927,464505188.37542105,0.002637945582946599,5.913331103769379e-06,1.773999330965394e-05,0.00017739993125418028
794328234.7242821,475324904.1426197,0.0026993912290472224,6.051070279519695e-06,1.8153210836786584e-05,0.00018153210639374249
812830516.1640995,486396643.46566373,0.0027622681281081534,6.192017812827284e-06,1.857605343658258e-05,0.00018576053225051453
831763771.1026709,497726276.7272939,0.002826609618293548,6.336248435939942e-06,1.9008745305784718e-05,0.0001900874507912503
851138038.2023759,509319811.049031,0.002892449814313164,6.483838621843139e-06,1.9451515863348763e-05,0.0001945151562047853
870963589.9560796,521183393.476231,0.0029598236255104276,6.634866624807002e-06,1.990459987208439e-05,0.0001990459961184425
891250938.1337441,533323314.23732984,0.0030287667743718345,6.789412521877766e-06,2.0368237563129574e-05,0.00020368237284277237
912010839.3559115,545746010.0790081,0.003099315815467493,6.947558255335714e-06,2.084267476332435e-05,0.0002084267446452869
933254300.7969924,558458067.6790305,0.0031715081548327954,7.109387676141945e-06,2.132816302555117e-05,0.00021328162705385852
954992586.0214369,571466227.1386029,0.003245382069801663,7.2749865883974286e-06,2.182495976211203e-05,0.0002182495941904871
977237220.9558111,584777385.5560536,0.003320976729301649,7.444442794837366e-06,2.2333328381211544e-05,0.00022333328013612573
1000000000.0,598398600.6837702,0.003398332214621835,7.617846143385393e-06,2.2853538426619573e-05,0.00022853538032730178
1023292992.2807536,612337094.670311,0.003477489540664458,7.79528857479213e-06,2.3385865720586846e-05,0.00023385865298526762
1047128548.0508986,626600257.8896856,0.0035584906776915566,7.976864171383396e-06,2.3930592510089616e-05,0.00023930592057844086
1071519305.2376049,641195652.8598284,0.00364137857357816,8.16266920694389e-06,2.4488007616480692e-05,0.0002448800713189088
1096478196.1431828,656131018.252345,0.0037261971765838167,8.352802197762833e-06,2.5058406588626346e-05,0.00025058406069379004
1122018454.3019652,671414272.9956627,0.0038129914586545657,8.547363954868653e-06,2.5642091859610372e-05,0.0002564209130322682
1148153621.496884,687053520.4737386,0.0039018074392675865,8.746457637480165e-06,2.6239372907087622e-05,0.000262393723109119
1174897554.9395304,703057052.8225979,0.0039926922098314326,8.950188807703171e-06,2.6850566417373805e-05,0.0002685056577856002
1202264434.617413,719433355.326924,0.004085693958654461,9.158665486500761e-06,2.7475996453356365e-05,0.0002747599576885506
1230268770.812381,736191110.9190706,0.0041808619964949206,9.371998210967478e-06,2.8115994626316968e-05,0.00028115993892860604
1258925411.794166,753339204.782868,0.004278246782706174,9.590300092937548e-06,2.8770900271756182e-05,0.00028770899485843534
1288249551.6931322,770886729.0646645,0.004377899951990908,9.813686878958274e-06,2.9441060629313695e-05,0.0002944105978719312
1318256738.55641,788842987.6941063,0.004479874341778562,1.0042277011660431e-05,3.0126831026879394e-05,0.0003012683012453094
1348962882.591656,807217501.3171918,0.004584224020240357,1.0276191692557946e-05,3.08285750689925e-05,0.0003082857410210871
1380384264.6028867,826020012.3442625,0.004691004314957061,1.0515554946310801e-05,3.1546664829630176e-05,0.0003154666379359554
1412537544.6227555,845260490.1155454,0.0048002718422543375,1.0760493686484363e-05,3.228148104948558e-05,0.0003228147993935447
1445439770.745928,864949136.1870328,0.004912084537221487,1.1011137782840714e-05,3.3033413337841764e-05,0.00033033412148314846
1479108388.1682072,885096389.7394818,0.005026501684429396,1.1267620130197275e-05,3.380286037914759e-05,0.0003380285910454654
1513561248.436207,905712933.1134064,0.005143583949364004,1.153007671888943e-05,3.459023014440557e-05,0.00034590228778645936
1548816618.9124796,926809697.472996,0.00526339341059195,1.179864670687438e-05,3.53959401074834e-05,0.0003539593864404558
1584893192.4611108,948397868.601962,0.005385993592675437,1.2073472493514538e-05,3.622041746646413e-05,0.0003622041589836227
1621810097.3589332,970488892.8343946,0.005511449499853837,1.2354699795079622e-05,3.706409937015243e-05,0.0003706409768990101
1659586907.4375632,993094483.1237433,0.005639827650509696,1.2642477722007123e-05,3.792743314985597e-05,0.00037927431349434135
1698243652.461746,1016226625.2532036,0.005771196112437799,1.2936958857962954e-05,3.881087655656731e-05,0.00038810874627380563
1737800828.7493763,1039897584.1907228,0.005905624538935528,1.3238299340743107e-05,3.971489800366894e-05,0.00039714895936508114
1778279410.0389228,1064119910.5920517,0.006043184205733983,1.3546658945060047e-05,4.0639976815292344e-05,0.0004063997460028961
1819700858.6099825,1088906447.4552684,0.006183948048789315,1.3862201167257366e-05,4.158660348046194e-05,0.0004158660110704376
1862087136.6628656,1114270336.930307,0.006327990702954347,1.4185093311997725e-05,4.255527991315893e-05,0.0004255527736999554
1905460717.9632444,1140225027.2870975,0.006475388541550944,1.4515506580969975e-05,4.354651971844259e-05,0.0004354651699339393
1949844599.7580414,1166784280.046018,0.0066262197168641705,1.4853616163662573e-05,4.4560848464770495e-05,0.0004456084554482826
1995262314.9688828,1193962177.2744393,0.006780564201579693,1.5199601330251423e-05,4.559880396266201e-05,0.00045598800833887543
2041737944.6695316,1221773129.0532045,0.006938503831186243,1.555364552665105e-05,4.6660936549851754e-05,0.0004666093319730953
2089296130.8540409,1250231881.117073,0.007100122347366043,1.5915936471780424e-05,4.7747809383087044e-05,0.00047747805790773344
2137962089.5022326,1279353522.6730852,0.007265505442395647,1.6286666257093756e-05,4.885999873672025e-05,0.0004885999488748679
2187761623.949552,1309153494.4010644,0.007434740804581143,1.666603144843001e-05,4.9998094308257226e-05,0.0004999809018372927
2238721138.568338,1339647596.64047,0.007607918164751656,1.705423319023467e-05,5.116269953102264e-05,0.0005116269511151135
2290867652.76777,1370851997.7679465,0.00778512934383582,1.745147731220924e-05,5.2354431894108375e-05,0.0005235442715851671
2344228815.3199277,1402783242.770017,0.00796646830154649,1.7857974438444914e-05,5.3573923269774446e-05,0.0005357391819549659
2398832919.019495,1435458262.0154295,0.008152031186199282,1.8273940099097956e-05,5.482182024847513e-05,0.0005482181481128846
2454708915.685034,1468894380.2318988,0.008341916385691884,1.86995948446671e-05,5.609878448169107e-05,0.0005609877865564064
2511886431.509582,1503109325.6918826,0.008536224579670496,1.9135164362932033e-05,5.7405493032744686e-05,0.0005740548679001921
2570395782.7688646,1538121239.6123524,0.008735058792911539,1.958087959861613e-05,5.8742638735788214e-05,0.0005874263204658739
2630267991.8953815,1573948685.7735064,0.008938524449946758,2.0036976875836376e-05,6.01109305631535e-05,0.0006011092339554572
2691534803.9269137,1610610660.3615308,0.009146729430960695,2.0503698023405553e-05,6.151109400125836e-05,0.0006151108632102831
2754228703.3381634,1648126602.0406315,0.009359784128990205,2.098129050305308e-05,6.294387143526906e-05,0.0006294386320575437
2818382931.264449,1686516402.2596686,0.009577801508456293,2.1470007540632465e-05,6.441002254272265e-05,0.0006441001372463885
2884031503.1266117,1725800415.7988746,0.009800897165059398,2.1970108260385135e-05,6.591032469631814e-05,0.0006591031524757118
2951209226.66639,1765999471.562199,0.010029189387069586,2.2481857822331134e-05,6.744557337608864e-05,0.0006744556325157395
3019951720.402019,1807134883.6211123,0.010262799218044814,2.3005527562861023e-05,6.901658259117687e-05,0.00069016571742564
3090295432.5135922,1849228462.5155797,0.010501850521009657,2.354139513860168e-05,7.062418531143243e-05,0.000706241736869344
3162277660.1683793,1892302526.8183048,0.010746470044129161,2.4089744673633568e-05,7.226923390906343e-05,0.0007226922145318951
3235936569.296281,1936379914.968334,0.010996787487912411,2.465086691013711e-05,7.395260061057552e-05,0.0007395258726386629
3311311214.8259077,1981483997.3802981,0.011252935573981446,2.5225059362548023e-05,7.56751779592377e-05,0.0007567516365798124
3388441561.3920207,2027638688.8357143,0.011515050115442014,2.5812626475303386e-05,7.743787928832024e-05,0.0007743786396424803
3467368504.5253096,2074868461.1629217,0.011783270088893493,2.6413879784262118e-05,7.924163920535611e-05,0.0007924162278531708
3548133892.3357606,2123198356.2123775,0.012057737708116176,2.702913808188555e-05,8.10874140876823e-05,0.000810873964932937
3630780547.7010174,2172653999.134141,0.012338598499474676,2.7658727586264897e-05,8.297618258952211e-05,0.0008297616373679529
3715352290.971728,2223261611.964721,0.012626001379078258,2.8302982114087092e-05,8.490894616088244e-05,0.0008490892595982198
3801893963.2056127,2275048027.5303116,0.012920098731737915,2.8962243257628364e-05,8.688672957853418e-05,0.0008688670793270821
3890451449.942805,2328040703.6739187,0.01322104649176286,2.9636860565871075e-05,8.891058148936245e-05,0.0008891055829544238
3981071705.5349693,2382267737.8138757,0.013529004225638977,3.032719172983922e-05,9.098157496637295e-05,0.000909815501136402
4073802778.041122,2437757881.8414626,0.013844135216633068,3.103360277225091e-05,9.310080807764886e-05,0.0009310078144746635
4168693834.7033634,2494540557.3655524,0.014166606551367871,3.175646824158859e-05,9.526940446856136e-05,0.0009526937593380716
4265795188.0159345,2552645871.312295,0.014496589208413355,3.249617141068908e-05,9.748851395753927e-05,0.000974884833819998
4365158322.401666,2612104631.88827,0.014834258148942184,3.325310447996067e-05,9.975931314571997e-05,0.0009975928038343975
4466835921.509635,2672948364.9153643,0.015179792409496202,3.402766878533239e-05,0.00010208300604079688,0.001020829709353818
4570881896.148752,2735209330.546191,0.015533375196914041,3.4820275011047804e-05,0.00010446082469540024,0.0010446078707927102
4677351412.871982,2798920540.368849,0.01589519398546981,3.563134340741519e-05,0.00010689402986034722,0.0010689398955393942
4786300923.22638,2864115774.9101033,0.01626544061627444,3.6461304013629784e-05,0.0001093839116531083,0.0010938386846401514
4897788193.684457,2930829601.546269,0.016644311398992376,3.731059688578625e-05,0.00011193179024184387,0.0011193174396389785
5011872336.272715,2999097392.8312902,0.017032007215927566,3.8179672330202235e-05,0.00011453901654537448,0.0011453896695766308
5128613839.913659,3068955345.251751,0.01742873362853398,3.906899114217684e-05,0.00011720697294945561,0.0011720691981526687
5248074602.497734,3140440498.4186773,0.017834700986406733,3.997902485030975e-05,0.00011993707403973425,0.0011993701710542675
5370317963.702533,3213590754.7065096,0.018250124538812654,4.091025596651286e-05,0.00012273076735178328,0.0012273070634557532
5495408738.576248,3288444899.349389,0.018675224548818006,4.186317824184381e-05,0.00012558953413860106,0.001255894687692734
5623413251.903491,3365042621.005618,0.019110226410074965,4.28382969282995e-05,0.00012851489015599127,0.001285148201114968
5754399373.371567,3443424532.801109,0.019555360766328293,4.3836129046707265e-05,0.00013150838646623558,0.0013150831141220986
5888436553.555884,3523632193.863003,0.02001086363370573,4.485720366085621e-05,0.00013457161026048654,0.001345715298386517
6025595860.743568,3605708131.3548684,0.020476976525856852,4.590206215801376e-05,0.00013770618570031634,0.0013770609952677073
6165950018.61481,3689695863.0251684,0.020953946582006812,4.697125853597631e-05,0.00014091377477886774,0.0014091368244225333
6309573444.801943,3775639920.2809577,0.021442026697992906,4.806535969680633e-05,0.00014419607820206394,0.001441959792616028
6456542290.346562,3863585871.798967,0.021941475660352965,4.91849457474106e-05,0.0001475548362903422,0.001475547302737322
6606934480.075964,3953580347.686809,0.022452558283537913,5.0330610307121566e-05,0.00015099182990139663,0.0015099171630255704
6760829753.919819,4045671064.2068176,0.022975545550319533,5.150296082244143e-05,0.0001545088813744088,0.0015450875965106442
6918309709.189363,4139906849.0758553,0.02351071475546923,5.2702618889118364e-05,0.00015810785549627505,0.0015810772506736758
7079457843.841373,4236337667.3544183,0.024058349652783376,5.393022058172489e-05,0.00016179066049033984,0.0016179052073325413
7244359600.749891,4335014647.938771,0.024618740605533335,5.518641679091287e-05,0.00016555924902815884,0.0016555909927575094
7413102413.009192,4435990110.67018,0.025192184740419996,5.647187356852443e-05,0.0001694156192648301,0.0016941545880224242
7585775750.291851,4539317594.0755205,0.02577898610511392,5.7787272480740696e-05,0.00017336181589843795,0.0017336164395968688
7762471166.286927,4645051883.7542095,0.026379455829465985,5.913331096945826e-05,0.00017739993125418026,0.001773997470184997
7943282347.242822,4753249041.426198,0.026993912290472228,6.051070272208129e-05,0.0001815321063937425,0.001815319089816659
8128305161.640995,4863966434.656637,0.027622681281081533,6.192017804992797e-05,0.0001857605322505145,0.001857603207196766
8317637711.026709,4977262767.272939,0.028266096182935484,6.336248427545139e-05,0.0001900874507912503,0.0019008722413188872
8511380382.023759,5093198110.49031,0.02892449814313164,6.483838612847944e-05,0.0001945151562047853,0.0019451491333492036
8709635899.560797,5211833934.76231,0.029598236255104278,6.634866615168477e-05,0.0001990459961184425,0.001990457358787123
8912509381.33744,5333233142.373299,0.030287667743718348,6.789412511549901e-05,0.00020368237284277237,0.0020368209399089852
9120108393.559114,5457460100.79008,0.030993158154674925,6.947558244269205e-05,0.00020842674464528687,0.002084264458501443
9332543007.969925,5584580676.790306,0.03171508154832796,7.10938766428397e-05,0.00021328162705385855,0.002132813068891215
9549925860.214369,5714662271.386027,0.032453820698016625,7.274986575691377e-05,0.00021824959419048705,0.0021824925112782015
9772372209.558111,5847773855.560536,0.03320976729301649,7.444442781222589e-05,0.00022333328013612573,0.0022333291253788857
10000000000.0,5983986006.837701,0.033983322146218346,7.617846128796895e-05,0.00022853538032730172,0.0022853498643873147
10232929922.807537,6123370946.70311,0.03477489540664458,7.795288559160274e-05,0.00023385865298526762,0.0023385823092610244
10471285480.508986,6266002578.896856,0.035584906776915566,7.97686415463356e-05,0.00023930592057844086,0.0023930546833394453
10715193052.376093,6411956528.5983095,0.036413785735781745,8.162669188996151e-05,0.00024488007131890976,0.0024487958673025407
10964781961.43183,6561310182.523451,0.037261971765838175,8.352802178531454e-05,0.0002505840606937901,0.0025058354144774976
11220184543.019653,6714142729.956627,0.03812991458654566,8.547363934261856e-05,0.0002564209130322682,0.0025642035665017827
11481536214.968842,6870535204.737385,0.039018074392675864,8.74645761539958e-05,0.00026239372310911895,0.002623931269350432
11748975549.395304,7030570528.225978,0.039926922098314326,8.9501887840434e-05,0.0002685056577856001,0.002685050189736524
12022644346.174131,7194333553.26924,0.04085693958654462,9.158665461148863e-05,0.00027475995768855066,0.0027475927318931018
12302687708.123812,7361911109.190707,0.041808619964949216,9.371998183802428e-05,0.00028115993892860604,0.0028115920547456086
12589254117.941662,7533392047.828682,0.04278246782706175,9.590300063829674e-05,0.0002877089948584354,0.002877082089483848
12882495516.931322,7708867290.646645,0.04377899951990908,9.813686847768622e-05,0.00029441059787193116,0.0029440975575427248
13182567385.5641,7888429876.941063,0.04479874341778562,0.00010042276978240115,0.00030126830124530934,0.003012673989001297
13489628825.916506,8072175013.1718855,0.04584224020240338,0.00010276191656747394,0.0003082857410210859,0.0030828477414097297
13803842646.028866,8260200123.442624,0.046910043149570604,0.00010515554907939144,0.00031546663793595534,0.0031546560190543597
14125375446.227554,8452604901.155454,0.048002718422543375,0.00010760493645368396,0.0003228147993935447,0.0032281368926705273
14454397707.45928,8649491361.870327,0.04912084537221486,0.00011011137738784159,0.0003303341214831484,0.00330332931961417
14791083881.682072,8850963897.39482,0.050265016844293964,0.00011267620082989829,0.00033802859104546543,0.0033802731645023107
15135612484.362072,9057129331.134066,0.051435839493640056,0.00011530076668305737,0.00034590228778645936,0.0034590092203335655
15488166189.124796,9268096974.72996,0.052633934105919496,0.00011798646652672978,0.0003539593864404558,0.0035395792300997337
15848931924.611109,9483978686.019619,0.053859935926754365,0.00012073472435436687,0.00036220415898362263,0.0036220259088998283
16218100973.58933,9704888928.343945,0.05511449499853836,0.00012354699732848083,0.00037064097689901,0.0037063929665682232
16595869074.375631,9930944831.237432,0.056398276505096955,0.0001264247765532483,0.00037927431349434135,0.003792725130828706
16982436524.61746,10162266252.532036,0.057711961124377986,0.00012936958786511588,0.00038810874627380563,0.003881068170986858
17378008287.493763,10398975841.907228,0.059056245389355284,0.00013238299264181587,0.00039714895936508114,0.003971468922172898
17782794100.38923,10641199105.920517,0.06043184205733983,0.00013546658863022903,0.00040639974600289606,0.004063975310147961
18197008586.099827,10889064474.552687,0.06183948048789317,0.00013862201079352986,0.00041586601107043773,0.00415863637668674
18620871366.628654,11142703369.303068,0.06327990702954346,0.0001418509321780648,0.00042555277369995533,0.004255502305549839
19054607179.632523,11402250272.871021,0.06475388541550971,0.000145155064800423,0.0004354651699339411,0.0043546244490594785
19498445997.580414,11667842800.460178,0.0662621971686417,0.00014853616055516555,0.00044560845544828256,0.004456055355292346
19952623149.688828,11939621772.744392,0.06780564201579692,0.00015199601214370875,0.00045598800833887543,0.004559848795904287
20417379446.695316,12217731290.532047,0.06938503831186243,0.00015553645402482813,0.0004666093319730954,0.004666059794600607
20892961308.54041,12502318811.17073,0.07100122347366043,0.00015915936338731758,0.00047747805790773344,0.004774744656267849
21379620895.022324,12793535226.73085,0.07265505442395646,0.00016286666114529545,0.0004885999488748678,0.0048859609967815245
21877616239.495518,13091534944.010643,0.07434740804581143,0.000166660312956697,0.0004999809018372927,0.004999767773505773
22387211385.683376,13396475966.404697,0.07607918164751654,0.00017054233026549047,0.0005116269511151134,0.0051162253165007695
22908676527.6777,13708519977.679466,0.07785129343835821,0.00017451477136816942,0.0005235442715851671,0.005235395360454221
23442288153.199276,14027832427.700169,0.07966468301546491,0.00017857974250508677,0.0005357391819549658,0.005357341077353563
23988329190.19485,14354582620.154236,0.08152031186199248,0.00018273939897720575,0.0005482181481128824,0.0054821271099158315
24547089156.850334,14688943802.318987,0.08341916385691883,0.0001869959462888743,0.0005609877865564064,0.00560981960579303
25118864315.09582,15031093256.918827,0.08536224579670496,0.00019135164131719955,0.0005740548679001922,0.005740486252569945
25703957827.68865,15381212396.123526,0.0873505879291154,0.00019580879350867924,0.0005874263204658739,0.00587419631357369
26302679918.953815,15739486857.735064,0.08938524449946758,0.0002003697661036939,0.0006011092339554572,0.006011020664512683
26915348039.26914,16106106603.615307,0.09146729430960694,0.0002050369773895255,0.000615110863210283,0.00615103183096458
27542287033.381634,16481266020.406317,0.09359784128990206,0.00020981290198256197,0.0006294386320575437,0.0062943040267324215
28183829312.644493,16865164022.59669,0.09577801508456296,0.00021470007214036724,0.0006441001372463885,0.006440913193088908
28840315031.266117,17258004157.988747,0.09800897165059398,0.00021970107910431488,0.0006591031524757117,0.006590937038929139
29512092266.663902,17659994715.62199,0.10029189387069586,0.00022481857447349043,0.0006744556325157395,0.006744455081852382
30199517204.02019,18071348836.211124,0.10262799218044814,0.00023005527161060484,0.0006901657174256401,0.006901548690194513
30902954325.13592,18492284625.155796,0.10501850521009656,0.0002354139470806464,0.0007062417368693439,0.0070623011260322385
31622776601.683792,18923025268.18305,0.10746470044129162,0.00024089744212304822,0.0007226922145318951,0.007226797589181665
32359365692.96281,19363799149.683342,0.10996787487912413,0.00024650866415814454,0.0007395258726386629,0.007395125262213659
33113112148.259075,19814839973.80298,0.11252935573981444,0.0002522505883287175,0.0007567516365798123,0.007567373356509138
33884415613.92034,20276386888.357224,0.11515050115442059,0.0002581262590774513,0.0007743786396424832,0.0077436331593779386
34673685045.2531,20748684611.62922,0.11783270088893495,0.0002641387917611239,0.0007924162278531709,0.007923998082265151
35481338923.357605,21231983562.123775,0.12057737708116174,0.00027029137430241375,0.000810873964932937,0.008108563710070247
36307805477.01018,21726539991.341415,0.12338598499474679,0.0002765872688801559,0.000829761637367953,0.008297427851602836
37153522909.71728,22232616119.647213,0.12626001379078258,0.00028302981365899474,0.0008490892595982198,0.00849069059120236
38018939632.05613,22750480275.30312,0.12920098731737917,0.00028962242455930895,0.0008688670793270822,0.008688454341546586
38904514499.42805,23280407036.73919,0.1322104649176286,0.00029636859706836754,0.0008891055829544237,0.008890823897676432
39810717055.34969,23822677378.13876,0.1352900422563898,0.00030327190809367364,0.000909815501136402,0.009097906492264206
40738027780.41122,24377578818.414627,0.1384413521663307,0.00031033601785947543,0.0009310078144746635,0.009309811852153141
41686938347.03364,24945405573.655525,0.14166606551367872,0.00031756467184745495,0.0009526937593380715,0.009526652256196835
42657951880.159164,25526458713.122845,0.14496589208413296,0.0003249617027826117,0.000974884833819994,0.00974854259442725
43651583224.016655,26121046318.8827,0.14834258148942187,0.0003325310326654245,0.0009975928038343978,0.009975600428581888
44668359215.09635,26729483649.153645,0.15179792409496204,0.00034027667485131343,0.001020829709353818,0.010207946054018657
45708818961.48752,27352093305.461906,0.15533375196914037,0.00034820273617857284,0.00104460787079271,0.010445702563051319
46773514128.71981,27989205403.688488,0.1589519398546981,0.00035631341914584653,0.001068939895539394,0.010688995909735325
47863009232.2638,28641157749.10103,0.16265440616274437,0.0003646130241403305,0.0010938386846401514,0.010937954976136935
48977881936.84457,29308296015.46269,0.16644311398992376,0.0003731059517178748,0.0011193174396389785,0.011192711640118081
50118723362.72715,29990973928.31291,0.17032007215927567,0.00038179670493619476,0.001145389669576631,0.011453400844670334
51286138399.13659,30689553452.5175,0.17428733628533974,0.0003906898917424294,0.0011720691981526685,0.011720160668831909
52480746024.97734,31404404984.186775,0.17834700986406732,0.000399790227416306,0.0011993701710542675,0.011993132400222112
53703179637.02533,32135907547.065094,0.1825012453881265,0.0004091025370702245,0.0012273070634557532,0.012272460609229067
54954087385.76248,32884448993.49389,0.18675224548818004,0.00041863175820756226,0.0012558946876927337,0.012558293224885733
56234132519.034904,33650426210.056183,0.19110226410074965,0.0004283829433405743,0.001285148201114968,0.012850781612471439
57543993733.71567,34434245328.01109,0.19555360766328297,0.00043836126266926813,0.0013150831141220988,0.013150080652875753
58884365535.55884,35236321938.63003,0.2001086363370573,0.000448572006822678,0.0013457152983865168,0.013456348823762688
60255958607.435936,36057081313.54884,0.2047697652585694,0.00045902058966398976,0.0013770609952677131,0.01376974828257368
61659500186.148094,36896958630.25168,0.20953946582006808,0.00046971255116099256,0.0014091368244225333,0.014090444951408066
63095734448.019424,37756399202.80958,0.21442026697992908,0.0004806535603234208,0.001441959792616028,0.01441860860382222
64565422903.46562,38635858717.98967,0.21941475660352966,0.0004918494182086642,0.001475547302737322,0.014754412953585242
66069344800.75964,39535803476.868095,0.22452558283537916,0.000503306060997537,0.0015099171630255704,0.015098035745435254
67608297539.19819,40456710642.06818,0.22975545550319534,0.0005150295631416555,0.001545087596510644,0.015449658847875605
69183097091.89363,41399068490.75856,0.23510714755469234,0.0005270261405841376,0.0015810772506736758,0.015809468348054533
70794578438.41373,42363376673.544174,0.2405834965278337,0.0005393021540553166,0.0016179052073325409,0.01617765464877085
72443596007.49892,43350146479.38771,0.24618740605533332,0.0005518641124452193,0.001655590992757509,0.016554412567649217
74131024130.09192,44359901106.7018,0.25192184740419993,0.0005647186762545949,0.001694154588022424,0.016939941438529137
75857757502.9182,45393175940.75501,0.2577898610511381,0.0005778726611263169,0.0017336164395968614,0.01733444521511203
77624711662.86928,46450518837.54211,0.2637945582946599,0.0005913330414590684,0.0017739974701849973,0.017738132576912893
79432823472.42822,47532490414.26198,0.2699391229047223,0.0006051069541051423,0.0018153190898166588,0.018151217037559727
81283051616.40996,48639664346.566376,0.27622681281081535,0.000619201702154428,0.001857603207196766,0.018573917055490254
83176377110.26709,49772627672.72939,0.28266096182935485,0.0006336247588064933,0.0019008722413188875,0.01900645614708996
85113803820.2376,50931981104.90311,0.28924498143131644,0.0006483837713328706,0.001945149133349204,0.019449063002320095
87096358995.60797,52118339347.62311,0.2959823625510428,0.0006634865651316255,0.0019904573587871234,0.019901971602882748
89125093813.3744,53332331423.73298,0.30287667743718344,0.0006789411478763645,0.002036820939908985,0.02036542134297104
91201083935.59116,54574601007.90081,0.3099315815467493,0.0006947557137618807,0.0020842644585014436,0.020839657152652822
93325430079.69925,55845806767.90306,0.31715081548327956,0.0007109386478486711,0.002132813068891215,0.0213249296239358
95499258602.14369,57146622713.86028,0.3245382069801663,0.0007274985305086735,0.002182492511278202,0.02182149513956435
97723722095.58112,58477738555.60536,0.3320976729301649,0.0007444441419745196,0.0022333291253788857,0.022329616004595064
100000000000.0,59839860068.377014,0.3398332214621835,0.0007617844669947603,0.002285349864387315,0.022849560580801447
102329299228.07536,61233709467.0311,0.3477489540664458,0.0007795286995975111,0.0023385823092610244,0.02338160342395625
104712854805.08984,62660025788.96855,0.3558490677691556,0.0007976862479650498,0.002393054683339445,0.023926025424040598
107151930523.76093,64119565285.98309,0.36413785735781745,0.0008162667394219488,0.0024487958673025403,0.024483113948428836
109647819614.31828,65613101825.234505,0.3726197176583817,0.0008352800255393634,0.002505835414477497,0.02505316298809699
112201845430.19653,67141427299.56627,0.38129914586545655,0.0008547361873582583,0.0025642035665017827,0.025636473306905397
114815362149.6884,68705352047.37384,0.39018074392675856,0.0008746455407341986,0.0026239312693504316,0.026233352593999254
117489755493.95303,70305705282.2598,0.3992692209831434,0.0008950186418067099,0.0026850501897365243,0.02684411561937931
120226443461.74132,71943335532.69241,0.4085693958654462,0.0009158662925959619,0.0027475927318931018,0.027469084392685143
123026877081.23811,73619111091.90707,0.4180861996494922,0.0009371995467298253,0.002811592054745609,0.028108588325239128
125892541179.41661,75333920478.2868,0.4278246782706174,0.0009590297153043054,0.0028770820894838474,0.02876296439539487
128824955169.31323,77088672906.46646,0.43778999519909084,0.0009813683728804624,0.002944097557542725,0.029432557317233984
131825673855.641,78884298769.41063,0.4479874341778562,0.0010042273636210036,0.0030126739890012967,0.0301177197126533
134896288259.16505,80721750131.71886,0.4584224020240338,0.0010276188075697716,0.0030828477414097293,0.030818812286882668
138038426460.28867,82602001234.42624,0.469100431495706,0.001051555107077536,0.0031546560190543593,0.03153620400747439
141253754462.27554,84526049011.55453,0.4800271842254337,0.001076048953377341,0.003228136892670527,0.03227027228679666
144543977074.5928,86494913618.70328,0.49120845372214866,0.0011011133333130852,0.00330332931961417,0.033021403168071485
147910838816.8207,88509638973.94818,0.5026501684429396,0.0011267615362247367,0.0033802731645023103,0.033789991514984206
151356124843.62073,90571293311.34065,0.5143583949364006,0.0011530071609939178,0.003459009220333565,0.034576441204896675
154881661891.24796,92680969747.29959,0.526339341059195,0.0011798641232535691,0.0035395792300997333,0.035381165325689336
158489319246.11108,94839786860.19618,0.5385993592675437,0.0012073466627655102,0.0036220259088998283,0.03620458637625507
162181009735.8933,97048889283.43945,0.5511449499853837,0.001235469350969817,0.0037063929665682232,0.037047136470663926
165958690743.75632,99309448312.37434,0.5639827650509697,0.0012642470987099753,0.0037927251308287066,0.03790925754601213
169824365246.1746,101622662525.32036,0.5771196112437799,0.0012936951641379902,0.003881068170986858,0.038791401573968154
173780082874.93762,103989758419.07228,0.5905624538935528,0.0013238291608035292,0.003971468922172898,0.03969403077601719
177827941003.89227,106411991059.20517,0.6043184205733982,0.0013546650659314614,0.00406397531014796,0.040617617842406036
181970085860.99826,108890644745.52686,0.6183948048789316,0.0013862192288921487,0.004158636376686739,0.04156264615478019
186208713666.28656,111427033693.03069,0.6327990702954347,0.0014185083798689776,0.004255502305549839,0.042529610012500295
190546071796.32523,114022502728.71022,0.6475388541550972,0.00145154963872773,0.0043546244490594785,0.04351901486261682
194984459975.80414,116678428004.60178,0.662621971686417,0.0014853605240924446,0.0044560553552923455,0.04453137753347322
199526231496.88828,119396217727.44392,0.6780564201579693,0.001519958962632714,0.004559848795904287,0.045567226471904074
204173794466.95316,122177312905.32045,0.6938503831186242,0.0015553632985670783,0.004666059794600606,0.046627101983973816
208929613085.40408,125023188111.7073,0.7100122347366044,0.0015915923033878576,0.004774744656267849,0.04771155647920828
213796208950.22324,127935352267.30852,0.7265505442395647,0.0016286651858123192,0.004885960996781525,0.04882115471824329
218776162394.95517,130915349440.10641,0.7434740804581141,0.0016666016019655841,0.004999767773505771,0.04995647406381434
223872113856.83377,133964759664.047,0.7607918164751655,0.0017054216658006162,0.00511622531650077,0.0511181047349929
229086765276.777,137085199776.79466,0.778512934383582,0.0017451459597608208,0.005235395360454221,0.05230665006456221
234422881531.99274,140278324277.00168,0.796646830154649,0.001785795545690901,0.005357341077353563,0.053522726759410805
239883291901.9485,143545826201.54233,0.8152031186199246,0.0018273919760016938,0.00548212710991583,0.05476696516380294
245470891568.50336,146889438023.18988,0.8341916385691883,0.0018699573050950597,0.00560981960579303,0.056040009525374794
251188643150.95822,150310932569.18826,0.8536224579670496,0.0019135141010545606,0.005740486252569945,0.05734251826367126
257039578276.88647,153812123961.23526,0.8735058792911541,0.001958085457608498,0.0058741963135736895,0.05867516424103885
263026799189.53815,157394868577.35065,0.893852444994676,0.0020036950063713125,0.006011020664512684,0.06003863503564658
269153480392.6914,161061066036.15308,0.9146729430960695,0.0020503669293700038,0.00615103183096458,0.06143363321639809
275422870333.81635,164812660204.06314,0.9359784128990204,0.002098125971862142,0.00629430402673242,0.0628608766194652
281838293126.44495,168651640225.9669,0.9577801508456295,0.002146997455452239,0.006440913193088909,0.0643210986261477
288403150312.66113,172580041579.88745,0.9800897165059397,0.0021970072915134453,0.006590937038929138,0.06581504844173434
295120922666.639,176599947156.21988,1.0029189387069584,0.0022481819949216122,0.006744455081852381,0.06734349137500686
301995172040.2019,180713488362.11124,1.0262799218044814,0.0023005486981091013,0.006901548690194511,0.06890720911799897
309029543251.3592,184922846251.55795,1.0501850521009655,0.002354135165445601,0.007062301126032238,0.07050700002557776
316227766016.83795,189230252681.8305,1.0746470044129164,0.0024089698079536887,0.007226797589181665,0.07214367939438394
323593656929.6281,193637991496.83344,1.0996787487912414,0.0024650816983668466,0.00739512526221366,0.0738180797406199
331131121482.59076,198148399738.02982,1.1252935573981446,0.0025225005865379155,0.007567373356509139,0.07553105107613127
338844156139.2034,202763868883.57224,1.151505011544206,0.002581256915206114,0.0077436331593779386,0.0772834611821792
346736850452.53094,207486846116.29218,1.1783270088893494,0.0026413818361309027,0.007923998082265151,0.07907619588024704
354813389233.57605,212319835621.23776,1.2057737708116176,0.0027029072266014187,0.008108563710070248,0.0809101592991776
363078054770.10175,217265399913.41412,1.2338598499474678,0.002765865706329785,0.008297427851602836,0.08278627413785941
371535229097.1728,222326161196.47214,1.262600137907826,0.0028302906547377337,0.008490690591202358,0.08470548192264582
380189396320.5613,227504802753.03116,1.2920098731737915,0.0028962162286452257,0.008688454341546584,0.08666874325859354
389045144994.28046,232804070367.39188,1.322104649176286,0.0029636773803706426,0.008890823897676432,0.08867703807355674
398107170553.49695,238226773781.3876,1.3529004225638979,0.0030327098762520234,0.009097906492264206,0.09073136585408569
407380277804.1122,243775788184.14624,1.3844135216633067,0.0031033503155991123,0.00930981185215314,0.09283274587200008
416869383470.33636,249454055736.55524,1.416660655136787,0.00317563615008625,0.009526652256196833,0.09498221740042104
426579518801.5917,255264587131.22845,1.4496589208413297,0.003249605703596204,0.00974854259442725,0.09718083991794776
436515832240.16656,261210463188.827,1.4834258148942185,0.0033252981925257154,0.009975600428581888,0.09942969329958026
446683592150.9635,267294836491.53647,1.5179792409496204,0.0034027537465629,0.010207946054018655,0.1017298779928575
457088189614.8752,273520933054.61908,1.5533375196914039,0.003482013429948118,0.010445702563051319,0.10408251517760665
467735141287.1981,279892054036.8849,1.5895193985469809,0.003563119263228955,0.010688995909735327,0.10648874690754365
478630092322.638,286411577491.01025,1.6265440616274436,0.0036461142455210573,0.010937954976136933,0.10894973623186498
489778819368.4456,293082960154.62683,1.6644311398992373,0.0037310423772864533,0.011192711640118078,0.11146666729482702
501187233627.2715,299909739283.129,1.7032007215927565,0.0038179486836413317,0.011453400844670333,0.11404074541116996
512861383991.36584,306895534525.17505,1.7428733628533977,0.003906879238205563,0.011720160668831909,0.11667319711509563
524807460249.7734,314044049841.8677,1.7834700986406729,0.0039978811875064045,0.011993132400222109,0.1193652701803474
537031796370.25323,321359075470.6509,1.8250124538812647,0.004091002775949431,0.012272460609229062,0.1221182336087827
549540873857.6248,328844489934.9389,1.8675224548818006,0.004186293371369503,0.012558293224885735,0.12493337758463806
562341325190.3491,336504262100.5618,1.9110226410074964,0.004283803491175397,0.012850781612471439,0.1278120133915166
575439937337.1566,344342453280.11084,1.9555360766328291,0.004383584829101757,0.013150080652875751,0.13075547328892365
588843655355.5884,352363219386.3003,2.001086363370573,0.004485690282582365,0.01345634882376269,0.1337651103449739
602559586074.3594,360570813135.4884,2.047697652585694,0.004590173980759114,0.013769748282573678,0.13684229822167857
616595001861.481,368969586302.51685,2.095394658200681,0.0046970913131412426,0.014090444951408067,0.13998843090899057
630957344480.1943,377563992028.0958,2.144202669799291,0.004806498958930198,0.014418608603822223,0.1432049224035645
645654229034.6562,386358587179.8967,2.194147566035297,0.004918454917024739,0.014754412953585242,0.1464932063279066
660693448007.5964,395358034768.68097,2.2452558283537916,0.005033018536722899,0.015098035745435254,0.1498547354853818
676082975391.9819,404567106420.68176,2.2975545550319536,0.005150250549136041,0.015449658847875603,0.15329098134622451
691830970918.9363,413990684907.5855,2.351071475546923,0.005270213099331878,0.01580946834805453,0.15680343345945516
707945784384.1373,423633766735.4418,2.4058349652783373,0.005392969779223045,0.01617765464877085,0.16039359878529852
724435960074.9891,433501464793.8771,2.461874060553333,0.005518585661218415,0.016554412567649217,0.164063000942402
741310241300.9192,443599011067.01807,2.519218474042,0.0056471273326546894,0.01693994143852914,0.16781317936384213
758577575029.182,453931759407.5501,2.577898610511381,0.00577866293102604,0.017334445215112026,0.17164568835558253
776247116628.6927,464505188375.421,2.637945582946599,0.005913262180030621,0.017738132576912893,0.1755620960507369
794328234724.2821,475324904142.6197,2.6993912290472224,0.006050996426451709,0.01815121703755972,0.17956398325261227
812830516164.0995,486396643465.6637,2.762268128108153,0.006191938677893808,0.01857391705549025,0.18365294215922698
831763771102.6709,497726276727.2939,2.8266096182935483,0.006336163641392292,0.019006456147089956,0.1878305749615885
851138038202.3759,509319811049.03094,2.8924498143131636,0.006483747762917117,0.019449063002320088,0.19209849230770837
870963589956.0796,521183393476.23096,2.9598236255104275,0.006634769267790873,0.01990197160288274,0.19645831162395944
891250938133.744,533323314237.3298,3.0287667743718343,0.006789308202042054,0.02036542134297104,0.20091165528503463
912010839355.9115,545746010079.0081,3.0993158154674934,0.006947446474714963,0.020839657152652822,0.20546014862342038
933254300796.9924,558458067679.0306,3.1715081548327957,0.0071092679011578435,0.0213249296239358,0.21010541776894912
954992586021.4369,571466227138.6028,3.245382069801663,0.00727485824731196,0.02182149513956435,0.21484908730868402
977237220955.8112,584777385556.0537,3.320976729301649,0.007444305275023836,0.022329616004595067,0.2196927777570437
1000000000000.0,598398600683.7701,3.398332214621835,0.007617698788404287,0.02284956058080145,0.22463810282580532
1023292992280.7537,612337094670.311,3.4774895406644584,0.007795130681257883,0.023381603423956253,0.22968666648333602
1047128548050.8986,626600257889.6857,3.5584906776915566,0.00797669498560708,0.023926025424040605,0.23484005979216382
1071519305237.6093,641195652859.8309,3.6413785735781747,0.00816248792133588,0.02448311394842884,0.24009985751379442
1096478196143.1829,656131018252.3451,3.7261971765838173,0.008352607946978039,0.02505316298809699,0.2454676144695082
1122018454301.9653,671414272995.6627,3.8129914586545657,0.008547155811676439,0.025636473306905397,0.2509448616457906
1148153621496.884,687053520473.7385,3.9018074392675866,0.008746234608338607,0.02623335259399926,0.2565331020329379
1174897554939.5303,703057052822.5979,3.992692209831433,0.008949949828016994,0.02684411561937931,0.26223380618548797
1202264434617.413,719433355326.9241,4.085693958654462,0.009158409415540148,0.027469084392685143,0.26804840749314085
1230268770812.381,736191110919.0708,4.180861996494922,0.009371723826423536,0.028108588325239128,0.2739782971510895
1258925411794.1663,753339204782.8682,4.278246782706175,0.009590006085088455,0.02876296439539488,0.28002481881895286
1288249551693.1323,770886729064.6646,4.3778999519909085,0.009813371844418278,0.02943255731723398,0.2861892629579321
1318256738556.4102,788842987694.1064,4.4798743417785625,0.01004193944668185,0.030117719712653306,0.2924728608363655
1348962882591.6506,807217501317.1886,4.584224020240338,0.0102758299858542,0.030818812286882668,0.2988767781945513
1380384264602.8867,826020012344.2625,4.691004314957061,0.010515167371366464,0.03153620400747439,0.3054021085606126
1412537544622.7554,845260490115.5454,4.800271842254338,0.010760078393314935,0.03227027228679666,0.31204986621016284
1445439770745.928,864949136187.0327,4.912084537221486,0.011010692789163612,0.03302140316807148,0.31882097876388954
1479108388168.2073,885096389739.4819,5.026501684429396,0.011267143311971338,0.033789991514984206,0.32571627941855524
1513561248436.2073,905712933113.4066,5.143583949364006,0.011529565800178,0.034576441204896675,0.33273649880870537
1548816618912.4858,926809697472.9996,5.263393410591971,0.011798099248983661,0.035381165325689475,0.33988225649833126
1584893192461.1108,948397868601.9619,5.385993592675437,0.012072885883355117,0.03620458637625508,0.3471540521040021
1621810097358.933,970488892834.3945,5.511449499853836,0.012354071232696306,0.03704713647066392,0.3545522560535915
1659586907437.5564,993094483123.7393,5.639827650509673,0.012641804207216696,0.03790925754601198,0.36207709998754206
1698243652461.746,1016226625253.2037,5.771196112437799,0.012936237176037037,0.038791401573968154,0.36972866681298083
1737800828749.3762,1039897584190.7229,5.905624538935529,0.01323752604706687,0.03969403077601719,0.3775068804244516
1778279410038.9229,1064119910592.0518,6.043184205733983,0.01354583034869463,0.040617617842406036,0.38541149510917183
1819700858609.9827,1088906447455.2686,6.183948048789317,0.013861313313326842,0.04156264615478019,0.39344208465896974
1862087136662.8657,1114270336930.3071,6.327990702954348,0.014184141962816935,0.042529610012500295,0.4015980312159277
1905460717963.2522,1140225027287.102,6.47538854155097,0.014514487195823234,0.04351901486261681,0.40987851388391766
1949844599758.0415,1166784280046.0178,6.6262197168641706,0.014852523877136486,0.04453137753347322,0.41828249714382626
1995262314968.8828,1193962177274.4392,6.7805642015796925,0.015198430929019353,0.045567226471904074,0.42680871911633117
2041737944669.5317,1221773129053.2046,6.938503831186243,0.015552391424597375,0.04662710198397382,0.43545567972242766
2089296130854.0408,1250231881117.073,7.100122347366043,0.015914592683346857,0.047711556479208266,0.4442216287988506
2137962089502.2324,1279353522673.0852,7.265505442395647,0.016285226368720356,0.04882115471824328,0.4531045542325754
2187761623949.5518,1309153494401.0642,7.434740804581142,0.016664488587954673,0.04995647406381434,0.462102170186171
2238721138568.347,1339647596640.4756,7.607918164751687,0.017052579994105463,0.051118104734993106,0.47121190549351155
2290867652767.77,1370851997767.9465,7.785129343835821,0.017449705890352718,0.052306650064562206,0.48043089231333785
2344228815319.9272,1402783242770.0166,7.966468301546489,0.017856076336624106,0.05352272675941079,0.4897559551363418
2398832919019.485,1435458262015.4233,8.152031186199247,0.01827190625857915,0.054766965163802944,0.499183600249527
2454708915685.0337,1468894380231.899,8.341916385691885,0.018697415559004647,0.056040009525374794,0.5087100057699049
2511886431509.582,1503109325691.8826,8.536224579670495,0.019132829231663775,0.05734251826367126,0.5183310123673547
2570395782768.8647,1538121239612.3528,8.735058792911541,0.019578377477650327,0.058675164241038864,0.5280421148043495
2630267991895.3813,1573948685773.506,8.938524449946756,0.020034295824292656,0.06003863503564657,0.5378384544272834
2691534803926.914,1610610660361.5308,9.146729430960695,0.020500825246657108,0.06143363321639809,0.5477148127508353
2754228703338.1743,1648126602040.6382,9.359784128990244,0.020978212291698727,0.06286087661946546,0.5576656062825109
2818382931264.449,1686516402259.6685,9.577801508456293,0.02146670920510747,0.06432109862614767,0.5676848827392653
2884031503126.612,1725800415798.8745,9.800897165059396,0.02196657406090058,0.06581504844173434,0.5777663188116683
2951209226666.378,1765999471562.192,10.029189387069545,0.02247807089380643,0.06734349137500659,0.5879032196330297
3019951720402.019,1807134883621.1123,10.262799218044814,0.023001469834494016,0.06890720911799897,0.5980885201114512
3090295432513.592,1849228462515.5796,10.501850521009656,0.023537047247691414,0.07050700002557776,0.608314788281008
3162277660168.3794,1892302526818.3052,10.746470044129165,0.024085085873247532,0.07214367939438394,0.6185742308247735
3235936569296.2812,1936379914968.3345,10.996787487912414,0.024645874970182002,0.07381807974061991,0.628858700916123
3311311214825.9077,1981483997380.298,11.252935573981446,0.025219710463773855,0.07553105107613126,0.6391597085161822
3388441561392.034,2027638688835.7224,11.51505011544206,0.025806895095736547,0.0772834611821792,0.6494684332537444
3467368504525.3096,2074868461162.9219,11.783270088893495,0.026407738577526426,0.07907619588024706,0.659775739999543
3548133892335.7603,2123198356212.3777,12.057737708116175,0.027022557746834038,0.0809101592991776,0.6700721972292952
3630780547701.0176,2172653999134.1414,12.338598499474678,0.02765167672730029,0.08278627413785941,0.6803480982491258
3715352290971.728,2223261611964.7217,12.62600137907826,0.028295427091508233,0.0847054819226458,0.6905934853332697
3801893963205.613,2275048027530.3115,12.920098731737914,0.028954148027290464,0.08666874325859354,0.7007981767967554
3890451449942.8047,2328040703673.919,13.221046491762861,0.02962818650739773,0.08867703807355674,0.7109517969957995
3981071705534.9854,2382267737813.8853,13.529004225639031,0.03031789746256985,0.09073136585408602,0.7210438092156572
4073802778041.122,2437757881841.463,13.84413521663307,0.031023643958048415,0.09283274587200009,0.7310635513701322
4168693834703.364,2494540557365.5522,14.16660655136787,0.03174579737357216,0.09498221740042104,0.7410002743992329
4265795188015.917,2552645871312.2847,14.496589208413297,0.0324847375868863,0.09718083991794776,0.7508431832117896
4365158322401.6655,2612104631888.27,14.834258148942185,0.033240853160806695,0.09942969329958026,0.7605814799792063
4466835921509.635,2672948364915.3643,15.179792409496201,0.034014541533862304,0.10172987799285749,0.7702044095448753
4570881896148.752,2735209330546.191,15.53337519691404,0.03480620921455193,0.10408251517760665,0.779701306672612
4677351412871.981,2798920540368.849,15.895193985469811,0.0356162719792347,0.10648874690754365,0.7890616448167641
4786300923226.38,2864115774910.1025,16.265440616274436,0.03644515507367894,0.10894973623186495,0.7982750860578963
4897788193684.477,2930829601546.281,16.644311398992443,0.03729329341828652,0.11146666729482747,0.807331531811561
5011872336272.715,2999097392831.29,17.032007215927564,0.03816113181700472,0.11404074541116993,0.816221173884748
5128613839913.658,3068955345251.75,17.428733628533973,0.039049125169937866,0.11667319711509563,0.824934545426033
5248074602497.712,3140440498418.664,17.834700986406656,0.03995773868965555,0.11936527018034694,0.833462571291867
5370317963702.532,3213590754706.509,18.25012453881265,0.0408874481212037,0.1221182336087827,0.8417966173340987
5495408738576.248,3288444899349.389,18.675224548818004,0.041838739965800294,0.12493337758463806,0.8499285381027983
5623413251903.491,3365042621005.618,19.110226410074965,0.042812111708208964,0.1278120133915166,0.8578507224550959
5754399373371.566,3443424532801.1084,19.555360766328292,0.04380807204776098,0.13075547328892365,0.8655561365648458
5888436553555.884,3523632193863.003,20.010863633705732,0.04482714113299773,0.1337651103449739,0.873038363840381
6025595860743.593,3605708131354.8833,20.476976525856934,0.04586985079989282,0.13684229822167857,0.8802916412782232
6165950018614.81,3689695863025.168,20.953946582006807,0.04693674481360299,0.13998843090899055,0.887310891809516
6309573444801.942,3775639920280.9575,21.442026697992905,0.04802837911369163,0.14320492240356447,0.8940917522329227
6456542290346.5625,3863585871798.9673,21.941475660352967,0.049145322062745994,0.14649320632790658,0.9006305963722198
6606934480075.965,3953580347686.8096,22.452558283537915,0.05028815469831354,0.1498547354853818,0.9069245531485136
6760829753919.818,4045671064206.817,22.97554555031953,0.05145747098805269,0.1532909813462245,0.9129715193147108
6918309709189.362,4139906849075.855,23.510714755469227,0.05265387808799086,0.15680343345945516,0.9187701666630276
7079457843841.402,4236337667354.435,24.05834965278347,0.05387799660376129,0.16039359878529919,0.9243199435835302
7244359600749.892,4335014647938.771,24.618740605533333,0.0551304608546742,0.16406300094240203,0.9296210709218823
7413102413009.192,4435990110670.18,25.192184740419993,0.05641191914046468,0.1678131793638421,0.9346745321563142
7585775750291.82,4539317594075.502,25.778986105113816,0.057723034010527134,0.17164568835558253,0.9394820579858538
7762471166286.928,4645051883754.211,26.379455829465996,0.05906448253544619,0.17556209605073694,0.9440461054929362
7943282347242.821,4753249041426.197,26.993912290472224,0.06043695658058532,0.17956398325261227,0.9483698321119435
8128305161640.995,4863966434656.638,27.622681281081537,0.06184116308149684,0.183652942159227,0.9524570647001319
8317637711026.709,4977262767272.939,28.266096182935485,0.06327782432086743,0.18783057496158853,0.956312264067193
8511380382023.759,5093198110490.311,28.924498143131643,0.06474767820670119,0.19209849230770842,0.9599404853736266
8709635899560.832,5211833934762.331,29.5982362551044,0.06625147855140415,0.1964583116239602,0.9633473348550345
8912509381337.441,5333233142373.299,30.287667743718348,0.06778999535140222,0.20091165528503466,0.966538923368738
9120108393559.115,5457460100790.081,30.993158154674934,0.06936401506689682,0.20546014862342035,0.9695218172901939
9332543007969.887,5584580676790.283,31.715081548327827,0.07097434090130803,0.21010541776894825,0.9723029873091062
9549925860214.37,5714662271386.028,32.45382069801663,0.07262179307994145,0.21484908730868402,0.9748897556888593
9772372209558.111,5847773855560.536,33.20976729301649,0.07430720912733971,0.21969277775704363,0.9772897425577416
10000000000000.0,5983986006837.701,33.98332214621835,0.07603144414276643,0.22463810282580526,0.9795108117968264
10232929922807.537,6123370946703.11,34.77489540664458,0.07779537107319286,0.22968666648333602,0.9815610170774416
10471285480508.984,6266002578896.855,35.58490677691556,0.07959988098312391,0.23484005979216377,0.9834485485816025
10715193052376.092,6411956528598.309,36.413785735781744,0.08144588332053505,0.2400998575137944,0.985181680912106
10964781961431.828,6561310182523.45,37.26197176583817,0.0833343061781307,0.24546761446950816,0.9867687226659819
11220184543019.652,6714142729956.627,38.12991458654566,0.08526609654908109,0.2509448616457906,0.9882179681064908
11481536214968.84,6870535204737.384,39.01807439267586,0.08724222057630333,0.25653310203293783,0.989537651325685
11748975549395.303,7030570528225.978,39.92692209831432,0.08926366379431072,0.26223380618548786,0.9907359032426873
12022644346174.13,7194333553269.239,40.85693958654461,0.09133143136254472,0.26804840749314074,0.9918207117331241
12302687708123.81,7361911109190.707,41.808619964949216,0.0934465482890427,0.27397829715108946,0.9927998851335949
12589254117941.713,7533392047828.711,42.782467827061915,0.09561005964319609,0.2800248188189539,0.9936810193124751
12882495516931.322,7708867290646.645,43.77899951990908,0.0978230307562589,0.28618926295793207,0.9944714684456503
13182567385564.102,7888429876941.064,44.79874341778562,0.10008654740817688,0.2924728608363655,0.9951783195837491
13489628825916.506,8072175013171.886,45.84224020240338,0.10240171599917618,0.2988767781945513,0.9958083710468316
13803842646028.867,8260200123442.625,46.91004314957061,0.10476966370447603,0.3054021085606127,0.9963681146339963
14125375446227.555,8452604901155.454,48.002718422543374,0.10719153861032152,0.3120498662101629,0.9968637215895818
14454397707459.28,8649491361870.327,49.120845372214866,0.1096685098294543,0.3188209787638896,0.9973010322251282
14791083881682.072,8850963897394.818,50.26501684429396,0.11220176759396193,0.3257162794185552,0.9976855490574491
15135612484362.072,9057129331134.066,51.43583949364006,0.11479252332333073,0.33273649880870537,0.9980224332884705
15488166189124.86,9268096974729.996,52.63393410591971,0.11744200966536339,0.33988225649833126,0.998316504422191
15848931924611.11,9483978686019.62,53.85993592675437,0.12015148050746258,0.3471540521040021,0.9985722427884449
16218100973589.332,9704888928343.947,55.114494998538376,0.12292221095562515,0.35455225605359153,0.9987937947222555
16595869074375.562,9930944831237.39,56.39827650509672,0.12575549727828333,0.362077099987542,0.9989849801315064
16982436524617.46,10162266252532.037,57.71196112437799,0.12865265681198865,0.3697286668129808,0.999149302174444
17378008287493.764,10398975841907.229,59.05624538935528,0.1316150278256783,0.3775068804244516,0.9992899587620555
17782794100389.227,10641199105920.516,60.43184205733982,0.13464396934011477,0.38541149510917183,0.9994098555985065
18197008586099.824,10889064474552.684,61.839480487893155,0.1377408608988211,0.3934420846589697,0.9995116204753408
18620871366628.656,11142703369303.07,63.27990702954347,0.14090710228663783,0.40159803121592763,0.999597618541763
19054607179632.523,11402250272871.021,64.75388541550971,0.14414411319177364,0.4098785138839177,0.9996699682836955
19498445997580.414,11667842800460.178,66.2621971686417,0.14745333280697004,0.41828249714382626,0.9997305579580357
19952623149688.83,11939621772744.393,67.80564201579692,0.1508362193651563,0.42680871911633117,0.9997810622451908
20417379446695.316,12217731290532.047,69.38503831186243,0.15429424960466023,0.43545567972242766,0.9998229589020704
20892961308540.41,12502318811170.732,71.00122347366045,0.15782891815881225,0.44422162879885063,0.9998575452187595
21379620895022.324,12793535226730.852,72.65505442395647,0.1614417368644315,0.45310455423257534,0.9998859541045743
21877616239495.52,13091534944010.645,74.34740804581143,0.16513423398341726,0.46210217018617106,0.9999091696525908
22387211385683.47,13396475966404.754,76.07918164751686,0.16890795333133823,0.47121190549351155,0.9999280420555303
22908676527677.7,13708519977679.465,77.8512934383582,0.17276445330658977,0.48043089231333785,0.9999433017695859
23442288153199.273,14027832427700.166,79.66468301546489,0.17670530581337665,0.4897559551363417,0.9999555728459371
23988329190194.85,14354582620154.234,81.52031186199247,0.18073209507139762,0.499183600249527,0.9999653853718928
24547089156850.336,14688943802318.988,83.41916385691884,0.1848464163048322,0.5087100057699048,0.9999731869844676
25118864315095.82,15031093256918.828,85.36224579670497,0.18904987430279876,0.5183310123673547,0.9999793534384215
25703957827688.645,15381212396123.523,87.35058792911539,0.19334408184318466,0.5280421148043494,0.9999841982281376
26302679918953.816,15739486857735.062,89.38524449946757,0.19773065797132752,0.5378384544272834,0.9999879812779835
26915348039269.14,16106106603615.309,91.46729430960696,0.20221122612472164,0.5477148127508353,0.9999909167288994
27542287033381.746,16481266020406.385,93.59784128990245,0.20678741209455803,0.557665606282511,0.9999931798598277
28183829312644.492,16865164022596.688,95.77801508456295,0.21146084181456626,0.5676848827392653,0.9999949131912528
28840315031266.117,17258004157988.746,98.00897165059398,0.2162331389673255,0.5777663188116683,0.9999962318246356
29512092266663.78,17659994715621.918,100.29189387069545,0.221105922397844,0.5879032196330297,0.9999972280760195
30199517204020.19,18071348836211.125,102.62799218044815,0.2260808033240025,0.5980885201114511,0.9999979754647135
30902954325135.92,18492284625155.797,105.01850521009656,0.23115938233308786,0.608314788281008,0.9999985321189199
31622776601683.793,18923025268183.047,107.46470044129161,0.23634324615351485,0.6185742308247734,0.9999989436596829
32359365692962.81,19363799149683.344,109.96787487912414,0.24163396419055203,0.628858700916123,0.9999992456228128
33113112148259.08,19814839973802.98,112.52935573981445,0.247033084814775,0.6391597085161822,0.9999994654757337
33884415613920.344,20276386888357.227,115.15050115442061,0.2525421313918534,0.6494684332537444,0.9999996242827217
34673685045253.098,20748684611629.22,117.83270088893495,0.2581625980422439,0.6597757399995429,0.9999997380679779
35481338923357.6,21231983562123.777,120.57737708116176,0.26389594511943454,0.6700721972292953,0.9999998189216023
36307805477010.18,21726539991341.418,123.3859849947468,0.26974359439544876,0.6803480982491259,0.9999998758889909
37153522909717.28,22232616119647.22,126.26001379078262,0.27570692394263424,0.6905934853332698,0.9999999156796107
38018939632056.125,22750480275303.117,129.20098731737914,0.2817872627010016,0.7007981767967553,0.9999999432266498
38904514499428.05,23280407036739.188,132.2104649176286,0.2879858847209015,0.7109517969957995,0.9999999621247958
39810717055349.85,23822677378138.85,135.2900422563903,0.2943040030713925,0.7210438092156571,0.9999999749694278
40738027780411.22,24377578818414.63,138.4413521663307,0.30074276340540657,0.7310635513701322,0.9999999836168831
41686938347033.63,24945405573655.523,141.6660655136787,0.3073032371737664,0.741000274399233,0.9999999893821976
42657951880159.17,25526458713122.848,144.96589208413297,0.3139864144811563,0.7508431832117896,0.9999999931878337
43651583224016.66,26121046318882.703,148.34258148942186,0.3207931965785722,0.7605814799792063,0.9999999956744023
44668359215096.35,26729483649153.645,151.79792409496204,0.3277243879881971,0.7702044095448753,0.9999999972822299
45708818961487.516,27352093305461.91,155.3337519691404,0.33478068825857626,0.779701306672612,0.9999999983108119
46773514128719.81,27989205403688.49,158.95193985469808,0.3419626833499211,0.7890616448167641,0.9999999989616769
47863009232263.805,28641157749101.03,162.65440616274438,0.3492708366517982,0.7982750860578964,0.9999999993689495
48977881936844.766,29308296015462.81,166.44311398992443,0.35670547963809596,0.8073315318115611,0.9999999996208961
50118723362727.15,29990973928312.906,170.32007215927567,0.3642668021671529,0.8162211738847481,0.9999999997749405
51286138399136.586,30689553452517.508,174.2873362853398,0.3719548424383191,0.824934545426033,0.9999999998680037
52480746024977.125,31404404984186.645,178.3470098640666,0.37976947661984783,0.833462571291867,0.999999999923541
53703179637025.33,32135907547065.094,182.5012453881265,0.38771040816724683,0.8417966173340988,0.9999999999562709
54954087385762.484,32884448993493.895,186.75224548818008,0.39577715685555154,0.8499285381027983,0.9999999999753134
56234132519034.91,33650426210056.18,191.10226410074964,0.4039690475540503,0.8578507224550959,0.9999999999862479
57543993733715.664,34434245328011.09,195.55360766328295,0.4122851987771683,0.8655561365648458,0.9999999999924428
58884365535558.836,35236321938630.03,200.10863633705733,0.42072451105104,0.873038363840381,0.9999999999959046
60255958607435.93,36057081313548.836,204.76976525856938,0.42928565514140266,0.8802916412782232,0.9999999999978121
61659500186148.09,36896958630251.69,209.53946582006813,0.43796706019498166,0.887310891809516,0.999999999998848
63095734448019.43,37756399202809.58,214.42026697992907,0.44676690185350293,0.8940917522329227,0.9999999999994025
64565422903465.625,38635858717989.67,219.41475660352967,0.45568309040664023,0.9006305963722198,0.9999999999996948
66069344800759.64,39535803476868.086,224.52558283537908,0.46471325905792715,0.9069245531485135,0.9999999999998465
67608297539198.19,40456710642068.17,229.75545550319532,0.4738547523853662,0.9129715193147108,0.9999999999999241
69183097091893.625,41399068490758.555,235.10714755469232,0.48310461508659863,0.9187701666630276,0.999999999999963
70794578438414.02,42363376673544.35,240.5834965278347,0.4924595811066222,0.9243199435835302,0.9999999999999823
72443596007498.9,43350146479387.7,246.1874060553333,0.5019160632542184,0.9296210709218823,0.9999999999999917
74131024130091.92,44359901106701.805,251.92184740419998,0.5114701434214102,0.9346745321563142,0.9999999999999961
75857757502918.2,45393175940755.016,257.78986105113813,0.5211175635280578,0.9394820579858538,0.9999999999999982
77624711662869.28,46450518837542.11,263.79455829465996,0.5308537173214214,0.9440461054929362,0.9999999999999992
79432823472428.22,47532490414261.98,269.93912290472224,0.5406736431673621,0.9483698321119435,0.9999999999999997
81283051616409.95,48639664346566.375,276.2268128108154,0.5505720179764245,0.9524570647001319,0.9999999999999999
83176377110267.1,49772627672729.39,282.66096182935485,0.5605431524133654,0.956312264067193,1.0
85113803820237.6,50931981104903.1,289.2449814313164,0.5705809875432254,0.9599404853736265,1.0
87096358995608.31,52118339347623.31,295.982362551044,0.5806790930701112,0.9633473348550345,1.0
89125093813374.4,53332331423732.984,302.87667743718345,0.5908306673264596,0.966538923368738,1.0
91201083935591.16,54574601007900.81,309.9315815467493,0.6010285391704511,0.9695218172901939,1.0
93325430079698.86,55845806767902.82,317.1508154832782,0.611265171946975,0.9723029873091062,1.0
95499258602143.69,57146622713860.27,324.53820698016625,0.6215326696633586,0.9748897556888593,1.0
97723722095581.11,58477738555605.36,332.0976729301649,0.6318227855240354,0.9772897425577416,1.0
100000000000000.0,59839860068377.016,339.83322146218353,0.6421269329590674,0.9795108117968265,1.0
