length_min,length_max,length,asymmetric_rate,fitted_rate,log_residual
0.05,30.0,0.05,21.900707299907126,21.78967749456378,-0.005082584869961809
0.05,30.0,0.07284347675710216,15.003397619669812,14.936973387178577,-0.004437108775683863
0.05,30.0,0.1061234421212497,10.270432437353403,10.234193292848323,-0.0035347323783325186
0.05,30.0,0.15460800979085865,7.023663600396487,7.007536000463497,-0.0022988208412767917
0.05,30.0,0.22524369935324473,4.79782810796201,4.794665733602943,-0.0006593435504603219
0.05,30.0,0.3281506835704358,3.2738407086725934,3.278447547781591,0.0014061774109419439
0.05,30.0,0.47807273382980475,2.232985053365692,2.2414612683283974,0.0037887257964791836
0.05,30.0,0.6964896014987136,1.5254085431713902,1.5347554334645876,0.0061087702692352915
0.05,30.0,1.014694481966698,1.048372909891568,1.0563320339459983,0.007563209292214895
0.05,30.0,1.47827747825402,0.7311453960868641,0.7362472951976425,0.006953720976350791
0.05,30.0,2.153657422554886,0.5244786850527701,0.5262064438593388,0.003288826150415544
0.05,30.0,3.1375978880527504,0.3934469507053553,0.39230108523199364,-0.0029166252621664846
0.05,30.0,4.5710707766300676,0.31290016254669306,0.3101424745164652,-0.008852383047115353
0.05,30.0,6.659453757450426,0.2648357920232987,0.2619359287510362,-0.011010054076952491
0.05,30.0,9.701955299916742,0.2368191497355757,0.23491787647972168,-0.00806077727617974
0.05,30.0,14.13448310775858,0.22072661776708052,0.22039719936972219,-0.0014935419299357989
0.05,30.0,20.592097834673318,0.21155072708911943,0.21286165548726727,0.006177635813956915
0.05,30.0,30.0,0.20634415384547494,0.20905645407144563,0.01305890612267354
0.5,5.0,0.5,2.133541349792865,2.1309707464869048,-0.0012055792359225526
0.5,5.0,0.5725237849691409,1.859598643616127,1.858279425749382,-0.0007096617465647048
0.5,5.0,0.6555669687107821,1.621472826410613,1.6210805093687892,-0.00024198031804706125
0.5,5.0,0.7506553644540866,1.4147216395414557,1.4149709469090073,0.00017620809369214445
0.5,5.0,0.8595361009292872,1.2354635236667166,1.236107349336172,0.0005209850067828607
0.5,5.0,0.9842097236433061,1.0803036242305606,1.0811329478566627,0.0007673819139633672
0.5,5.0,1.1269669523673953,0.946268740810374,0.9471132595862053,0.0008920744273049145
0.5,5.0,1.2904307702090374,0.830750238504367,0.8314793883417253,0.0008773154711596863
0.5,5.0,1.4776046176014435,0.7314541471103795,0.7319780954969197,0.0007160542096488161
0.5,5.0,1.691927576714117,0.646357848181756,0.6466279714770777,0.00041782871110347046
0.5,5.0,1.9373375602280656,0.5736728757699668,0.5736812133467659,1.4533572291842179e-05
0.5,5.0,2.2183436654893063,0.5118134190539145,0.5115906523248626,-0.0004353446283834873
0.5,5.0,2.5401090234565102,0.4593701066905837,0.45898175830803445,-0.0008457507857262619
0.5,5.0,2.908545664687179,0.4150885801541585,0.41462936133549044,-0.001106927649975248
0.5,5.0,3.3304231454045783,0.37785225037454273,0.37743876866566184,-0.0010948938614758175
0.5,5.0,3.8134929295117215,0.34666851654229114,0.34643083531358854,-0.0006858504120170081
0.5,5.0,4.366630811914216,0.32065764990981427,0.32073039937747017,0.0002268500887995545
0.5,5.0,5.0,0.2990435410454678,0.2995573670921771,0.001716757077786406
1.0,3.0,1.0,1.0635113423056677,1.0633080704647426,-0.00019115101199801283
1.0,3.0,1.0667581171328453,0.9982309717322848,0.9981480559714174,-8.30661510308734e-05
1.0,3.0,1.1379728804688132,0.9373923602650258,0.9373952171342103,3.047672407234925e-06
1.0,3.0,1.2139418073171517,0.8807246252215939,0.8807831129571769,6.640644754146138e-05
1.0,3.0,1.294982276682488,0.8279729748419884,0.8280614180839371,0.00010681329133085071
1.0,3.0,1.381432855194216,0.7788976093565552,0.7789948140150058,0.0001247899497020381
1.0,3.0,1.4736547115524326,0.7332726963453415,0.73336194876231,0.00012171049876160168
1.0,3.0,1.5720331253996191,0.6908854179469646,0.6909544625056516,9.99313447544446e-05
1.0,3.0,1.67697909692176,0.6515350876440241,0.6515760771914589,6.291028509998123e-05
1.0,3.0,1.788931063903396,0.615032334426278,0.615041748321324,1.5306224524392106e-05
1.0,3.0,1.9083567334100444,0.5811983521103905,0.581176877403975,-3.69496972624611e-05
1.0,3.0,2.0357550357502863,0.5498642114790582,0.5498165836785853,-8.662113717422095e-05
1.0,3.0,2.1716582088806833,0.5208702327011858,0.520805033751651,-0.0001251809498021076
1.0,3.0,2.316634021961645,0.4940654152229481,0.4939948277204316,-0.0001428809693351098
1.0,3.0,2.471288147353695,0.4693069219968293,0.46924644018495365,-0.00012888305427568008
1.0,3.0,2.6362666909637453,0.44645961456658334,0.44642771428611794,-7.145421252642998e-05
1.0,3.0,2.8122588915125215,0.42539563517806855,0.4254134065645565,4.177526476248087e-05
1.0,3.0,3.0,0.40599403176781834,0.40608478003509807,0.00022349620834455282
