case,label,L_over_ell_s,tau_left,tau_right,peclet,average_s_over_s_star,left_boundary_s_over_s_star,right_boundary_s_over_s_star,left_outward_flux_norm,right_outward_flux_norm,total_outward_flux_norm
absorbing,absorbing contacts,0.05,inf,inf,0.0,0.00020828126317262718,0.0,5.551115123125783e-17,0.024994792968422497,0.024994792968418944,0.04998958593684144
absorbing,absorbing contacts,0.0863013698630137,inf,inf,0.0,0.0006201986214103715,1.1102230246251565e-16,5.551115123125783e-17,0.04312392293619932,0.043123922936199544,0.08624784587239887
absorbing,absorbing contacts,0.12260273972602741,inf,inf,0.0,0.001250739309069913,-1.1102230246251565e-16,-5.551115123125783e-17,0.0612246978300261,0.06122469783002632,0.12244939566005242
absorbing,absorbing contacts,0.1589041095890411,inf,inf,0.0,0.002098909973630429,0.0,0.0,0.07928529208428681,0.07928529208428703,0.15857058416857384
absorbing,absorbing contacts,0.1952054794520548,inf,inf,0.0,0.003163378038552145,-1.1102230246251565e-16,-5.551115123125783e-17,0.09729398536267525,0.09729398536267592,0.19458797072535117
absorbing,absorbing contacts,0.23150684931506849,inf,inf,0.0,0.004442476982357748,1.1102230246251565e-16,5.551115123125783e-17,0.11523919273286387,0.11523919273286426,0.23047838546572813
absorbing,absorbing contacts,0.26780821917808223,inf,inf,0.0,0.005934212907185315,0.0,5.551115123125783e-17,0.13310949409359285,0.13310949409359246,0.2662189881871853
absorbing,absorbing contacts,0.3041095890410959,inf,inf,0.0,0.007636272348682291,0.0,0.0,0.15089366269766602,0.15089366269766624,0.30178732539533226
absorbing,absorbing contacts,0.3404109589041096,inf,inf,0.0,0.009546031270479214,0.0,5.551115123125783e-17,0.16858069262279862,0.16858069262279846,0.3371613852455971
absorbing,absorbing contacts,0.3767123287671233,inf,inf,0.0,0.011660565178514801,0.0,5.551115123125783e-17,0.18615982505199208,0.18615982505199208,0.37231965010398416
absorbing,absorbing contacts,0.413013698630137,inf,inf,0.0,0.013976660283259576,-1.1102230246251565e-16,-1.6653345369377348e-16,0.2036205732360254,0.20362057323602573,0.4072411464720511
absorbing,absorbing contacts,0.4493150684931507,inf,inf,0.0,0.016490825631467962,0.0,-5.551115123125783e-17,0.2209527460225194,0.22095274602251974,0.44190549204503915
absorbing,absorbing contacts,0.4856164383561644,inf,inf,0.0,0.019199306123541725,0.0,0.0,0.23814646984877008,0.2381464698487703,0.4762929396975404
absorbing,absorbing contacts,0.5219178082191781,inf,inf,0.0,0.022098096327962773,0.0,-5.551115123125783e-17,0.2551922091089358,0.25519220910893575,0.5103844182178716
absorbing,absorbing contacts,0.5582191780821919,inf,inf,0.0,0.025182955000551725,0.0,5.551115123125783e-17,0.27208078482005155,0.27208078482005155,0.5441615696401031
absorbing,absorbing contacts,0.5945205479452056,inf,inf,0.0,0.028449420213588164,0.0,-5.551115123125783e-17,0.28880339152554985,0.28880339152554985,0.5776067830510997
absorbing,absorbing contacts,0.6308219178082193,inf,inf,0.0,0.03189282499804899,0.0,0.0,0.3053516123893141,0.3053516123893141,0.6107032247786282
absorbing,absorbing contacts,0.667123287671233,inf,inf,0.0,0.035508313401394515,0.0,5.551115123125783e-17,0.32171743244761725,0.3217174324476169,0.6434348648952342
absorbing,absorbing contacts,0.7034246575342467,inf,inf,0.0,0.039290856863430604,-1.1102230246251565e-16,0.0,0.3378932500004305,0.33789325000043036,0.6757865000008609
absorbing,absorbing contacts,0.7397260273972603,inf,inf,0.0,0.043235270813748755,1.1102230246251565e-16,5.551115123125783e-17,0.3538718861373805,0.3538718861373807,0.7077437722747613
absorbing,absorbing contacts,0.776027397260274,inf,inf,0.0,0.047336231396067095,0.0,0.0,0.3696465924069368,0.3696465924069372,0.739293184813874
absorbing,absorbing contacts,0.8123287671232878,inf,inf,0.0,0.05158829222738749,0.0,5.551115123125783e-17,0.38521105665010924,0.3852110566501091,0.7704221133002183
absorbing,absorbing contacts,0.8486301369863015,inf,inf,0.0,0.05598590110319523,1.1102230246251565e-16,0.0,0.4005594070318975,0.40055940703189785,0.8011188140637954
absorbing,absorbing contacts,0.8849315068493152,inf,inf,0.0,0.0605234165638866,0.0,-1.6653345369377348e-16,0.4156862143148831,0.41568621431488323,0.8313724286297663
absorbing,absorbing contacts,0.9212328767123289,inf,inf,0.0,0.06519512424212764,1.1102230246251565e-16,5.551115123125783e-17,0.430586492429568,0.430586492429568,0.861172984859136
absorbing,absorbing contacts,0.9575342465753426,inf,inf,0.0,0.06999525291586234,0.0,5.551115123125783e-17,0.445255697405351,0.4452556974053508,0.8905113948107017
absorbing,absorbing contacts,0.9938356164383563,inf,inf,0.0,0.07491799019710929,0.0,5.551115123125783e-17,0.4596897247342447,0.4596897247342447,0.9193794494684894
absorbing,absorbing contacts,1.0301369863013699,inf,inf,0.0,0.07995749779242536,0.0,0.0,0.4738849052466412,0.4738849052466412,0.9477698104932823
absorbing,absorbing contacts,1.0664383561643838,inf,inf,0.0,0.08510792627691013,1.1102230246251565e-16,5.551115123125783e-17,0.487837999584538,0.48783799958453816,0.9756759991690762
absorbing,absorbing contacts,1.1027397260273974,inf,inf,0.0,0.09036342932977592,0.0,-1.6653345369377348e-16,0.501546191362692,0.5015461913626922,1.0030923827253841
absorbing,absorbing contacts,1.1390410958904111,inf,inf,0.0,0.09571817738575901,0.0,0.0,0.5150070791121517,0.5150070791121517,1.0300141582243034
absorbing,absorbing contacts,1.1753424657534248,inf,inf,0.0,0.1011663706629016,0.0,-2.7755575615628914e-17,0.5282186671035827,0.5282186671035827,1.0564373342071653
absorbing,absorbing contacts,1.2116438356164385,inf,inf,0.0,0.10670225153346413,0.0,2.7755575615628914e-17,0.541179355149761,0.541179355149761,1.082358710299522
absorbing,absorbing contacts,1.2479452054794522,inf,inf,0.0,0.11232011621082094,-1.1102230246251565e-16,-2.7755575615628914e-17,0.5538879274876317,0.5538879274876316,1.1077758549752632
absorbing,absorbing contacts,1.284246575342466,inf,inf,0.0,0.11801432573114108,0.0,1.1102230246251565e-16,0.5663435408404489,0.5663435408404488,1.1326870816808978
absorbing,absorbing contacts,1.3205479452054796,inf,inf,0.0,0.12377931621438092,1.1102230246251565e-16,0.0,0.5785457117598197,0.5785457117598198,1.1570914235196397
absorbing,absorbing contacts,1.3568493150684933,inf,inf,0.0,0.1296096083945903,0.0,2.7755575615628914e-17,0.5904943033459988,0.5904943033459988,1.1809886066919977
absorbing,absorbing contacts,1.393150684931507,inf,inf,0.0,0.13549981641470837,-1.1102230246251565e-16,-5.551115123125783e-17,0.6021895114426313,0.6021895114426312,1.2043790228852624
absorbing,absorbing contacts,1.4294520547945206,inf,inf,0.0,0.14144465588589003,0.0,0.0,0.6136318503993656,0.6136318503993656,1.2272637007987313
absorbing,absorbing contacts,1.4657534246575343,inf,inf,0.0,0.14743895121591144,0.0,-5.551115123125783e-17,0.6248221384924486,0.6248221384924486,1.2496442769848972
absorbing,absorbing contacts,1.502054794520548,inf,inf,0.0,0.15347764221536309,1.1102230246251565e-16,-1.6653345369377348e-16,0.6357614830896262,0.6357614830896265,1.2715229661792526
absorbing,absorbing contacts,1.538356164383562,inf,inf,0.0,0.159555789994111,-1.1102230246251565e-16,-1.3877787807814457e-16,0.6464512656415161,0.6464512656415161,1.2929025312830322
absorbing,absorbing contacts,1.5746575342465756,inf,inf,0.0,0.16566858216391786,2.220446049250313e-16,0.0,0.6568931265771072,0.6568931265771074,1.3137862531542146
absorbing,absorbing contacts,1.6109589041095893,inf,inf,0.0,0.17181133736612722,1.1102230246251565e-16,2.7755575615628914e-17,0.667088950176325,0.6670889501763251,1.3341779003526502
absorbing,absorbing contacts,1.647260273972603,inf,inf,0.0,0.17797950914597707,0.0,2.7755575615628914e-17,0.6770408494876456,0.6770408494876456,1.3540816989752913
absorbing,absorbing contacts,1.6835616438356167,inf,inf,0.0,0.18416868919737053,0.0,2.7755575615628914e-17,0.6867511513537203,0.6867511513537203,1.3735023027074407
absorbing,absorbing contacts,1.7198630136986304,inf,inf,0.0,0.1903746100038677,1.1102230246251565e-16,2.7755575615628914e-17,0.6962223816028384,0.6962223816028386,1.3924447632056771
absorbing,absorbing contacts,1.756164383561644,inf,inf,0.0,0.1965931469032357,0.0,1.3877787807814457e-16,0.7054572504589398,0.7054572504589397,1.4109145009178796
absorbing,absorbing contacts,1.7924657534246577,inf,inf,0.0,0.2028203196041455,0.0,-2.7755575615628914e-17,0.7144586382177918,0.7144586382177918,1.4289172764355835
absorbing,absorbing contacts,1.8287671232876714,inf,inf,0.0,0.2090522931845526,0.0,-1.6653345369377348e-16,0.7232295812319331,0.7232295812319331,1.4464591624638663
absorbing,absorbing contacts,1.8650684931506851,inf,inf,0.0,0.2152853786019484,1.1102230246251565e-16,2.7755575615628914e-17,0.7317732582420872,0.7317732582420873,1.4635465164841746
absorbing,absorbing contacts,1.9013698630136988,inf,inf,0.0,0.22151603274605886,0.0,2.7755575615628914e-17,0.7400929770879934,0.7400929770879934,1.4801859541759868
absorbing,absorbing contacts,1.9376712328767125,inf,inf,0.0,0.227740858064714,0.0,1.3877787807814457e-16,0.7481921618270289,0.7481921618270287,1.4963843236540577
absorbing,absorbing contacts,1.9739726027397262,inf,inf,0.0,0.23395660179351804,-2.220446049250313e-16,1.249000902703301e-16,0.7560743402846171,0.7560743402846167,1.5121486805692337
absorbing,absorbing contacts,2.01027397260274,inf,inf,0.0,0.24016015481967776,-1.1102230246251565e-16,-1.5265566588595902e-16,0.7637431320562486,0.7637431320562488,1.5274862641124973
absorbing,absorbing contacts,2.0465753424657533,inf,inf,0.0,0.2463485502098755,-1.1102230246251565e-16,-1.3877787807814457e-17,0.7712022369770178,0.7712022369770177,1.5424044739540355
absorbing,absorbing contacts,2.0828767123287673,inf,inf,0.0,0.2525189614314517,0.0,0.0,0.7784554240708752,0.7784554240708752,1.5569108481417504
absorbing,absorbing contacts,2.1191780821917807,inf,inf,0.0,0.25866870029540273,-1.1102230246251565e-16,1.3877787807814457e-17,0.7855065209883644,0.7855065209883643,1.5710130419767285
absorbing,absorbing contacts,2.1554794520547946,inf,inf,0.0,0.26479521464882094,-1.1102230246251565e-16,-1.3877787807814457e-17,0.7923594039384113,0.7923594039384112,1.5847188078768224
absorbing,absorbing contacts,2.191780821917808,inf,inf,0.0,0.27089608584342195,-1.1102230246251565e-16,-2.7755575615628914e-17,0.7990179881167979,0.7990179881167978,1.5980359762335956
absorbing,absorbing contacts,2.228082191780822,inf,inf,0.0,0.27696902600575113,0.0,-4.163336342344337e-17,0.8054862186312644,0.8054862186312644,1.6109724372625287
absorbing,absorbing contacts,2.2643835616438355,inf,inf,0.0,0.28301187513352905,0.0,4.163336342344337e-17,0.8117680619207372,0.8117680619207372,1.6235361238414745
absorbing,absorbing contacts,2.3006849315068494,inf,inf,0.0,0.2890225980414294,0.0,-4.163336342344337e-17,0.8178674976639859,0.8178674976639859,1.6357349953279718
absorbing,absorbing contacts,2.336986301369863,inf,inf,0.0,0.2949992811783667,0.0,-1.3877787807814457e-17,0.8237885111710317,0.8237885111710317,1.6475770223420634
absorbing,absorbing contacts,2.3732876712328768,inf,inf,0.0,0.30094012933714376,0.0,0.0,0.829535086248903,0.829535086248903,1.659070172497806
absorbing,absorbing contacts,2.4095890410958907,inf,inf,0.0,0.3068434622760628,0.0,4.163336342344337e-17,0.8351111985317847,0.8351111985317845,1.6702223970635692
absorbing,absorbing contacts,2.445890410958904,inf,inf,0.0,0.31270771127086505,0.0,8.326672684688674e-17,0.8405208092642948,0.8405208092642947,1.6810416185285897
absorbing,absorbing contacts,2.482191780821918,inf,inf,0.0,0.3185314156141235,-1.1102230246251565e-16,8.326672684688674e-17,0.8457678595254853,0.845767859525485,1.6915357190509703
absorbing,absorbing contacts,2.5184931506849315,inf,inf,0.0,0.3243132190780013,0.0,-4.163336342344337e-17,0.8508562648802018,0.8508562648802018,1.7017125297604037
absorbing,absorbing contacts,2.5547945205479454,inf,inf,0.0,0.33005186635509237,1.1102230246251565e-16,-4.163336342344337e-17,0.8557899104436661,0.8557899104436664,1.7115798208873325
absorbing,absorbing contacts,2.591095890410959,inf,inf,0.0,0.335746199490896,0.0,4.163336342344337e-17,0.8605726463445,0.8605726463445,1.721145292689
absorbing,absorbing contacts,2.627397260273973,inf,inf,0.0,0.34139515432035183,1.1102230246251565e-16,-1.249000902703301e-16,0.865208283570935,0.8652082835709353,1.7304165671418703
absorbing,absorbing contacts,2.6636986301369863,inf,inf,0.0,0.346997756919769,0.0,-1.6653345369377348e-16,0.8697005901845953,0.8697005901845953,1.7394011803691907
absorbing,absorbing contacts,2.7,inf,inf,0.0,0.3525531200844393,-1.1102230246251565e-16,-9.71445146547012e-17,0.8740532878860071,0.8740532878860071,1.7481065757720142
absorbing,absorbing contacts,2.7363013698630136,inf,inf,0.0,0.35806043984121844,0.0,-3.469446951953614e-17,0.8782700489158672,0.8782700489158672,1.7565400978317345
absorbing,absorbing contacts,2.7726027397260276,inf,inf,0.0,0.36351899200441173,0.0,-6.938893903907228e-18,0.8823544932760758,0.8823544932760758,1.7647089865521517
absorbing,absorbing contacts,2.808904109589041,inf,inf,0.0,0.36892812878238457,0.0,-2.0816681711721685e-17,0.886310186254603,0.886310186254603,1.772620372509206
absorbing,absorbing contacts,2.845205479452055,inf,inf,0.0,0.37428727544147206,0.0,2.0816681711721685e-17,0.890140636238399,0.890140636238399,1.780281272476798
absorbing,absorbing contacts,2.8815068493150684,inf,inf,0.0,0.379595927032944,0.0,1.3877787807814457e-17,0.8938492927987687,0.8938492927987687,1.7876985855975374
absorbing,absorbing contacts,2.9178082191780823,inf,inf,0.0,0.38485364518803244,-1.1102230246251565e-16,-2.0816681711721685e-17,0.897439545033898,0.8974395450338979,1.7948790900677958
absorbing,absorbing contacts,2.9541095890410958,inf,inf,0.0,0.3900600549853121,1.1102230246251565e-16,8.326672684688674e-17,0.900914720153544,0.900914720153544,1.801829440307088
absorbing,absorbing contacts,2.9904109589041097,inf,inf,0.0,0.39521484189406747,0.0,4.163336342344337e-17,0.9042780822912675,0.9042780822912675,1.808556164582535
absorbing,absorbing contacts,3.0267123287671236,inf,inf,0.0,0.40031774879666354,-1.1102230246251565e-16,-2.0816681711721685e-17,0.907532831529981,0.9075328315299809,1.8150656630599618
absorbing,absorbing contacts,3.063013698630137,inf,inf,0.0,0.4053685730923689,0.0,-1.0408340855860843e-16,0.9106821031270296,0.9106821031270297,1.8213642062540591
absorbing,absorbing contacts,3.099315068493151,inf,inf,0.0,0.41036716388455563,-1.1102230246251565e-16,-5.551115123125783e-17,0.9137289669254749,0.9137289669254749,1.8274579338509498
absorbing,absorbing contacts,3.1356164383561644,inf,inf,0.0,0.41531341925271587,1.1102230246251565e-16,9.020562075079397e-17,0.9166764269387216,0.9166764269387216,1.8333528538774433
absorbing,absorbing contacts,3.1719178082191783,inf,inf,0.0,0.42020728361029724,0.0,1.457167719820518e-16,0.9195274210961348,0.9195274210961347,1.8390548421922697
absorbing,absorbing contacts,3.208219178082192,inf,inf,0.0,0.4250487451489524,0.0,1.5959455978986625e-16,0.9222848211377763,0.922284821137776,1.8445696422755522
absorbing,absorbing contacts,3.2445205479452057,inf,inf,0.0,0.4298378333694354,1.1102230246251565e-16,-2.7755575615628914e-17,0.9249514326469125,0.9249514326469126,1.8499028652938252
absorbing,absorbing contacts,3.280821917808219,inf,inf,0.0,0.4345746166990433,1.1102230246251565e-16,-4.163336342344337e-17,0.9275299952094461,0.9275299952094462,1.8550599904188925
absorbing,absorbing contacts,3.317123287671233,inf,inf,0.0,0.4392592001952099,0.0,-3.469446951953614e-17,0.930023182689931,0.930023182689931,1.860046365379862
absorbing,absorbing contacts,3.3534246575342466,inf,inf,0.0,0.4438917233345846,0.0,2.0816681711721685e-17,0.9324336036143401,0.9324336036143401,1.8648672072286803
absorbing,absorbing contacts,3.3897260273972605,inf,inf,0.0,0.4484723578866973,0.0,-1.3183898417423734e-16,0.9347638016502517,0.9347638016502519,1.8695276033005035
absorbing,absorbing contacts,3.426027397260274,inf,inf,0.0,0.4530013058710982,1.1102230246251565e-16,9.020562075079397e-17,0.9370162561756049,0.9370162561756049,1.8740325123512098
absorbing,absorbing contacts,3.462328767123288,inf,inf,0.0,0.4574787975966794,0.0,-1.0755285551056204e-16,0.9391933829276662,0.9391933829276663,1.8783867658553324
absorbing,absorbing contacts,3.4986301369863013,inf,inf,0.0,0.4619050897817205,1.1102230246251565e-16,3.8163916471489756e-17,0.9412975347243052,0.9412975347243053,1.8825950694486107
absorbing,absorbing contacts,3.5349315068493152,inf,inf,0.0,0.4662804637530655,0.0,3.469446951953614e-17,0.9433310022501471,0.9433310022501471,1.8866620045002942
absorbing,absorbing contacts,3.571232876712329,inf,inf,0.0,0.47060522372271885,1.1102230246251565e-16,3.469446951953614e-18,0.9452960149005972,0.9452960149005973,1.8905920298011947
absorbing,absorbing contacts,3.6075342465753426,inf,inf,0.0,0.4748796951400492,0.0,1.0408340855860843e-17,0.9471947416771784,0.9471947416771784,1.8943894833543569
absorbing,absorbing contacts,3.6438356164383565,inf,inf,0.0,0.4791042231177044,-1.1102230246251565e-16,-6.938893903907228e-17,0.949029292128018,0.949029292128018,1.898058584256036
absorbing,absorbing contacts,3.68013698630137,inf,inf,0.0,0.4832791709292804,1.1102230246251565e-16,-3.469446951953614e-18,0.9508017173277316,0.9508017173277317,1.9016034346554633
absorbing,absorbing contacts,3.716438356164384,inf,inf,0.0,0.48740491857672846,0.0,-4.163336342344337e-17,0.9525140108913261,0.9525140108913261,1.9050280217826523
absorbing,absorbing contacts,3.7527397260273974,inf,inf,0.0,0.4914818614254498,1.1102230246251565e-16,-1.3877787807814457e-17,0.9541681100171097,0.9541681100171098,1.9083362200342195
absorbing,absorbing contacts,3.7890410958904113,inf,inf,0.0,0.495510408905,1.1102230246251565e-16,-1.3877787807814457e-17,0.955765896553952,0.9557658965539522,1.9115317931079043
absorbing,absorbing contacts,3.8253424657534247,inf,inf,0.0,0.49949098327330305,-1.1102230246251565e-16,1.0061396160665481e-16,0.9573091980885627,0.9573091980885625,1.9146183961771253
absorbing,absorbing contacts,3.8616438356164386,inf,inf,0.0,0.5034240184422777,0.0,-1.0408340855860843e-17,0.9587997890487803,0.9587997890487803,1.9175995780975605
absorbing,absorbing contacts,3.897945205479452,inf,inf,0.0,0.5073099588627722,0.0,1.0408340855860843e-17,0.9602393918191656,0.9602393918191656,1.9204787836383312
absorbing,absorbing contacts,3.934246575342466,inf,inf,0.0,0.5111492584667158,-1.1102230246251565e-16,1.491862189340054e-16,0.9616296778654742,0.9616296778654739,1.923259355730948
absorbing,absorbing contacts,3.9705479452054795,inf,inf,0.0,0.5149423796644145,-1.1102230246251565e-16,1.3877787807814457e-16,0.9629722688648593,0.9629722688648591,1.9259445377297184
absorbing,absorbing contacts,4.006849315068494,inf,inf,0.0,0.5186897923949353,1.1102230246251565e-16,7.28583859910259e-17,0.964268737838914,0.964268737838914,1.928537475677828
absorbing,absorbing contacts,4.043150684931507,inf,inf,0.0,0.5223919732275555,0.0,1.3877787807814457e-16,0.9655206102868972,0.9655206102868971,1.9310412205737943
absorbing,absorbing contacts,4.079452054794521,inf,inf,0.0,0.5260494045122844,1.1102230246251565e-16,-1.3877787807814457e-17,0.9667293653167238,0.9667293653167239,1.9334587306334479
absorbing,absorbing contacts,4.115753424657535,inf,inf,0.0,0.5296625735774989,1.1102230246251565e-16,2.0122792321330962e-16,0.96789643677151,0.9678964367715099,1.9357928735430199
absorbing,absorbing contacts,4.152054794520549,inf,inf,0.0,0.5332319719727763,0.0,-1.5612511283791264e-16,0.969023214349668,0.9690232143496681,1.938046428699336
absorbing,absorbing contacts,4.188356164383562,inf,inf,0.0,0.5367580947550512,0.0,1.0928757898653885e-16,0.9701110447167336,0.9701110447167335,1.9402220894334672
absorbing,absorbing contacts,4.2246575342465755,inf,inf,0.0,0.5402414398162627,-1.1102230246251565e-16,1.734723475976807e-17,0.9711612326072917,0.9711612326072916,1.9423224652145832
absorbing,absorbing contacts,4.260958904109589,inf,inf,0.0,0.5436825072507115,0.0,-3.469446951953614e-18,0.9721750419155215,0.9721750419155215,1.944350083831043
absorbing,absorbing contacts,4.297260273972603,inf,inf,0.0,0.5470817987603902,-2.220446049250313e-16,4.163336342344337e-17,0.9731536967730521,0.9731536967730519,1.946307393546104
absorbing,absorbing contacts,4.333561643835616,inf,inf,0.0,0.5504398170965995,1.1102230246251565e-16,7.112366251504909e-17,0.9740983826129505,0.9740983826129505,1.948196765225901
absorbing,absorbing contacts,4.36986301369863,inf,inf,0.0,0.5537570655362176,1.1102230246251565e-16,1.3877787807814457e-17,0.9750102472188121,0.9750102472188122,1.9500204944376245
absorbing,absorbing contacts,4.406164383561644,inf,inf,0.0,0.5570340473910356,-1.1102230246251565e-16,1.491862189340054e-16,0.9758904017580373,0.9758904017580371,1.9517808035160744
absorbing,absorbing contacts,4.442465753424658,inf,inf,0.0,0.5602712655486237,1.1102230246251565e-16,1.5612511283791264e-17,0.9767399217985023,0.9767399217985024,1.9534798435970049
absorbing,absorbing contacts,4.478767123287671,inf,inf,0.0,0.5634692220432492,1.1102230246251565e-16,9.71445146547012e-17,0.9775598483079427,0.9775598483079427,1.9551196966158855
absorbing,absorbing contacts,4.515068493150685,inf,inf,0.0,0.5666284176554106,-2.220446049250313e-16,3.9898639947466563e-17,0.9783511886354566,0.9783511886354563,1.956702377270913
absorbing,absorbing contacts,4.551369863013699,inf,inf,0.0,0.5697493515386081,0.0,1.3357370765021415e-16,0.9791149174746405,0.9791149174746404,1.958229834949281
absorbing,absorbing contacts,4.587671232876713,inf,inf,0.0,0.5728325208720186,1.1102230246251565e-16,-1.734723475976807e-18,0.9798519778079521,0.9798519778079522,1.9597039556159044
absorbing,absorbing contacts,4.623972602739726,inf,inf,0.0,0.5758784205377966,-1.1102230246251565e-16,1.474514954580286e-16,0.9805632818319642,0.980563281831964,1.9611265636639281
absorbing,absorbing contacts,4.66027397260274,inf,inf,0.0,0.578887542821763,-1.1102230246251565e-16,1.5612511283791264e-16,0.9812497118632618,0.9812497118632616,1.9624994237265234
absorbing,absorbing contacts,4.696575342465754,inf,inf,0.0,0.5818603771363003,-1.1102230246251565e-16,-3.9898639947466563e-17,0.9819121212247907,0.9819121212247905,1.963824242449581
absorbing,absorbing contacts,4.732876712328768,inf,inf,0.0,0.5847974097643163,1.1102230246251565e-16,-4.5102810375396984e-17,0.9825513351125256,0.9825513351125257,1.9651026702250514
absorbing,absorbing contacts,4.7691780821917815,inf,inf,0.0,0.5876991236231816,1.1102230246251565e-16,-8.326672684688674e-17,0.9831681514423928,0.983168151442393,1.9663363028847858
absorbing,absorbing contacts,4.8054794520547945,inf,inf,0.0,0.5905659980475971,-1.1102230246251565e-16,-5.724587470723463e-17,0.9837633416774171,0.9837633416774171,1.9675266833548342
absorbing,absorbing contacts,4.8417808219178085,inf,inf,0.0,0.5933985085903866,0.0,-9.8879238130678e-17,0.9843376516351223,0.9843376516351224,1.9686753032702446
absorbing,absorbing contacts,4.878082191780822,inf,inf,0.0,0.5961971268402503,-1.1102230246251565e-16,-4.0766001685454967e-17,0.9848918022752527,0.9848918022752526,1.9697836045505053
absorbing,absorbing contacts,4.914383561643836,inf,inf,0.0,0.5989623202555668,0.0,-4.336808689942018e-17,0.9854264904679138,0.9854264904679138,1.9708529809358275
absorbing,absorbing contacts,4.950684931506849,inf,inf,0.0,0.6016945520133576,0.0,3.2959746043559335e-17,0.9859423897422774,0.9859423897422774,1.9718847794845549
absorbing,absorbing contacts,4.986986301369863,inf,inf,0.0,0.6043942808725772,0.0,-1.5612511283791264e-17,0.9864401510160157,0.9864401510160157,1.9728803020320314
absorbing,absorbing contacts,5.023287671232877,inf,inf,0.0,0.6070619610509237,-1.1102230246251565e-16,1.214306433183765e-17,0.9869204033056597,0.9869204033056596,1.973840806611319
absorbing,absorbing contacts,5.059589041095891,inf,inf,0.0,0.609698042114407,-1.1102230246251565e-16,6.765421556309548e-17,0.9873837544181084,0.9873837544181082,1.9747675088362167
absorbing,absorbing contacts,5.095890410958904,inf,inf,0.0,0.612302968878939,-1.1102230246251565e-16,2.6020852139652106e-18,0.9878307916235253,0.9878307916235252,1.9756615832470503
absorbing,absorbing contacts,5.132191780821918,inf,inf,0.0,0.6148771813232524,-1.1102230246251565e-16,4.597017211338539e-17,0.988262082309887,0.9882620823098869,1.9765241646197738
absorbing,absorbing contacts,5.168493150684932,inf,inf,0.0,0.6174211145124799,2.220446049250313e-16,-3.9898639947466563e-17,0.9886781746194611,0.9886781746194613,1.9773563492389223
absorbing,absorbing contacts,5.204794520547946,inf,inf,0.0,0.6199351985317648,-1.1102230246251565e-16,9.540979117872439e-18,0.9890795980675066,0.9890795980675064,1.978159196135013
absorbing,absorbing contacts,5.241095890410959,inf,inf,0.0,0.6224198584292969,1.1102230246251565e-16,-1.5352302762394743e-16,0.9894668641434999,0.9894668641435002,1.978933728287
absorbing,absorbing contacts,5.277397260273973,inf,inf,0.0,0.6248755141682015,1.1102230246251565e-16,-2.6020852139652106e-17,0.989840466895208,0.9898404668952081,1.9796809337904162
absorbing,absorbing contacts,5.313698630136987,inf,inf,0.0,0.6273025805867364,-1.1102230246251565e-16,1.1709383462843448e-16,0.9902008834959247,0.9902008834959245,1.9804017669918492
absorbing,absorbing contacts,5.3500000000000005,inf,inf,0.0,0.629701467366277,0.0,1.491862189340054e-16,0.990548574795209,0.9905485747952089,1.981097149590418
absorbing,absorbing contacts,5.386301369863014,inf,inf,0.0,0.6320725790065989,1.1102230246251565e-16,-3.209238430557093e-17,0.9908839858534614,0.9908839858534615,1.981767971706923
absorbing,absorbing contacts,5.4226027397260275,inf,inf,0.0,0.6344163148079857,0.0,1.196959198423997e-16,0.9912075464606773,0.9912075464606772,1.9824150929213546
absorbing,absorbing contacts,5.458904109589041,inf,inf,0.0,0.6367330688597235,0.0,1.6393136847980827e-16,0.9915196716397274,0.9915196716397273,1.9830393432794549
absorbing,absorbing contacts,5.495205479452055,inf,inf,0.0,0.6390232300345546,0.0,-2.6020852139652106e-18,0.9918207621345101,0.9918207621345101,1.9836415242690202
absorbing,absorbing contacts,5.531506849315069,inf,inf,0.0,0.6412871819886942,0.0,8.066464163292153e-17,0.992111204883324,0.9921112048833239,1.984222409766648
absorbing,absorbing contacts,5.567808219178082,inf,inf,0.0,0.6435253031670299,-1.1102230246251565e-16,1.5222198501696482e-16,0.992391373477813,0.9923913734778128,1.9847827469556258
absorbing,absorbing contacts,5.604109589041096,inf,inf,0.0,0.6457379668131437,-1.1102230246251565e-16,5.204170427930421e-17,0.9926616286078284,0.9926616286078283,1.9853232572156565
absorbing,absorbing contacts,5.64041095890411,inf,inf,0.0,0.647925540983817,0.0,4.640385298237959e-17,0.9929223184925571,0.9929223184925571,1.9858446369851142
absorbing,absorbing contacts,5.676712328767124,inf,inf,0.0,0.6500883885676974,0.0,-2.6020852139652106e-17,0.993173779298262,0.993173779298262,1.986347558596524
absorbing,absorbing contacts,5.713013698630137,inf,inf,0.0,0.6522268673078189,1.1102230246251565e-16,-2.992397996059992e-17,0.9934163355429734,0.9934163355429735,1.986832671085947
absorbing,absorbing contacts,5.749315068493151,inf,inf,0.0,0.6543413298276924,-1.1102230246251565e-16,1.3357370765021415e-16,0.9936503004884761,0.9936503004884759,1.987300600976952
absorbing,absorbing contacts,5.785616438356165,inf,inf,0.0,0.6564321236606876,-1.1102230246251565e-16,-2.47198095326695e-17,0.9938759765199222,0.9938759765199221,1.9877519530398442
absorbing,absorbing contacts,5.821917808219179,inf,inf,0.0,0.6584995912824538,1.1102230246251565e-16,6.028164079019405e-17,0.9940936555134051,0.9940936555134051,1.9881873110268102
absorbing,absorbing contacts,5.858219178082192,inf,inf,0.0,0.6605440701461336,0.0,7.979727989493313e-17,0.9943036191918218,0.9943036191918216,1.9886072383836435
absorbing,absorbing contacts,5.894520547945206,inf,inf,0.0,0.6625658927201399,1.1102230246251565e-16,1.5135462327897642e-16,0.9945061394693412,0.9945061394693412,1.9890122789386824
absorbing,absorbing contacts,5.9308219178082195,inf,inf,0.0,0.6645653865282792,0.0,-1.9081958235744878e-17,0.9947014787848045,0.9947014787848045,1.989402957569609
absorbing,absorbing contacts,5.9671232876712335,inf,inf,0.0,0.6665428741920194,0.0,-1.2967057982926633e-16,0.9948898904243584,0.9948898904243585,1.9897797808487168
absorbing,absorbing contacts,6.003424657534247,inf,inf,0.0,0.6684986734747034,0.0,1.3010426069826053e-18,0.995071618833639,0.995071618833639,1.990143237667278
absorbing,absorbing contacts,6.03972602739726,inf,inf,0.0,0.670433097327533,0.0,-4.336808689942018e-19,0.9952468999197994,0.9952468999197994,1.9904937998395988
absorbing,absorbing contacts,6.076027397260274,inf,inf,0.0,0.6723464539371503,1.1102230246251565e-16,5.854691731421724e-17,0.9954159613436783,0.9954159613436783,1.9908319226873565
absorbing,absorbing contacts,6.112328767123288,inf,inf,0.0,0.6742390467746519,0.0,-6.938893903907228e-18,0.9955790228023997,0.9955790228023997,1.9911580456047995
absorbing,absorbing contacts,6.148630136986302,inf,inf,0.0,0.6761111746458902,0.0,-2.211772431870429e-17,0.9957362963026859,0.9957362963026859,1.9914725926053718
absorbing,absorbing contacts,6.184931506849315,inf,inf,0.0,0.6779631317429164,0.0,1.3747683547116196e-16,0.9958879864251593,0.9958879864251592,1.9917759728503186
absorbing,absorbing contacts,6.221232876712329,inf,inf,0.0,0.6797952076964299,-1.1102230246251565e-16,1.6046192152785466e-17,0.996034290579907,0.9960342905799069,1.9920685811598138
absorbing,absorbing contacts,6.257534246575343,inf,inf,0.0,0.6816076876291136,0.0,2.168404344971009e-17,0.9961753992535678,0.9961753992535678,1.9923507985071356
absorbing,absorbing contacts,6.293835616438357,inf,inf,0.0,0.6834008522097331,-1.1102230246251565e-16,-1.0364972768961422e-16,0.9963114962482061,0.9963114962482061,1.9926229924964123
absorbing,absorbing contacts,6.33013698630137,inf,inf,0.0,0.6851749777078906,0.0,-1.6046192152785466e-17,0.9964427589122178,0.9964427589122178,1.9928855178244356
absorbing,absorbing contacts,6.366438356164384,inf,inf,0.0,0.6869303360493298,1.1102230246251565e-16,-9.259086553026208e-17,0.9965693583635203,0.9965693583635206,1.993138716727041
absorbing,absorbing contacts,6.402739726027398,inf,inf,0.0,0.6886671948716978,0.0,2.7538735181131813e-17,0.9966914597052632,0.9966914597052632,1.9933829194105264
absorbing,absorbing contacts,6.439041095890412,inf,inf,0.0,0.6903858175806691,0.0,-1.6154612370034016e-16,0.9968092222342915,0.9968092222342916,1.993618444468583
absorbing,absorbing contacts,6.4753424657534255,inf,inf,0.0,0.6920864634063494,0.0,-9.280770596475918e-17,0.9969227996425938,0.9969227996425939,1.9938455992851876
absorbing,absorbing contacts,6.511643835616439,inf,inf,0.0,0.6937693874598816,0.0,-9.952975943416931e-17,0.9970323402119541,0.9970323402119542,1.9940646804239082
absorbing,absorbing contacts,6.5479452054794525,inf,inf,0.0,0.6954348407901777,1.1102230246251565e-16,3.7730235602495554e-17,0.9971379870020206,0.9971379870020207,1.9942759740040414
absorbing,absorbing contacts,6.584246575342466,inf,inf,0.0,0.6970830704407093,-1.1102230246251565e-16,1.3834419720915037e-16,0.9972398780320072,0.997239878032007,1.9944797560640142
absorbing,absorbing contacts,6.62054794520548,inf,inf,0.0,0.6987143195062928,0.0,1.5027042110649091e-16,0.9973381464562239,0.9973381464562238,1.9946762929124477
absorbing,absorbing contacts,6.656849315068493,inf,inf,0.0,0.7003288271898096,0.0,-8.023096076392733e-17,0.9974329207336439,0.997432920733644,1.9948658414672877
absorbing,absorbing contacts,6.693150684931507,inf,inf,0.0,0.7019268288588074,1.1102230246251565e-16,5.854691731421724e-18,0.9975243247916902,0.9975243247916903,1.9950486495833806
absorbing,absorbing contacts,6.729452054794521,inf,inf,0.0,0.7035085561019281,1.1102230246251565e-16,-1.3162214373974024e-16,0.9976124781844368,0.997612478184437,1.9952249563688738
absorbing,absorbing contacts,6.765753424657535,inf,inf,0.0,0.7050742367851213,-1.1102230246251565e-16,1.8648277366750676e-17,0.9976974962454014,0.9976974962454013,1.9953949924908025
absorbing,absorbing contacts,6.802054794520548,inf,inf,0.0,0.7066240951075906,0.0,1.2945373939476923e-16,0.9977794902351087,0.9977794902351086,1.9955589804702174
absorbing,absorbing contacts,6.838356164383562,inf,inf,0.0,0.7081583516574419,1.1102230246251565e-16,-1.1817803680091998e-16,0.9978585674835959,0.9978585674835961,1.995717134967192
absorbing,absorbing contacts,6.874657534246576,inf,inf,0.0,0.7096772234669891,0.0,-1.3444106938820255e-17,0.9979348315280241,0.9979348315280241,1.9958696630560482
absorbing,absorbing contacts,6.91095890410959,inf,inf,0.0,0.7111809240676875,1.1102230246251565e-16,3.491130995403324e-17,0.9980083822455589,0.998008382245559,1.996016764491118
absorbing,absorbing contacts,6.947260273972603,inf,inf,0.0,0.7126696635446611,1.1102230246251565e-16,1.4235574524734673e-16,0.9980793159816789,0.9980793159816789,1.9961586319633577
absorbing,absorbing contacts,6.983561643835617,inf,inf,0.0,0.7141436485907955,0.0,1.7780915628762273e-17,0.9981477256740579,0.9981477256740579,1.9962954513481157
absorbing,absorbing contacts,7.019863013698631,inf,inf,0.0,0.7156030825603721,1.1102230246251565e-16,-3.8055496254241206e-17,0.9982137009721735,0.9982137009721737,1.9964274019443473
absorbing,absorbing contacts,7.0561643835616445,inf,inf,0.0,0.7170481655222162,0.0,-3.892285799222961e-17,0.9982773283527837,0.9982773283527837,1.9965546567055674
absorbing,absorbing contacts,7.0924657534246585,inf,inf,0.0,0.7184790943123414,-1.1102230246251565e-16,3.220080452281948e-17,0.9983386912314057,0.9983386912314056,1.9966773824628112
absorbing,absorbing contacts,7.1287671232876715,inf,inf,0.0,0.7198960625860668,0.0,-4.9764879717084654e-17,0.9983978700699374,0.9983978700699374,1.9967957401398748
absorbing,absorbing contacts,7.165068493150685,inf,inf,0.0,0.7212992608695927,-1.1102230246251565e-16,-4.96564594998361e-17,0.998454942480545,0.9984549424805449,1.9969098849610898
absorbing,absorbing contacts,7.201369863013699,inf,inf,0.0,0.7226888766110174,-1.1102230246251565e-16,-5.334274688628682e-17,0.9985099833259466,0.9985099833259465,1.997019966651893
absorbing,absorbing contacts,7.237671232876713,inf,inf,0.0,0.7240650942307809,2.220446049250313e-16,-5.0198560586078855e-17,0.998563064816212,0.9985630648162123,1.9971261296324243
absorbing,absorbing contacts,7.273972602739726,inf,inf,0.0,0.725428095171524,1.1102230246251565e-16,-2.938187887435717e-17,0.9986142566021973,0.9986142566021974,1.9972285132043948
absorbing,absorbing contacts,7.31027397260274,inf,inf,0.0,0.7267780579473517,0.0,-5.377642775528102e-17,0.9986636258657247,0.9986636258657247,1.9973272517314493
absorbing,absorbing contacts,7.346575342465754,inf,inf,0.0,0.728115158192491,0.0,3.5344990823027445e-17,0.9987112374066243,0.9987112374066243,1.9974224748132485
absorbing,absorbing contacts,7.382876712328768,inf,inf,0.0,0.7294395687093345,0.0,-2.2768245622195593e-18,0.998757153726741,0.998757153726741,1.997514307453482
absorbing,absorbing contacts,7.419178082191781,inf,inf,0.0,0.7307514595158656,0.0,-5.366800753803247e-17,0.9988014351110077,0.9988014351110077,1.9976028702220154
absorbing,absorbing contacts,7.455479452054795,inf,inf,0.0,0.7320509978924562,1.1102230246251565e-16,-7.697835424647081e-18,0.9988441397056896,0.9988441397056897,1.9976882794113795
absorbing,absorbing contacts,7.491780821917809,inf,inf,0.0,0.7333383484280331,-1.1102230246251565e-16,-1.231653667943533e-16,0.9988853235938951,0.9988853235938951,1.9977706471877903
absorbing,absorbing contacts,7.528082191780823,inf,inf,0.0,0.7346136730656128,-1.1102230246251565e-16,1.0950441942103595e-17,0.9989250408684421,0.998925040868442,1.997850081736884
absorbing,absorbing contacts,7.564383561643836,inf,inf,0.0,0.7358771311471963,0.0,9.324138683375338e-18,0.9989633437021792,0.9989633437021792,1.9979266874043584
absorbing,absorbing contacts,7.60068493150685,inf,inf,0.0,0.7371288794580286,-1.1102230246251565e-16,2.172741153660951e-16,0.9990002824158412,0.9990002824158408,1.998000564831682
absorbing,absorbing contacts,7.636986301369864,inf,inf,0.0,0.7383690722702155,-1.1102230246251565e-16,-6.131163285405528e-17,0.9990359055435266,0.9990359055435266,1.9980718110870532
absorbing,absorbing contacts,7.6732876712328775,inf,inf,0.0,0.7395978613857024,0.0,1.1817803680091998e-17,0.9990702598958823,0.9990702598958823,1.9981405197917645
absorbing,absorbing contacts,7.709589041095891,inf,inf,0.0,0.7408153961786142,0.0,-9.259086553026208e-17,0.9991033906210676,0.9991033906210677,1.9982067812421351
absorbing,absorbing contacts,7.745890410958904,inf,inf,0.0,0.7420218236369568,1.1102230246251565e-16,-2.667137344314341e-17,0.9991353412635807,0.9991353412635808,1.9982706825271617
absorbing,absorbing contacts,7.782191780821918,inf,inf,0.0,0.7432172884036814,0.0,-3.664603343001005e-17,0.9991661538210184,0.9991661538210184,1.9983323076420367
absorbing,absorbing contacts,7.818493150684932,inf,inf,0.0,0.7444019328171169,0.0,-4.3964398094287205e-17,0.9991958687988396,0.9991958687988396,1.9983917375976792
absorbing,absorbing contacts,7.854794520547946,inf,inf,0.0,0.7455758969507706,-1.1102230246251565e-16,-8.212831456577696e-17,0.9992245252632058,0.9992245252632058,1.9984490505264116
absorbing,absorbing contacts,7.891095890410959,inf,inf,0.0,0.746739318652502,-1.1102230246251565e-16,-1.0950441942103595e-17,0.9992521608919608,0.9992521608919607,1.9985043217839213
absorbing,absorbing contacts,7.927397260273973,inf,inf,0.0,0.7478923335830705,0.0,1.0245710529988017e-17,0.9992788120238159,0.9992788120238159,1.9985576240476317
absorbing,absorbing contacts,7.963698630136987,inf,inf,0.0,0.749035075254068,1.1102230246251565e-16,3.8272336688738307e-17,0.9993045137058051,0.9993045137058052,1.9986090274116104
absorbing,absorbing contacts,8.0,inf,inf,0.0,0.7501676750652333,0.0,4.87890977618477e-18,0.999329299739067,0.999329299739067,1.998658599478134
partial,"partly transparent, $\kappa\ell_s/D_s=1$",0.05,1.0,1.0,0.0,0.024588490014280304,0.024385287749643103,0.024385287749642992,0.024385287749643048,0.024385287749642992,0.04877057549928604
partial,"partly transparent, $\kappa\ell_s/D_s=1$",0.0863013698630137,1.0,1.0,0.0,0.041935690089896706,0.041341131181052426,0.041341131181052426,0.041341131181052426,0.041341131181052426,0.08268226236210485
partial,"partly transparent, $\kappa\ell_s/D_s=1$",0.12260273972602741,1.0,1.0,0.0,0.05887107345583351,0.05769249241486496,0.057692492414865015,0.057692492414865015,0.057692492414865015,0.11538498482973003
partial,"partly transparent, $\kappa\ell_s/D_s=1$",0.1589041095890411,1.0,1.0,0.0,0.07540564358173578,0.07346092146884842,0.07346092146884842,0.07346092146884842,0.07346092146884842,0.14692184293769683
partial,"partly transparent, $\kappa\ell_s/D_s=1$",0.1952054794520548,1.0,1.0,0.0,0.09155009025956229,0.088667200094529,0.08866720009452905,0.088667200094529,0.08866720009452905,0.17733440018905805
partial,"partly transparent, $\kappa\ell_s/D_s=1$",0.23150684931506849,1.0,1.0,0.0,0.10731479891945415,0.1033313691661728,0.10333136916617275,0.10333136916617275,0.10333136916617275,0.2066627383323455
partial,"partly transparent, $\kappa\ell_s/D_s=1$",0.26780821917808223,1.0,1.0,0.0,0.12270985966100569,0.11747275509333788,0.11747275509333793,0.11747275509333793,0.11747275509333793,0.23494551018667587
partial,"partly transparent, $\kappa\ell_s/D_s=1$",0.3041095890410959,1.0,1.0,0.0,0.13774507600881053,0.131109995291811,0.131109995291811,0.131109995291811,0.131109995291811,0.262219990583622
partial,"partly transparent, $\kappa\ell_s/D_s=1$",0.3404109589041096,1.0,1.0,0.0,0.15242997340088232,0.14426106274649375,0.14426106274649364,0.1442610627464937,0.14426106274649358,0.2885221254929873
partial,"partly transparent, $\kappa\ell_s/D_s=1$",0.3767123287671233,1.0,1.0,0.0,0.16677380741826758,0.15694328969861404,0.15694328969861399,0.15694328969861399,0.15694328969861399,0.31388657939722797
partial,"partly transparent, $\kappa\ell_s/D_s=1$",0.413013698630137,1.0,1.0,0.0,0.18078557176391427,0.16917339048847935,0.16917339048847935,0.16917339048847935,0.16917339048847935,0.3383467809769587
partial,"partly transparent, $\kappa\ell_s/D_s=1$",0.4493150684931507,1.0,1.0,0.0,0.1944740059985974,0.18096748358387682,0.18096748358387676,0.18096748358387676,0.18096748358387676,0.36193496716775353
partial,"partly transparent, $\kappa\ell_s/D_s=1$",0.4856164383561644,1.0,1.0,0.0,0.20784760304145977,0.19234111282315247,0.19234111282315242,0.19234111282315242,0.19234111282315242,0.38468222564630483
partial,"partly transparent, $\kappa\ell_s/D_s=1$",0.5219178082191781,1.0,1.0,0.0,0.22091461644248706,0.20330926790096737,0.20330926790096743,0.20330926790096743,0.20330926790096743,0.40661853580193486
partial,"partly transparent, $\kappa\ell_s/D_s=1$",0.5582191780821919,1.0,1.0,0.0,0.23368306743400277,0.21388640412372872,0.21388640412372872,0.21388640412372872,0.21388640412372872,0.42777280824745745
partial,"partly transparent, $\kappa\ell_s/D_s=1$",0.5945205479452056,1.0,1.0,0.0,0.246160751768047,0.2240864614607312,0.22408646146073125,0.22408646146073125,0.22408646146073125,0.4481729229214625
partial,"partly transparent, $\kappa\ell_s/D_s=1$",0.6308219178082193,1.0,1.0,0.0,0.2583552463462861,0.23392288291612007,0.23392288291612007,0.23392288291612007,0.23392288291612007,0.46784576583224013
partial,"partly transparent, $\kappa\ell_s/D_s=1$",0.667123287671233,1.0,1.0,0.0,0.27027391564888764,0.24340863224588483,0.24340863224588477,0.24340863224588477,0.24340863224588477,0.48681726449176954
partial,"partly transparent, $\kappa\ell_s/D_s=1$",0.7034246575342467,1.0,1.0,0.0,0.28192391796859706,0.25255621104323667,0.2525562110432366,0.2525562110432366,0.2525562110432366,0.5051124220864732
partial,"partly transparent, $\kappa\ell_s/D_s=1$",0.7397260273972603,1.0,1.0,0.0,0.2933122114560505,0.2613776752148854,0.2613776752148854,0.2613776752148854,0.2613776752148854,0.5227553504297708
partial,"partly transparent, $\kappa\ell_s/D_s=1$",0.776027397260274,1.0,1.0,0.0,0.3044455599821724,0.2698846508699311,0.2698846508699311,0.2698846508699311,0.2698846508699311,0.5397693017398622
partial,"partly transparent, $\kappa\ell_s/D_s=1$",0.8123287671232878,1.0,1.0,0.0,0.3153305388233179,0.2780883496423099,0.27808834964230994,0.27808834964230994,0.27808834964230994,0.5561766992846199
partial,"partly transparent, $\kappa\ell_s/D_s=1$",0.8486301369863015,1.0,1.0,0.0,0.3259735401746475,0.2859995834669903,0.28599958346699034,0.2859995834669903,0.28599958346699034,0.5719991669339806
partial,"partly transparent, $\kappa\ell_s/D_s=1$",0.8849315068493152,1.0,1.0,0.0,0.3363807784970414,0.2936287788293913,0.2936287788293913,0.2936287788293913,0.2936287788293913,0.5872575576587826
partial,"partly transparent, $\kappa\ell_s/D_s=1$",0.9212328767123289,1.0,1.0,0.0,0.3465582957027006,0.30098599050680397,0.300985990506804,0.300985990506804,0.300985990506804,0.601971981013608
partial,"partly transparent, $\kappa\ell_s/D_s=1$",0.9575342465753426,1.0,1.0,0.0,0.35651196618441744,0.30808091481992617,0.30808091481992617,0.30808091481992617,0.30808091481992617,0.6161618296398523
partial,"partly transparent, $\kappa\ell_s/D_s=1$",0.9938356164383563,1.0,1.0,0.0,0.36624750169333836,0.3149229024119746,0.3149229024119747,0.3149229024119747,0.3149229024119747,0.6298458048239494
partial,"partly transparent, $\kappa\ell_s/D_s=1$",1.0301369863013699,1.0,1.0,0.0,0.37577045606989645,0.32152097057221773,0.3215209705722177,0.3215209705722177,0.3215209705722177,0.6430419411444354
partial,"partly transparent, $\kappa\ell_s/D_s=1$",1.0664383561643838,1.0,1.0,0.0,0.38508622983243923,0.3278838151201685,0.32788381512016856,0.3278838151201685,0.32788381512016856,0.655767630240337
partial,"partly transparent, $\kappa\ell_s/D_s=1$",1.1027397260273974,1.0,1.0,0.0,0.39420007462793716,0.33401982186610313,0.33401982186610313,0.33401982186610313,0.33401982186610313,0.6680396437322063
partial,"partly transparent, $\kappa\ell_s/D_s=1$",1.1390410958904111,1.0,1.0,0.0,0.4031170975490211,0.3399370776630062,0.3399370776630062,0.3399370776630062,0.3399370776630062,0.6798741553260124
partial,"partly transparent, $\kappa\ell_s/D_s=1$",1.1753424657534248,1.0,1.0,0.0,0.4118422653214616,0.345643381064511,0.345643381064511,0.345643381064511,0.345643381064511,0.691286762129022
partial,"partly transparent, $\kappa\ell_s/D_s=1$",1.2116438356164385,1.0,1.0,0.0,0.4203804083660778,0.35114625260287957,0.35114625260287957,0.35114625260287957,0.35114625260287957,0.7022925052057591
partial,"partly transparent, $\kappa\ell_s/D_s=1$",1.2479452054794522,1.0,1.0,0.0,0.42873622473893325,0.35645294470056976,0.3564529447005697,0.3564529447005697,0.3564529447005697,0.7129058894011394
partial,"partly transparent, $\kappa\ell_s/D_s=1$",1.284246575342466,1.0,1.0,0.0,0.43691428395356097,0.3615704512284498,0.3615704512284498,0.3615704512284498,0.3615704512284498,0.7231409024568995
partial,"partly transparent, $\kappa\ell_s/D_s=1$",1.3205479452054796,1.0,1.0,0.0,0.4449190306888379,0.3665055167232605,0.3665055167232605,0.3665055167232605,0.3665055167232605,0.733011033446521
partial,"partly transparent, $\kappa\ell_s/D_s=1$",1.3568493150684933,1.0,1.0,0.0,0.4527547883860206,0.3712646452764702,0.3712646452764702,0.3712646452764702,0.3712646452764702,0.7425292905529404
partial,"partly transparent, $\kappa\ell_s/D_s=1$",1.393150684931507,1.0,1.0,0.0,0.46042576273833863,0.3758541091062395,0.37585410910623945,0.37585410910623945,0.37585410910623945,0.7517082182124789
partial,"partly transparent, $\kappa\ell_s/D_s=1$",1.4294520547945206,1.0,1.0,0.0,0.46793604507643927,0.38027995682379157,0.38027995682379157,0.38027995682379157,0.38027995682379157,0.7605599136475831
partial,"partly transparent, $\kappa\ell_s/D_s=1$",1.4657534246575343,1.0,1.0,0.0,0.47528961565287603,0.38454802140508404,0.38454802140508404,0.38454802140508404,0.38454802140508404,0.7690960428101681
partial,"partly transparent, $\kappa\ell_s/D_s=1$",1.502054794520548,1.0,1.0,0.0,0.4824903468287286,0.3886639278782871,0.388663927878287,0.388663927878287,0.388663927878287,0.777327855756574
partial,"partly transparent, $\kappa\ell_s/D_s=1$",1.538356164383562,1.0,1.0,0.0,0.4895420061653499,0.39263310073720015,0.39263310073720015,0.39263310073720015,0.39263310073720015,0.7852662014744003
partial,"partly transparent, $\kappa\ell_s/D_s=1$",1.5746575342465756,1.0,1.0,0.0,0.49644825942413934,0.39646077109037803,0.39646077109037803,0.39646077109037803,0.39646077109037803,0.7929215421807561
partial,"partly transparent, $\kappa\ell_s/D_s=1$",1.6109589041095893,1.0,1.0,0.0,0.503212673477155,0.4001519835553875,0.4001519835553875,0.4001519835553875,0.4001519835553875,0.800303967110775
partial,"partly transparent, $\kappa\ell_s/D_s=1$",1.647260273972603,1.0,1.0,0.0,0.5098387191312845,0.40371160290728103,0.40371160290728103,0.40371160290728103,0.40371160290728103,0.8074232058145621
partial,"partly transparent, $\kappa\ell_s/D_s=1$",1.6835616438356167,1.0,1.0,0.0,0.5163297738686141,0.4071443204900502,0.4071443204900502,0.4071443204900502,0.4071443204900502,0.8142886409801005
partial,"partly transparent, $\kappa\ell_s/D_s=1$",1.7198630136986304,1.0,1.0,0.0,0.5226891245055497,0.4104546603995085,0.41045466039950845,0.41045466039950845,0.41045466039950845,0.8209093207990169
partial,"partly transparent, $\kappa\ell_s/D_s=1$",1.756164383561644,1.0,1.0,0.0,0.5289199697731696,0.4136469854457512,0.4136469854457511,0.4136469854457512,0.41364698544575107,0.8272939708915023
partial,"partly transparent, $\kappa\ell_s/D_s=1$",1.7924657534246577,1.0,1.0,0.0,0.5350254228212025,0.41672550290305244,0.41672550290305244,0.41672550290305244,0.41672550290305244,0.8334510058061049
partial,"partly transparent, $\kappa\ell_s/D_s=1$",1.8287671232876714,1.0,1.0,0.0,0.5410085136479605,0.4196942700547758,0.4196942700547758,0.4196942700547758,0.4196942700547758,0.8393885401095516
partial,"partly transparent, $\kappa\ell_s/D_s=1$",1.8650684931506851,1.0,1.0,0.0,0.5468721914584761,0.4225571995406061,0.4225571995406061,0.4225571995406061,0.4225571995406061,0.8451143990812122
partial,"partly transparent, $\kappa\ell_s/D_s=1$",1.9013698630136988,1.0,1.0,0.0,0.5526193269530248,0.4253180645131517,0.42531806451315174,0.42531806451315174,0.4253180645131517,0.8506361290263034
partial,"partly transparent, $\kappa\ell_s/D_s=1$",1.9376712328767125,1.0,1.0,0.0,0.558252714548153,0.4279805036107107,0.4279805036107107,0.4279805036107107,0.4279805036107107,0.8559610072214214
partial,"partly transparent, $\kappa\ell_s/D_s=1$",1.9739726027397262,1.0,1.0,0.0,0.5637750745322518,0.43054802575275697,0.43054802575275697,0.43054802575275697,0.4305480257527569,0.8610960515055139
partial,"partly transparent, $\kappa\ell_s/D_s=1$",2.01027397260274,1.0,1.0,0.0,0.5691890551576705,0.43302401476446495,0.43302401476446495,0.4330240147644649,0.43302401476446495,0.8660480295289299
partial,"partly transparent, $\kappa\ell_s/D_s=1$",2.0465753424657533,1.0,1.0,0.0,0.5744972346712865,0.43541173383636855,0.4354117338363685,0.4354117338363685,0.43541173383636844,0.8708234676727369
partial,"partly transparent, $\kappa\ell_s/D_s=1$",2.0828767123287673,1.0,1.0,0.0,0.5797021232854023,0.43771432982503145,0.43771432982503145,0.43771432982503145,0.43771432982503145,0.8754286596500629
partial,"partly transparent, $\kappa\ell_s/D_s=1$",2.1191780821917807,1.0,1.0,0.0,0.5848061650907695,0.43993483740039685,0.43993483740039685,0.43993483740039685,0.43993483740039685,0.8798696748007937
partial,"partly transparent, $\kappa\ell_s/D_s=1$",2.1554794520547946,1.0,1.0,0.0,0.5898117399134967,0.44207618304528284,0.4420761830452829,0.4420761830452829,0.4420761830452829,0.8841523660905658
partial,"partly transparent, $\kappa\ell_s/D_s=1$",2.191780821917808,1.0,1.0,0.0,0.5947211651175318,0.44414118891229404,0.44414118891229404,0.44414118891229404,0.44414118891229404,0.8882823778245881
partial,"partly transparent, $\kappa\ell_s/D_s=1$",2.228082191780822,1.0,1.0,0.0,0.5995366973543684,0.4461325765432327,0.4461325765432327,0.4461325765432327,0.4461325765432327,0.8922651530864654
partial,"partly transparent, $\kappa\ell_s/D_s=1$",2.2643835616438355,1.0,1.0,0.0,0.6042605342615658,0.4480529704559122,0.44805297045591214,0.44805297045591214,0.44805297045591214,0.8961059409118243
partial,"partly transparent, $\kappa\ell_s/D_s=1$",2.3006849315068494,1.0,1.0,0.0,0.6088948161116264,0.44990490160309815,0.44990490160309815,0.44990490160309815,0.44990490160309815,0.8998098032061963
partial,"partly transparent, $\kappa\ell_s/D_s=1$",2.336986301369863,1.0,1.0,0.0,0.6134416274127306,0.4516908107081382,0.4516908107081382,0.4516908107081382,0.4516908107081382,0.9033816214162764
partial,"partly transparent, $\kappa\ell_s/D_s=1$",2.3732876712328768,1.0,1.0,0.0,0.617902998462774,0.4534130514816741,0.45341305148167416,0.45341305148167416,0.45341305148167416,0.9068261029633483
partial,"partly transparent, $\kappa\ell_s/D_s=1$",2.4095890410958907,1.0,1.0,0.0,0.6222809068581183,0.4550738937236779,0.45507389372367796,0.45507389372367796,0.45507389372367796,0.9101477874473559
partial,"partly transparent, $\kappa\ell_s/D_s=1$",2.445890410958904,1.0,1.0,0.0,0.626577278958414,0.4566755263148985,0.45667552631489855,0.45667552631489855,0.4566755263148985,0.913351052629797
partial,"partly transparent, $\kappa\ell_s/D_s=1$",2.482191780821918,1.0,1.0,0.0,0.630793991308815,0.4582200601016627,0.4582200601016627,0.4582200601016627,0.4582200601016627,0.9164401202033254
partial,"partly transparent, $\kappa\ell_s/D_s=1$",2.5184931506849315,1.0,1.0,0.0,0.634932872020868,0.4597095306778315,0.4597095306778315,0.4597095306778315,0.4597095306778315,0.919419061355663
partial,"partly transparent, $\kappa\ell_s/D_s=1$",2.5547945205479454,1.0,1.0,0.0,0.6389957021133162,0.461145901067579,0.461145901067579,0.461145901067579,0.46114590106757897,0.922291802135158
partial,"partly transparent, $\kappa\ell_s/D_s=1$",2.591095890410959,1.0,1.0,0.0,0.6429842168140142,0.4625310643125289,0.46253106431252894,0.46253106431252894,0.46253106431252894,0.9250621286250579
partial,"partly transparent, $\kappa\ell_s/D_s=1$",2.627397260273973,1.0,1.0,0.0,0.6469001068241284,0.46386684596665884,0.46386684596665884,0.46386684596665884,0.46386684596665884,0.9277336919333177
partial,"partly transparent, $\kappa\ell_s/D_s=1$",2.6636986301369863,1.0,1.0,0.0,0.6507450195457444,0.46515500650226027,0.46515500650226027,0.46515500650226027,0.46515500650226027,0.9303100130045205
partial,"partly transparent, $\kappa\ell_s/D_s=1$",2.7,1.0,1.0,0.0,0.6545205602739814,0.46639724363012514,0.46639724363012514,0.46639724363012514,0.46639724363012514,0.9327944872602503
partial,"partly transparent, $\kappa\ell_s/D_s=1$",2.7363013698630136,1.0,1.0,0.0,0.6582282933546709,0.4675951945370169,0.4675951945370169,0.4675951945370169,0.4675951945370169,0.9351903890740338
partial,"partly transparent, $\kappa\ell_s/D_s=1$",2.7726027397260276,1.0,1.0,0.0,0.6618697433086327,0.468750438043375,0.4687504380433751,0.4687504380433751,0.4687504380433751,0.9375008760867501
partial,"partly transparent, $\kappa\ell_s/D_s=1$",2.808904109589041,1.0,1.0,0.0,0.6654463959235403,0.46986449668409624,0.4698644966840963,0.4698644966840963,0.4698644966840963,0.9397289933681926
partial,"partly transparent, $\kappa\ell_s/D_s=1$",2.845205479452055,1.0,1.0,0.0,0.6689596993143487,0.47093883871513553,0.47093883871513553,0.47093883871513553,0.47093883871513553,0.9418776774302711
partial,"partly transparent, $\kappa\ell_s/D_s=1$",2.8815068493150684,1.0,1.0,0.0,0.6724110649532148,0.47197488004857036,0.47197488004857036,0.47197488004857036,0.47197488004857036,0.9439497600971407
partial,"partly transparent, $\kappa\ell_s/D_s=1$",2.9178082191780823,1.0,1.0,0.0,0.6758018686698248,0.47297398611868025,0.4729739861186803,0.4729739861186803,0.4729739861186803,0.9459479722373606
partial,"partly transparent, $\kappa\ell_s/D_s=1$",2.9541095890410958,1.0,1.0,0.0,0.6791334516230058,0.47393747368149886,0.47393747368149886,0.47393747368149886,0.47393747368149886,0.9478749473629977
partial,"partly transparent, $\kappa\ell_s/D_s=1$",2.9904109589041097,1.0,1.0,0.0,0.6824071212444758,0.4748666125502118,0.47486661255021173,0.47486661255021173,0.4748666125502117,0.9497332251004234
partial,"partly transparent, $\kappa\ell_s/D_s=1$",3.0267123287671236,1.0,1.0,0.0,0.6856241521555634,0.4757626272686867,0.47576262726868673,0.47576262726868673,0.47576262726868673,0.9515252545373735
partial,"partly transparent, $\kappa\ell_s/D_s=1$",3.063013698630137,1.0,1.0,0.0,0.6887857870576926,0.476626698725342,0.476626698725342,0.476626698725342,0.476626698725342,0.953253397450684
partial,"partly transparent, $\kappa\ell_s/D_s=1$",3.099315068493151,1.0,1.0,0.0,0.6918932375974187,0.47745996570947946,0.47745996570947946,0.47745996570947946,0.47745996570947946,0.9549199314189589
partial,"partly transparent, $\kappa\ell_s/D_s=1$",3.1356164383561644,1.0,1.0,0.0,0.6949476852067646,0.4782635264121339,0.4782635264121339,0.4782635264121339,0.4782635264121338,0.9565270528242678
partial,"partly transparent, $\kappa\ell_s/D_s=1$",3.1719178082191783,1.0,1.0,0.0,0.6979502819195906,0.47903843987341643,0.47903843987341643,0.47903843987341643,0.47903843987341643,0.9580768797468329
partial,"partly transparent, $\kappa\ell_s/D_s=1$",3.208219178082192,1.0,1.0,0.0,0.7009021511647056,0.47978572737825986,0.4797857273782599,0.4797857273782599,0.4797857273782599,0.9595714547565198
partial,"partly transparent, $\kappa\ell_s/D_s=1$",3.2445205479452057,1.0,1.0,0.0,0.7038043885364106,0.48050637380240513,0.4805063738024051,0.4805063738024051,0.4805063738024051,0.9610127476048101
partial,"partly transparent, $\kappa\ell_s/D_s=1$",3.280821917808219,1.0,1.0,0.0,0.706658062543137,0.4812013289104019,0.4812013289104019,0.4812013289104019,0.4812013289104019,0.9624026578208038
partial,"partly transparent, $\kappa\ell_s/D_s=1$",3.317123287671233,1.0,1.0,0.0,0.7094642153348288,0.48187150860733696,0.48187150860733696,0.48187150860733696,0.4818715086073369,0.9637430172146739
partial,"partly transparent, $\kappa\ell_s/D_s=1$",3.3534246575342466,1.0,1.0,0.0,0.7122238634096951,0.4825177961459357,0.4825177961459357,0.4825177961459357,0.4825177961459357,0.9650355922918714
partial,"partly transparent, $\kappa\ell_s/D_s=1$",3.3897260273972605,1.0,1.0,0.0,0.7149379983009406,0.4831410432906318,0.48314104329063184,0.48314104329063184,0.48314104329063184,0.9662820865812637
partial,"partly transparent, $\kappa\ell_s/D_s=1$",3.426027397260274,1.0,1.0,0.0,0.7176075872440627,0.48374207144013637,0.48374207144013637,0.48374207144013637,0.48374207144013637,0.9674841428802727
partial,"partly transparent, $\kappa\ell_s/D_s=1$",3.462328767123288,1.0,1.0,0.0,0.7202335738252893,0.48432167270998727,0.48432167270998727,0.48432167270998727,0.48432167270998727,0.9686433454199745
partial,"partly transparent, $\kappa\ell_s/D_s=1$",3.4986301369863013,1.0,1.0,0.0,0.7228168786117077,0.4848806109765057,0.48488061097650564,0.48488061097650564,0.48488061097650564,0.9697612219530113
partial,"partly transparent, $\kappa\ell_s/D_s=1$",3.5349315068493152,1.0,1.0,0.0,0.7253583997636271,0.48541962288353424,0.4854196228835343,0.4854196228835343,0.4854196228835343,0.9708392457670686
partial,"partly transparent, $\kappa\ell_s/D_s=1$",3.571232876712329,1.0,1.0,0.0,0.7278590136296903,0.48593941881328584,0.48593941881328584,0.48593941881328584,0.48593941881328584,0.9718788376265717
partial,"partly transparent, $\kappa\ell_s/D_s=1$",3.6075342465753426,1.0,1.0,0.0,0.7303195753252453,0.4864406838225799,0.4864406838225799,0.4864406838225799,0.4864406838225799,0.9728813676451598
partial,"partly transparent, $\kappa\ell_s/D_s=1$",3.6438356164383565,1.0,1.0,0.0,0.732740919294464,0.4869240785457025,0.4869240785457025,0.4869240785457025,0.4869240785457025,0.973848157091405
partial,"partly transparent, $\kappa\ell_s/D_s=1$",3.68013698630137,1.0,1.0,0.0,0.7351238598566852,0.48739024006507903,0.4873902400650791,0.4873902400650791,0.4873902400650791,0.9747804801301582
partial,"partly transparent, $\kappa\ell_s/D_s=1$",3.716438356164384,1.0,1.0,0.0,0.7374691917374405,0.4878397827509068,0.4878397827509067,0.4878397827509067,0.4878397827509067,0.9756795655018135
partial,"partly transparent, $\kappa\ell_s/D_s=1$",3.7527397260273974,1.0,1.0,0.0,0.7397776905846153,0.48827329907085404,0.488273299070854,0.488273299070854,0.488273299070854,0.976546598141708
partial,"partly transparent, $\kappa\ell_s/D_s=1$",3.7890410958904113,1.0,1.0,0.0,0.7420501134701716,0.4886913603708941,0.48869136037089406,0.48869136037089406,0.48869136037089406,0.9773827207417881
partial,"partly transparent, $\kappa\ell_s/D_s=1$",3.8253424657534247,1.0,1.0,0.0,0.7442871993778623,0.48909451762830125,0.4890945176283012,0.48909451762830125,0.48909451762830114,0.9781890352566024
partial,"partly transparent, $\kappa\ell_s/D_s=1$",3.8616438356164386,1.0,1.0,0.0,0.7464896696773353,0.48948330217780267,0.48948330217780267,0.48948330217780267,0.48948330217780267,0.9789666043556053
partial,"partly transparent, $\kappa\ell_s/D_s=1$",3.897945205479452,1.0,1.0,0.0,0.7486582285850325,0.48985822641184273,0.4898582264118427,0.4898582264118427,0.4898582264118427,0.9797164528236854
partial,"partly transparent, $\kappa\ell_s/D_s=1$",3.934246575342466,1.0,1.0,0.0,0.7507935636122605,0.4902197844558821,0.4902197844558821,0.4902197844558821,0.4902197844558821,0.9804395689117642
partial,"partly transparent, $\kappa\ell_s/D_s=1$",3.9705479452054795,1.0,1.0,0.0,0.7528963460008108,0.49056845281962314,0.49056845281962314,0.49056845281962314,0.4905684528196231,0.9811369056392463
partial,"partly transparent, $\kappa\ell_s/D_s=1$",4.006849315068494,1.0,1.0,0.0,0.7549672311464868,0.4909046910250179,0.49090469102501794,0.49090469102501794,0.49090469102501794,0.9818093820500359
partial,"partly transparent, $\kappa\ell_s/D_s=1$",4.043150684931507,1.0,1.0,0.0,0.7570068590108905,0.49122894221188806,0.49122894221188806,0.49122894221188806,0.49122894221188806,0.9824578844237761
partial,"partly transparent, $\kappa\ell_s/D_s=1$",4.079452054794521,1.0,1.0,0.0,0.7590158545218091,0.4915416337219539,0.49154163372195386,0.49154163372195386,0.49154163372195386,0.9830832674439077
partial,"partly transparent, $\kappa\ell_s/D_s=1$",4.115753424657535,1.0,1.0,0.0,0.760994827962529,0.49184317766204244,0.49184317766204244,0.49184317766204244,0.4918431776620424,0.9836863553240849
partial,"partly transparent, $\kappa\ell_s/D_s=1$",4.152054794520549,1.0,1.0,0.0,0.7629443753503999,0.4921339714472175,0.4921339714472175,0.4921339714472175,0.4921339714472175,0.984267942894435
partial,"partly transparent, $\kappa\ell_s/D_s=1$",4.188356164383562,1.0,1.0,0.0,0.764865078804959,0.49241439832454625,0.49241439832454625,0.49241439832454625,0.49241439832454625,0.9848287966490925
partial,"partly transparent, $\kappa\ell_s/D_s=1$",4.2246575342465755,1.0,1.0,0.0,0.7667575069059135,0.4926848278781937,0.49268482787819373,0.49268482787819373,0.49268482787819373,0.9853696557563875
partial,"partly transparent, $\kappa\ell_s/D_s=1$",4.260958904109589,1.0,1.0,0.0,0.7686222150412778,0.49294561651651037,0.4929456165165104,0.4929456165165104,0.4929456165165104,0.9858912330330208
partial,"partly transparent, $\kappa\ell_s/D_s=1$",4.297260273972603,1.0,1.0,0.0,0.7704597457459477,0.4931971079417551,0.4931971079417551,0.4931971079417551,0.4931971079417551,0.9863942158835102
partial,"partly transparent, $\kappa\ell_s/D_s=1$",4.333561643835616,1.0,1.0,0.0,0.7722706290309832,0.4934396336030715,0.4934396336030716,0.4934396336030716,0.4934396336030716,0.9868792672061432
partial,"partly transparent, $\kappa\ell_s/D_s=1$",4.36986301369863,1.0,1.0,0.0,0.7740553827038738,0.4936735131333172,0.49367351313331714,0.49367351313331714,0.49367351313331714,0.9873470262666343
partial,"partly transparent, $\kappa\ell_s/D_s=1$",4.406164383561644,1.0,1.0,0.0,0.7758145126800362,0.49389905477031737,0.49389905477031737,0.49389905477031737,0.49389905477031737,0.9877981095406347
partial,"partly transparent, $\kappa\ell_s/D_s=1$",4.442465753424658,1.0,1.0,0.0,0.777548513285806,0.4941165557631034,0.4941165557631034,0.4941165557631034,0.4941165557631034,0.9882331115262069
partial,"partly transparent, $\kappa\ell_s/D_s=1$",4.478767123287671,1.0,1.0,0.0,0.779257867553157,0.4943263027636666,0.4943263027636666,0.4943263027636666,0.49432630276366657,0.9886526055273333
partial,"partly transparent, $\kappa\ell_s/D_s=1$",4.515068493150685,1.0,1.0,0.0,0.7809430475063923,0.494528572204747,0.49452857220474705,0.49452857220474705,0.49452857220474705,0.9890571444094941
partial,"partly transparent, $\kappa\ell_s/D_s=1$",4.551369863013699,1.0,1.0,0.0,0.7826045144410342,0.4947236306641535,0.4947236306641534,0.4947236306641534,0.49472363066415337,0.9894472613283067
partial,"partly transparent, $\kappa\ell_s/D_s=1$",4.587671232876713,1.0,1.0,0.0,0.7842427191951331,0.49491173521609544,0.4949117352160955,0.4949117352160955,0.4949117352160955,0.989823470432191
partial,"partly transparent, $\kappa\ell_s/D_s=1$",4.623972602739726,1.0,1.0,0.0,0.785858102413217,0.49509313376999053,0.49509313376999053,0.49509313376999053,0.4950931337699905,0.9901862675399811
partial,"partly transparent, $\kappa\ell_s/D_s=1$",4.66027397260274,1.0,1.0,0.0,0.7874510948030864,0.49526806539719204,0.49526806539719204,0.49526806539719204,0.495268065397192,0.9905361307943841
partial,"partly transparent, $\kappa\ell_s/D_s=1$",4.696575342465754,1.0,1.0,0.0,0.789022117385661,0.49543676064606956,0.49543676064606956,0.49543676064606956,0.49543676064606956,0.9908735212921391
partial,"partly transparent, $\kappa\ell_s/D_s=1$",4.732876712328768,1.0,1.0,0.0,0.7905715817380752,0.4955994418458567,0.49559944184585664,0.49559944184585664,0.49559944184585664,0.9911988836917133
partial,"partly transparent, $\kappa\ell_s/D_s=1$",4.7691780821917815,1.0,1.0,0.0,0.7920998902302132,0.49575632339966613,0.4957563233996661,0.4957563233996661,0.4957563233996661,0.9915126467993322
partial,"partly transparent, $\kappa\ell_s/D_s=1$",4.8054794520547945,1.0,1.0,0.0,0.7936074362548727,0.4959076120670589,0.49590761206705897,0.49590761206705897,0.49590761206705897,0.9918152241341179
partial,"partly transparent, $\kappa\ell_s/D_s=1$",4.8417808219178085,1.0,1.0,0.0,0.7950946044517332,0.4960535072365402,0.4960535072365402,0.4960535072365402,0.4960535072365402,0.9921070144730804
partial,"partly transparent, $\kappa\ell_s/D_s=1$",4.878082191780822,1.0,1.0,0.0,0.7965617709253087,0.49619420118833957,0.49619420118833957,0.49619420118833957,0.49619420118833957,0.9923884023766791
partial,"partly transparent, $\kappa\ell_s/D_s=1$",4.914383561643836,1.0,1.0,0.0,0.7980093034570528,0.49632987934782424,0.49632987934782424,0.49632987934782424,0.49632987934782424,0.9926597586956485
partial,"partly transparent, $\kappa\ell_s/D_s=1$",4.950684931506849,1.0,1.0,0.0,0.7994375617117817,0.49646072052987733,0.49646072052987733,0.49646072052987733,0.49646072052987733,0.9929214410597547
partial,"partly transparent, $\kappa\ell_s/D_s=1$",4.986986301369863,1.0,1.0,0.0,0.8008468974385762,0.49658689717456406,0.49658689717456406,0.49658689717456406,0.49658689717456406,0.9931737943491281
partial,"partly transparent, $\kappa\ell_s/D_s=1$",5.023287671232877,1.0,1.0,0.0,0.8022376546663159,0.4967085755743965,0.4967085755743965,0.4967085755743965,0.4967085755743965,0.993417151148793
partial,"partly transparent, $\kappa\ell_s/D_s=1$",5.059589041095891,1.0,1.0,0.0,0.8036101698940017,0.496825916093496,0.4968259160934961,0.4968259160934961,0.4968259160934961,0.9936518321869922
partial,"partly transparent, $\kappa\ell_s/D_s=1$",5.095890410958904,1.0,1.0,0.0,0.8049647722760062,0.49693907337894294,0.49693907337894294,0.49693907337894294,0.49693907337894294,0.9938781467578859
partial,"partly transparent, $\kappa\ell_s/D_s=1$",5.132191780821918,1.0,1.0,0.0,0.8063017838024016,0.49704819656459065,0.49704819656459065,0.49704819656459065,0.49704819656459065,0.9940963931291813
partial,"partly transparent, $\kappa\ell_s/D_s=1$",5.168493150684932,1.0,1.0,0.0,0.8076215194744985,0.49715342946761476,0.49715342946761476,0.49715342946761476,0.49715342946761476,0.9943068589352295
partial,"partly transparent, $\kappa\ell_s/D_s=1$",5.204794520547946,1.0,1.0,0.0,0.8089242874757311,0.4972549107780545,0.4972549107780545,0.4972549107780545,0.4972549107780545,0.994509821556109
partial,"partly transparent, $\kappa\ell_s/D_s=1$",5.241095890410959,1.0,1.0,0.0,0.8102103893380209,0.49735277424159696,0.49735277424159696,0.49735277424159696,0.49735277424159696,0.9947055484831939
partial,"partly transparent, $\kappa\ell_s/D_s=1$",5.277397260273973,1.0,1.0,0.0,0.811480120103742,0.49744714883584507,0.4974471488358451,0.4974471488358451,0.4974471488358451,0.9948942976716902
partial,"partly transparent, $\kappa\ell_s/D_s=1$",5.313698630136987,1.0,1.0,0.0,0.8127337684834129,0.49753815894030196,0.4975381589403019,0.4975381589403019,0.4975381589403019,0.9950763178806038
partial,"partly transparent, $\kappa\ell_s/D_s=1$",5.3500000000000005,1.0,1.0,0.0,0.8139716170092358,0.4976259245002943,0.49762592450029425,0.49762592450029425,0.49762592450029425,0.9952518490005885
partial,"partly transparent, $\kappa\ell_s/D_s=1$",5.386301369863014,1.0,1.0,0.0,0.8151939421845938,0.49771056118505297,0.497710561185053,0.497710561185053,0.49771056118505297,0.9954211223701059
partial,"partly transparent, $\kappa\ell_s/D_s=1$",5.4226027397260275,1.0,1.0,0.0,0.8164010146296249,0.4977921805401574,0.4977921805401574,0.4977921805401574,0.49779218054015734,0.9955843610803148
partial,"partly transparent, $\kappa\ell_s/D_s=1$",5.458904109589041,1.0,1.0,0.0,0.8175930992229774,0.4978708901345448,0.49787089013454483,0.49787089013454483,0.4978708901345448,0.9957417802690895
partial,"partly transparent, $\kappa\ell_s/D_s=1$",5.495205479452055,1.0,1.0,0.0,0.8187704552398534,0.49794679370227957,0.4979467937022795,0.4979467937022795,0.4979467937022795,0.995893587404559
partial,"partly transparent, $\kappa\ell_s/D_s=1$",5.531506849315069,1.0,1.0,0.0,0.8199333364864461,0.49801999127926744,0.49801999127926744,0.49801999127926744,0.49801999127926744,0.9960399825585349
partial,"partly transparent, $\kappa\ell_s/D_s=1$",5.567808219178082,1.0,1.0,0.0,0.821081991430867,0.4980905793350967,0.49809057933509676,0.49809057933509676,0.49809057933509676,0.9961811586701935
partial,"partly transparent, $\kappa\ell_s/D_s=1$",5.604109589041096,1.0,1.0,0.0,0.8222166633306623,0.4981586509001785,0.4981586509001785,0.4981586509001785,0.4981586509001785,0.996317301800357
partial,"partly transparent, $\kappa\ell_s/D_s=1$",5.64041095890411,1.0,1.0,0.0,0.8233375903570133,0.4982242956883547,0.4982242956883547,0.4982242956883547,0.4982242956883547,0.9964485913767094
partial,"partly transparent, $\kappa\ell_s/D_s=1$",5.676712328767124,1.0,1.0,0.0,0.8244450057157102,0.49828760021513496,0.49828760021513496,0.49828760021513496,0.49828760021513496,0.9965752004302699
partial,"partly transparent, $\kappa\ell_s/D_s=1$",5.713013698630137,1.0,1.0,0.0,0.8255391377649899,0.4983486479117185,0.4983486479117185,0.4983486479117185,0.4983486479117185,0.996697295823437
partial,"partly transparent, $\kappa\ell_s/D_s=1$",5.749315068493151,1.0,1.0,0.0,0.8266202101303243,0.4984075192349511,0.498407519234951,0.498407519234951,0.49840751923495097,0.9968150384699019
partial,"partly transparent, $\kappa\ell_s/D_s=1$",5.785616438356165,1.0,1.0,0.0,0.8276884418162407,0.49846429177336127,0.49846429177336127,0.49846429177336127,0.49846429177336127,0.9969285835467225
partial,"partly transparent, $\kappa\ell_s/D_s=1$",5.821917808219179,1.0,1.0,0.0,0.8287440473152587,0.49851904034941774,0.49851904034941774,0.49851904034941774,0.49851904034941774,0.9970380806988355
partial,"partly transparent, $\kappa\ell_s/D_s=1$",5.858219178082192,1.0,1.0,0.0,0.829787236714022,0.4985718371181398,0.49857183711813985,0.49857183711813985,0.49857183711813985,0.9971436742362797
partial,"partly transparent, $\kappa\ell_s/D_s=1$",5.894520547945206,1.0,1.0,0.0,0.8308182157966996,0.4986227516621934,0.49862275166219333,0.49862275166219333,0.49862275166219333,0.9972455033243867
partial,"partly transparent, $\kappa\ell_s/D_s=1$",5.9308219178082195,1.0,1.0,0.0,0.8318371861457329,0.4986718510835959,0.49867185108359585,0.49867185108359585,0.49867185108359585,0.9973437021671917
partial,"partly transparent, $\kappa\ell_s/D_s=1$",5.9671232876712335,1.0,1.0,0.0,0.8328443452400038,0.49871920009215276,0.4987192000921528,0.4987192000921528,0.4987192000921528,0.9974384001843056
partial,"partly transparent, $\kappa\ell_s/D_s=1$",6.003424657534247,1.0,1.0,0.0,0.8338398865504892,0.4987648610907407,0.49876486109074064,0.49876486109074064,0.4987648610907406,0.9975297221814812
partial,"partly transparent, $\kappa\ell_s/D_s=1$",6.03972602739726,1.0,1.0,0.0,0.8348239996334718,0.4988088942575498,0.4988088942575499,0.4988088942575499,0.4988088942575499,0.9976177885150997
partial,"partly transparent, $\kappa\ell_s/D_s=1$",6.076027397260274,1.0,1.0,0.0,0.8357968702213779,0.4988513576253958,0.49885135762539584,0.49885135762539584,0.4988513576253958,0.9977027152507916
partial,"partly transparent, $\kappa\ell_s/D_s=1$",6.112328767123288,1.0,1.0,0.0,0.8367586803113009,0.4988923071582022,0.49889230715820215,0.49889230715820215,0.49889230715820215,0.9977846143164043
partial,"partly transparent, $\kappa\ell_s/D_s=1$",6.148630136986302,1.0,1.0,0.0,0.8377096082512763,0.49893179682475763,0.4989317968247576,0.4989317968247576,0.4989317968247576,0.9978635936495152
partial,"partly transparent, $\kappa\ell_s/D_s=1$",6.184931506849315,1.0,1.0,0.0,0.8386498288243696,0.4989698786698432,0.49896987866984316,0.49896987866984316,0.4989698786698431,0.9979397573396862
partial,"partly transparent, $\kappa\ell_s/D_s=1$",6.221232876712329,1.0,1.0,0.0,0.8395795133306345,0.49900660288282395,0.499006602882824,0.499006602882824,0.49900660288282395,0.9980132057656479
partial,"partly transparent, $\kappa\ell_s/D_s=1$",6.257534246575343,1.0,1.0,0.0,0.8404988296670007,0.4990420178637953,0.4990420178637954,0.4990420178637954,0.4990420178637954,0.9980840357275907
partial,"partly transparent, $\kappa\ell_s/D_s=1$",6.293835616438357,1.0,1.0,0.0,0.8414079424051448,0.49907617028737095,0.499076170287371,0.499076170287371,0.499076170287371,0.998152340574742
partial,"partly transparent, $\kappa\ell_s/D_s=1$",6.33013698630137,1.0,1.0,0.0,0.8423070128674036,0.49910910516419704,0.49910910516419704,0.49910910516419704,0.49910910516419704,0.9982182103283941
partial,"partly transparent, $\kappa\ell_s/D_s=1$",6.366438356164384,1.0,1.0,0.0,0.8431961992007749,0.4991408659002732,0.4991408659002732,0.4991408659002732,0.4991408659002732,0.9982817318005464
partial,"partly transparent, $\kappa\ell_s/D_s=1$",6.402739726027398,1.0,1.0,0.0,0.8440756564490646,0.499171494354159,0.499171494354159,0.499171494354159,0.499171494354159,0.998342988708318
partial,"partly transparent, $\kappa\ell_s/D_s=1$",6.439041095890412,1.0,1.0,0.0,0.8449455366232262,0.4992010308921404,0.4992010308921404,0.4992010308921404,0.4992010308921404,0.9984020617842808
partial,"partly transparent, $\kappa\ell_s/D_s=1$",6.4753424657534255,1.0,1.0,0.0,0.8458059887699411,0.4992295144414304,0.4992295144414304,0.4992295144414304,0.4992295144414304,0.9984590288828608
partial,"partly transparent, $\kappa\ell_s/D_s=1$",6.511643835616439,1.0,1.0,0.0,0.8466571590384876,0.49925698254147177,0.49925698254147177,0.49925698254147177,0.49925698254147177,0.9985139650829435
partial,"partly transparent, $\kappa\ell_s/D_s=1$",6.5479452054794525,1.0,1.0,0.0,0.8474991907459452,0.49928347139341245,0.49928347139341245,0.49928347139341245,0.4992834713934124,0.9985669427868249
partial,"partly transparent, $\kappa\ell_s/D_s=1$",6.584246575342466,1.0,1.0,0.0,0.8483322244407758,0.4993090159078156,0.4993090159078156,0.4993090159078156,0.4993090159078156,0.9986180318156312
partial,"partly transparent, $\kappa\ell_s/D_s=1$",6.62054794520548,1.0,1.0,0.0,0.8491563979648299,0.49933364975066974,0.4993336497506697,0.4993336497506697,0.4993336497506697,0.9986672995013394
partial,"partly transparent, $\kappa\ell_s/D_s=1$",6.656849315068493,1.0,1.0,0.0,0.8499718465138129,0.4993574053877581,0.4993574053877581,0.4993574053877581,0.4993574053877581,0.9987148107755162
partial,"partly transparent, $\kappa\ell_s/D_s=1$",6.693150684931507,1.0,1.0,0.0,0.8507787026962602,0.49938031412744677,0.49938031412744677,0.49938031412744677,0.49938031412744677,0.9987606282548935
partial,"partly transparent, $\kappa\ell_s/D_s=1$",6.729452054794521,1.0,1.0,0.0,0.8515770965910551,0.49940240616194664,0.4994024061619466,0.4994024061619466,0.4994024061619466,0.9988048123238932
partial,"partly transparent, $\kappa\ell_s/D_s=1$",6.765753424657535,1.0,1.0,0.0,0.8523671558035284,0.4994237106071049,0.4994237106071049,0.4994237106071049,0.4994237106071049,0.9988474212142098
partial,"partly transparent, $\kappa\ell_s/D_s=1$",6.802054794520548,1.0,1.0,0.0,0.853149005520182,0.499444255540778,0.4994442555407779,0.4994442555407779,0.4994442555407779,0.9988885110815559
partial,"partly transparent, $\kappa\ell_s/D_s=1$",6.838356164383562,1.0,1.0,0.0,0.8539227685620673,0.499464068039836,0.49946406803983595,0.49946406803983595,0.49946406803983595,0.9989281360796719
partial,"partly transparent, $\kappa\ell_s/D_s=1$",6.874657534246576,1.0,1.0,0.0,0.8546885654368559,0.49948317421584854,0.49948317421584854,0.49948317421584854,0.49948317421584854,0.9989663484316971
partial,"partly transparent, $\kappa\ell_s/D_s=1$",6.91095890410959,1.0,1.0,0.0,0.8554465143896397,0.499501599249498,0.499501599249498,0.499501599249498,0.499501599249498,0.999003198498996
partial,"partly transparent, $\kappa\ell_s/D_s=1$",6.947260273972603,1.0,1.0,0.0,0.8561967314524899,0.4995193674237658,0.49951936742376585,0.49951936742376585,0.49951936742376585,0.9990387348475317
partial,"partly transparent, $\kappa\ell_s/D_s=1$",6.983561643835617,1.0,1.0,0.0,0.8569393304928076,0.49953650215593615,0.49953650215593615,0.49953650215593615,0.49953650215593615,0.9990730043118723
partial,"partly transparent, $\kappa\ell_s/D_s=1$",7.019863013698631,1.0,1.0,0.0,0.8576744232605037,0.49955302602845797,0.49955302602845797,0.49955302602845797,0.49955302602845797,0.9991060520569159
partial,"partly transparent, $\kappa\ell_s/D_s=1$",7.0561643835616445,1.0,1.0,0.0,0.8584021194340298,0.4995689608187077,0.49956896081870766,0.49956896081870766,0.4995689608187076,0.9991379216374152
partial,"partly transparent, $\kappa\ell_s/D_s=1$",7.0924657534246585,1.0,1.0,0.0,0.8591225266652965,0.4995843275276899,0.4995843275276899,0.4995843275276899,0.4995843275276899,0.9991686550553798
partial,"partly transparent, $\kappa\ell_s/D_s=1$",7.1287671232876715,1.0,1.0,0.0,0.859835750623508,0.4995991464077154,0.49959914640771547,0.49959914640771547,0.49959914640771547,0.9991982928154309
partial,"partly transparent, $\kappa\ell_s/D_s=1$",7.165068493150685,1.0,1.0,0.0,0.860541895037936,0.4996134369890928,0.49961343698909283,0.49961343698909283,0.49961343698909283,0.9992268739781857
partial,"partly transparent, $\kappa\ell_s/D_s=1$",7.201369863013699,1.0,1.0,0.0,0.8612410617396676,0.49962721810586763,0.4996272181058676,0.4996272181058676,0.4996272181058676,0.9992544362117352
partial,"partly transparent, $\kappa\ell_s/D_s=1$",7.237671232876713,1.0,1.0,0.0,0.8619333507023487,0.4996405079206445,0.49964050792064446,0.49964050792064446,0.49964050792064446,0.9992810158412889
partial,"partly transparent, $\kappa\ell_s/D_s=1$",7.273972602739726,1.0,1.0,0.0,0.86261886008195,0.4996533239485246,0.4996533239485246,0.4996533239485246,0.4996533239485246,0.9993066478970491
partial,"partly transparent, $\kappa\ell_s/D_s=1$",7.31027397260274,1.0,1.0,0.0,0.863297686255584,0.499665683080189,0.499665683080189,0.499665683080189,0.499665683080189,0.999331366160378
partial,"partly transparent, $\kappa\ell_s/D_s=1$",7.346575342465754,1.0,1.0,0.0,0.8639699238593934,0.49967760160415975,0.49967760160415975,0.49967760160415975,0.49967760160415975,0.9993552032083195
partial,"partly transparent, $\kappa\ell_s/D_s=1$",7.382876712328768,1.0,1.0,0.0,0.8646356658255367,0.49968909522826677,0.4996890952282668,0.4996890952282668,0.49968909522826677,0.9993781904565335
partial,"partly transparent, $\kappa\ell_s/D_s=1$",7.419178082191781,1.0,1.0,0.0,0.8652950034182955,0.49970017910035025,0.49970017910035025,0.49970017910035025,0.4997001791003502,0.9994003582007005
partial,"partly transparent, $\kappa\ell_s/D_s=1$",7.455479452054795,1.0,1.0,0.0,0.8659480262693235,0.4997108678282238,0.4997108678282238,0.4997108678282238,0.4997108678282238,0.9994217356564477
partial,"partly transparent, $\kappa\ell_s/D_s=1$",7.491780821917809,1.0,1.0,0.0,0.8665948224120618,0.49972117549892736,0.49972117549892736,0.49972117549892736,0.49972117549892736,0.9994423509978547
partial,"partly transparent, $\kappa\ell_s/D_s=1$",7.528082191780823,1.0,1.0,0.0,0.8672354783153404,0.4997311156972922,0.4997311156972922,0.4997311156972922,0.4997311156972922,0.9994622313945845
partial,"partly transparent, $\kappa\ell_s/D_s=1$",7.564383561643836,1.0,1.0,0.0,0.8678700789161872,0.49974070152384564,0.49974070152384564,0.49974070152384564,0.49974070152384564,0.9994814030476913
partial,"partly transparent, $\kappa\ell_s/D_s=1$",7.60068493150685,1.0,1.0,0.0,0.8684987076518642,0.499749945612076,0.499749945612076,0.499749945612076,0.4997499456120759,0.999499891224152
partial,"partly transparent, $\kappa\ell_s/D_s=1$",7.636986301369864,1.0,1.0,0.0,0.8691214464911532,0.499758860145083,0.499758860145083,0.499758860145083,0.499758860145083,0.999517720290166
partial,"partly transparent, $\kappa\ell_s/D_s=1$",7.6732876712328775,1.0,1.0,0.0,0.8697383759649048,0.4997674568716344,0.4997674568716344,0.4997674568716344,0.4997674568716344,0.9995349137432687
partial,"partly transparent, $\kappa\ell_s/D_s=1$",7.709589041095891,1.0,1.0,0.0,0.8703495751958763,0.49977574712164996,0.4997757471216499,0.4997757471216499,0.4997757471216499,0.9995514942432998
partial,"partly transparent, $\kappa\ell_s/D_s=1$",7.745890410958904,1.0,1.0,0.0,0.8709551219278708,0.4997837418211334,0.49978374182113333,0.49978374182113333,0.49978374182113333,0.9995674836422667
partial,"partly transparent, $\kappa\ell_s/D_s=1$",7.782191780821918,1.0,1.0,0.0,0.8715550925541989,0.49979145150657234,0.4997914515065724,0.4997914515065724,0.4997914515065724,0.9995829030131448
partial,"partly transparent, $\kappa\ell_s/D_s=1$",7.818493150684932,1.0,1.0,0.0,0.872149562145478,0.49979888633882497,0.4997988863388249,0.4997988863388249,0.4997988863388249,0.9995977726776498
partial,"partly transparent, $\kappa\ell_s/D_s=1$",7.854794520547946,1.0,1.0,0.0,0.8727386044767868,0.4998060561165104,0.49980605611651047,0.49980605611651047,0.49980605611651047,0.9996121122330209
partial,"partly transparent, $\kappa\ell_s/D_s=1$",7.891095890410959,1.0,1.0,0.0,0.8733222920541915,0.499812970288924,0.499812970288924,0.499812970288924,0.499812970288924,0.999625940577848
partial,"partly transparent, $\kappa\ell_s/D_s=1$",7.927397260273973,1.0,1.0,0.0,0.8739006961406609,0.4998196379684897,0.4998196379684897,0.4998196379684897,0.4998196379684897,0.9996392759369794
partial,"partly transparent, $\kappa\ell_s/D_s=1$",7.963698630136987,1.0,1.0,0.0,0.8744738867813805,0.4998260679427704,0.49982606794277035,0.49982606794277035,0.49982606794277035,0.9996521358855407
partial,"partly transparent, $\kappa\ell_s/D_s=1$",8.0,1.0,1.0,0.0,0.8750419328284877,0.4998322686860488,0.49983226868604874,0.49983226868604874,0.49983226868604874,0.9996645373720975
reflecting,reflecting contacts,0.05,0.0,0.0,0.0,1.0,1.0,1.0,0.0,0.0,0.0
reflecting,reflecting contacts,0.0863013698630137,0.0,0.0,0.0,1.0,1.0,1.0,0.0,0.0,0.0
reflecting,reflecting contacts,0.12260273972602741,0.0,0.0,0.0,1.0,1.0,1.0,0.0,0.0,0.0
reflecting,reflecting contacts,0.1589041095890411,0.0,0.0,0.0,1.0,1.0,1.0,0.0,0.0,0.0
reflecting,reflecting contacts,0.1952054794520548,0.0,0.0,0.0,1.0,1.0,1.0,0.0,0.0,0.0
reflecting,reflecting contacts,0.23150684931506849,0.0,0.0,0.0,1.0,1.0,1.0,0.0,0.0,0.0
reflecting,reflecting contacts,0.26780821917808223,0.0,0.0,0.0,1.0,1.0,1.0,0.0,0.0,0.0
reflecting,reflecting contacts,0.3041095890410959,0.0,0.0,0.0,1.0,1.0,1.0,0.0,0.0,0.0
reflecting,reflecting contacts,0.3404109589041096,0.0,0.0,0.0,1.0,1.0,1.0,0.0,0.0,0.0
reflecting,reflecting contacts,0.3767123287671233,0.0,0.0,0.0,1.0,1.0,1.0,0.0,0.0,0.0
reflecting,reflecting contacts,0.413013698630137,0.0,0.0,0.0,1.0,1.0,1.0,0.0,0.0,0.0
reflecting,reflecting contacts,0.4493150684931507,0.0,0.0,0.0,1.0,1.0,1.0,0.0,0.0,0.0
reflecting,reflecting contacts,0.4856164383561644,0.0,0.0,0.0,1.0,1.0,1.0,0.0,0.0,0.0
reflecting,reflecting contacts,0.5219178082191781,0.0,0.0,0.0,1.0,1.0,1.0,0.0,0.0,0.0
reflecting,reflecting contacts,0.5582191780821919,0.0,0.0,0.0,1.0,1.0,1.0,0.0,0.0,0.0
reflecting,reflecting contacts,0.5945205479452056,0.0,0.0,0.0,1.0,1.0,1.0,0.0,0.0,0.0
reflecting,reflecting contacts,0.6308219178082193,0.0,0.0,0.0,1.0,1.0,1.0,0.0,0.0,0.0
reflecting,reflecting contacts,0.667123287671233,0.0,0.0,0.0,1.0,1.0,1.0,0.0,0.0,0.0
reflecting,reflecting contacts,0.7034246575342467,0.0,0.0,0.0,1.0,1.0,1.0,0.0,0.0,0.0
reflecting,reflecting contacts,0.7397260273972603,0.0,0.0,0.0,1.0,1.0,1.0,0.0,0.0,0.0
reflecting,reflecting contacts,0.776027397260274,0.0,0.0,0.0,1.0,1.0,1.0,0.0,0.0,0.0
reflecting,reflecting contacts,0.8123287671232878,0.0,0.0,0.0,1.0,1.0,1.0,0.0,0.0,0.0
reflecting,reflecting contacts,0.8486301369863015,0.0,0.0,0.0,1.0,1.0,1.0,0.0,0.0,0.0
reflecting,reflecting contacts,0.8849315068493152,0.0,0.0,0.0,1.0,1.0,1.0,0.0,0.0,0.0
reflecting,reflecting contacts,0.9212328767123289,0.0,0.0,0.0,1.0,1.0,1.0,0.0,0.0,0.0
reflecting,reflecting contacts,0.9575342465753426,0.0,0.0,0.0,1.0,1.0,1.0,0.0,0.0,0.0
reflecting,reflecting contacts,0.9938356164383563,0.0,0.0,0.0,1.0,1.0,1.0,0.0,0.0,0.0
reflecting,reflecting contacts,1.0301369863013699,0.0,0.0,0.0,1.0,1.0,1.0,0.0,0.0,0.0
reflecting,reflecting contacts,1.0664383561643838,0.0,0.0,0.0,1.0,1.0,1.0,0.0,0.0,0.0
reflecting,reflecting contacts,1.1027397260273974,0.0,0.0,0.0,1.0,1.0,1.0,0.0,0.0,0.0
reflecting,reflecting contacts,1.1390410958904111,0.0,0.0,0.0,1.0,1.0,1.0,0.0,0.0,0.0
reflecting,reflecting contacts,1.1753424657534248,0.0,0.0,0.0,1.0,1.0,1.0,0.0,0.0,0.0
reflecting,reflecting contacts,1.2116438356164385,0.0,0.0,0.0,1.0,1.0,1.0,0.0,0.0,0.0
reflecting,reflecting contacts,1.2479452054794522,0.0,0.0,0.0,1.0,1.0,1.0,0.0,0.0,0.0
reflecting,reflecting contacts,1.284246575342466,0.0,0.0,0.0,1.0,1.0,1.0,0.0,0.0,0.0
reflecting,reflecting contacts,1.3205479452054796,0.0,0.0,0.0,1.0,1.0,1.0,0.0,0.0,0.0
reflecting,reflecting contacts,1.3568493150684933,0.0,0.0,0.0,1.0,1.0,1.0,0.0,0.0,0.0
reflecting,reflecting contacts,1.393150684931507,0.0,0.0,0.0,1.0,1.0,1.0,0.0,0.0,0.0
reflecting,reflecting contacts,1.4294520547945206,0.0,0.0,0.0,1.0,1.0,1.0,0.0,0.0,0.0
reflecting,reflecting contacts,1.4657534246575343,0.0,0.0,0.0,1.0,1.0,1.0,0.0,0.0,0.0
reflecting,reflecting contacts,1.502054794520548,0.0,0.0,0.0,1.0,1.0,1.0,0.0,0.0,0.0
reflecting,reflecting contacts,1.538356164383562,0.0,0.0,0.0,1.0,1.0,1.0,0.0,0.0,0.0
reflecting,reflecting contacts,1.5746575342465756,0.0,0.0,0.0,1.0,1.0,1.0,0.0,0.0,0.0
reflecting,reflecting contacts,1.6109589041095893,0.0,0.0,0.0,1.0,1.0,1.0,0.0,0.0,0.0
reflecting,reflecting contacts,1.647260273972603,0.0,0.0,0.0,1.0,1.0,1.0,0.0,0.0,0.0
reflecting,reflecting contacts,1.6835616438356167,0.0,0.0,0.0,1.0,1.0,1.0,0.0,0.0,0.0
reflecting,reflecting contacts,1.7198630136986304,0.0,0.0,0.0,1.0,1.0,1.0,0.0,0.0,0.0
reflecting,reflecting contacts,1.756164383561644,0.0,0.0,0.0,1.0,1.0,1.0,0.0,0.0,0.0
reflecting,reflecting contacts,1.7924657534246577,0.0,0.0,0.0,1.0,1.0,1.0,0.0,0.0,0.0
reflecting,reflecting contacts,1.8287671232876714,0.0,0.0,0.0,1.0,1.0,1.0,0.0,0.0,0.0
reflecting,reflecting contacts,1.8650684931506851,0.0,0.0,0.0,1.0,1.0,1.0,0.0,0.0,0.0
reflecting,reflecting contacts,1.9013698630136988,0.0,0.0,0.0,1.0,1.0,1.0,0.0,0.0,0.0
reflecting,reflecting contacts,1.9376712328767125,0.0,0.0,0.0,1.0,1.0,1.0,0.0,0.0,0.0
reflecting,reflecting contacts,1.9739726027397262,0.0,0.0,0.0,1.0,1.0,1.0,0.0,0.0,0.0
reflecting,reflecting contacts,2.01027397260274,0.0,0.0,0.0,1.0,1.0,1.0,0.0,0.0,0.0
reflecting,reflecting contacts,2.0465753424657533,0.0,0.0,0.0,1.0,1.0,1.0,0.0,0.0,0.0
reflecting,reflecting contacts,2.0828767123287673,0.0,0.0,0.0,1.0,1.0,1.0,0.0,0.0,0.0
reflecting,reflecting contacts,2.1191780821917807,0.0,0.0,0.0,1.0,1.0,1.0,0.0,0.0,0.0
reflecting,reflecting contacts,2.1554794520547946,0.0,0.0,0.0,1.0,1.0,1.0,0.0,0.0,0.0
reflecting,reflecting contacts,2.191780821917808,0.0,0.0,0.0,1.0,1.0,1.0,0.0,0.0,0.0
reflecting,reflecting contacts,2.228082191780822,0.0,0.0,0.0,1.0,1.0,1.0,0.0,0.0,0.0
reflecting,reflecting contacts,2.2643835616438355,0.0,0.0,0.0,1.0,1.0,1.0,0.0,0.0,0.0
reflecting,reflecting contacts,2.3006849315068494,0.0,0.0,0.0,1.0,1.0,1.0,0.0,0.0,0.0
reflecting,reflecting contacts,2.336986301369863,0.0,0.0,0.0,1.0,1.0,1.0,0.0,0.0,0.0
reflecting,reflecting contacts,2.3732876712328768,0.0,0.0,0.0,1.0,1.0,1.0,0.0,0.0,0.0
reflecting,reflecting contacts,2.4095890410958907,0.0,0.0,0.0,1.0,1.0,1.0,0.0,0.0,0.0
reflecting,reflecting contacts,2.445890410958904,0.0,0.0,0.0,1.0,1.0,1.0,0.0,0.0,0.0
reflecting,reflecting contacts,2.482191780821918,0.0,0.0,0.0,1.0,1.0,1.0,0.0,0.0,0.0
reflecting,reflecting contacts,2.5184931506849315,0.0,0.0,0.0,1.0,1.0,1.0,0.0,0.0,0.0
reflecting,reflecting contacts,2.5547945205479454,0.0,0.0,0.0,1.0,1.0,1.0,0.0,0.0,0.0
reflecting,reflecting contacts,2.591095890410959,0.0,0.0,0.0,1.0,1.0,1.0,0.0,0.0,0.0
reflecting,reflecting contacts,2.627397260273973,0.0,0.0,0.0,1.0,1.0,1.0,0.0,0.0,0.0
reflecting,reflecting contacts,2.6636986301369863,0.0,0.0,0.0,1.0,1.0,1.0,0.0,0.0,0.0
reflecting,reflecting contacts,2.7,0.0,0.0,0.0,1.0,1.0,1.0,0.0,0.0,0.0
reflecting,reflecting contacts,2.7363013698630136,0.0,0.0,0.0,1.0,1.0,1.0,0.0,0.0,0.0
reflecting,reflecting contacts,2.7726027397260276,0.0,0.0,0.0,1.0,1.0,1.0,0.0,0.0,0.0
reflecting,reflecting contacts,2.808904109589041,0.0,0.0,0.0,1.0,1.0,1.0,0.0,0.0,0.0
reflecting,reflecting contacts,2.845205479452055,0.0,0.0,0.0,1.0,1.0,1.0,0.0,0.0,0.0
reflecting,reflecting contacts,2.8815068493150684,0.0,0.0,0.0,1.0,1.0,1.0,0.0,0.0,0.0
reflecting,reflecting contacts,2.9178082191780823,0.0,0.0,0.0,1.0,1.0,1.0,0.0,0.0,0.0
reflecting,reflecting contacts,2.9541095890410958,0.0,0.0,0.0,1.0,1.0,1.0,0.0,0.0,0.0
reflecting,reflecting contacts,2.9904109589041097,0.0,0.0,0.0,1.0,1.0,1.0,0.0,0.0,0.0
reflecting,reflecting contacts,3.0267123287671236,0.0,0.0,0.0,1.0,1.0,1.0,0.0,0.0,0.0
reflecting,reflecting contacts,3.063013698630137,0.0,0.0,0.0,1.0,1.0,1.0,0.0,0.0,0.0
reflecting,reflecting contacts,3.099315068493151,0.0,0.0,0.0,1.0,1.0,1.0,0.0,0.0,0.0
reflecting,reflecting contacts,3.1356164383561644,0.0,0.0,0.0,1.0,1.0,1.0,0.0,0.0,0.0
reflecting,reflecting contacts,3.1719178082191783,0.0,0.0,0.0,1.0,1.0,1.0,0.0,0.0,0.0
reflecting,reflecting contacts,3.208219178082192,0.0,0.0,0.0,1.0,1.0,1.0,0.0,0.0,0.0
reflecting,reflecting contacts,3.2445205479452057,0.0,0.0,0.0,1.0,1.0,1.0,0.0,0.0,0.0
reflecting,reflecting contacts,3.280821917808219,0.0,0.0,0.0,1.0,1.0,1.0,0.0,0.0,0.0
reflecting,reflecting contacts,3.317123287671233,0.0,0.0,0.0,1.0,1.0,1.0,0.0,0.0,0.0
reflecting,reflecting contacts,3.3534246575342466,0.0,0.0,0.0,1.0,1.0,1.0,0.0,0.0,0.0
reflecting,reflecting contacts,3.3897260273972605,0.0,0.0,0.0,1.0,1.0,1.0,0.0,0.0,0.0
reflecting,reflecting contacts,3.426027397260274,0.0,0.0,0.0,1.0,1.0,1.0,0.0,0.0,0.0
reflecting,reflecting contacts,3.462328767123288,0.0,0.0,0.0,1.0,1.0,1.0,0.0,0.0,0.0
reflecting,reflecting contacts,3.4986301369863013,0.0,0.0,0.0,1.0,1.0,1.0,0.0,0.0,0.0
reflecting,reflecting contacts,3.5349315068493152,0.0,0.0,0.0,1.0,1.0,1.0,0.0,0.0,0.0
reflecting,reflecting contacts,3.571232876712329,0.0,0.0,0.0,1.0,1.0,1.0,0.0,0.0,0.0
reflecting,reflecting contacts,3.6075342465753426,0.0,0.0,0.0,1.0,1.0,1.0,0.0,0.0,0.0
reflecting,reflecting contacts,3.6438356164383565,0.0,0.0,0.0,1.0,1.0,1.0,0.0,0.0,0.0
reflecting,reflecting contacts,3.68013698630137,0.0,0.0,0.0,1.0,1.0,1.0,0.0,0.0,0.0
reflecting,reflecting contacts,3.716438356164384,0.0,0.0,0.0,1.0,1.0,1.0,0.0,0.0,0.0
reflecting,reflecting contacts,3.7527397260273974,0.0,0.0,0.0,1.0,1.0,1.0,0.0,0.0,0.0
reflecting,reflecting contacts,3.7890410958904113,0.0,0.0,0.0,1.0,1.0,1.0,0.0,0.0,0.0
reflecting,reflecting contacts,3.8253424657534247,0.0,0.0,0.0,1.0,1.0,1.0,0.0,0.0,0.0
reflecting,reflecting contacts,3.8616438356164386,0.0,0.0,0.0,1.0,1.0,1.0,0.0,0.0,0.0
reflecting,reflecting contacts,3.897945205479452,0.0,0.0,0.0,1.0,1.0,1.0,0.0,0.0,0.0
reflecting,reflecting contacts,3.934246575342466,0.0,0.0,0.0,1.0,1.0,1.0,0.0,0.0,0.0
reflecting,reflecting contacts,3.9705479452054795,0.0,0.0,0.0,1.0,1.0,1.0,0.0,0.0,0.0
reflecting,reflecting contacts,4.006849315068494,0.0,0.0,0.0,1.0,1.0,1.0,0.0,0.0,0.0
reflecting,reflecting contacts,4.043150684931507,0.0,0.0,0.0,1.0,1.0,1.0,0.0,0.0,0.0
reflecting,reflecting contacts,4.079452054794521,0.0,0.0,0.0,1.0,1.0,1.0,0.0,0.0,0.0
reflecting,reflecting contacts,4.115753424657535,0.0,0.0,0.0,1.0,1.0,1.0,0.0,0.0,0.0
reflecting,reflecting contacts,4.152054794520549,0.0,0.0,0.0,1.0,1.0,1.0,0.0,0.0,0.0
reflecting,reflecting contacts,4.188356164383562,0.0,0.0,0.0,1.0,1.0,1.0,0.0,0.0,0.0
reflecting,reflecting contacts,4.2246575342465755,0.0,0.0,0.0,1.0,1.0,1.0,0.0,0.0,0.0
reflecting,reflecting contacts,4.260958904109589,0.0,0.0,0.0,1.0,1.0,1.0,0.0,0.0,0.0
reflecting,reflecting contacts,4.297260273972603,0.0,0.0,0.0,1.0,1.0,1.0,0.0,0.0,0.0
reflecting,reflecting contacts,4.333561643835616,0.0,0.0,0.0,1.0,1.0,1.0,0.0,0.0,0.0
reflecting,reflecting contacts,4.36986301369863,0.0,0.0,0.0,1.0,1.0,1.0,0.0,0.0,0.0
reflecting,reflecting contacts,4.406164383561644,0.0,0.0,0.0,1.0,1.0,1.0,0.0,0.0,0.0
reflecting,reflecting contacts,4.442465753424658,0.0,0.0,0.0,1.0,1.0,1.0,0.0,0.0,0.0
reflecting,reflecting contacts,4.478767123287671,0.0,0.0,0.0,1.0,1.0,1.0,0.0,0.0,0.0
reflecting,reflecting contacts,4.515068493150685,0.0,0.0,0.0,1.0,1.0,1.0,0.0,0.0,0.0
reflecting,reflecting contacts,4.551369863013699,0.0,0.0,0.0,1.0,1.0,1.0,0.0,0.0,0.0
reflecting,reflecting contacts,4.587671232876713,0.0,0.0,0.0,1.0,1.0,1.0,0.0,0.0,0.0
reflecting,reflecting contacts,4.623972602739726,0.0,0.0,0.0,1.0,1.0,1.0,0.0,0.0,0.0
reflecting,reflecting contacts,4.66027397260274,0.0,0.0,0.0,1.0,1.0,1.0,0.0,0.0,0.0
reflecting,reflecting contacts,4.696575342465754,0.0,0.0,0.0,1.0,1.0,1.0,0.0,0.0,0.0
reflecting,reflecting contacts,4.732876712328768,0.0,0.0,0.0,1.0,1.0,1.0,0.0,0.0,0.0
reflecting,reflecting contacts,4.7691780821917815,0.0,0.0,0.0,1.0,1.0,1.0,0.0,0.0,0.0
reflecting,reflecting contacts,4.8054794520547945,0.0,0.0,0.0,1.0,1.0,1.0,0.0,0.0,0.0
reflecting,reflecting contacts,4.8417808219178085,0.0,0.0,0.0,1.0,1.0,1.0,0.0,0.0,0.0
reflecting,reflecting contacts,4.878082191780822,0.0,0.0,0.0,1.0,1.0,1.0,0.0,0.0,0.0
reflecting,reflecting contacts,4.914383561643836,0.0,0.0,0.0,1.0,1.0,1.0,0.0,0.0,0.0
reflecting,reflecting contacts,4.950684931506849,0.0,0.0,0.0,1.0,1.0,1.0,0.0,0.0,0.0
reflecting,reflecting contacts,4.986986301369863,0.0,0.0,0.0,1.0,1.0,1.0,0.0,0.0,0.0
reflecting,reflecting contacts,5.023287671232877,0.0,0.0,0.0,1.0,1.0,1.0,0.0,0.0,0.0
reflecting,reflecting contacts,5.059589041095891,0.0,0.0,0.0,1.0,1.0,1.0,0.0,0.0,0.0
reflecting,reflecting contacts,5.095890410958904,0.0,0.0,0.0,1.0,1.0,1.0,0.0,0.0,0.0
reflecting,reflecting contacts,5.132191780821918,0.0,0.0,0.0,1.0,1.0,1.0,0.0,0.0,0.0
reflecting,reflecting contacts,5.168493150684932,0.0,0.0,0.0,1.0,1.0,1.0,0.0,0.0,0.0
reflecting,reflecting contacts,5.204794520547946,0.0,0.0,0.0,1.0,1.0,1.0,0.0,0.0,0.0
reflecting,reflecting contacts,5.241095890410959,0.0,0.0,0.0,1.0,1.0,1.0,0.0,0.0,0.0
reflecting,reflecting contacts,5.277397260273973,0.0,0.0,0.0,1.0,1.0,1.0,0.0,0.0,0.0
reflecting,reflecting contacts,5.313698630136987,0.0,0.0,0.0,1.0,1.0,1.0,0.0,0.0,0.0
reflecting,reflecting contacts,5.3500000000000005,0.0,0.0,0.0,1.0,1.0,1.0,0.0,0.0,0.0
reflecting,reflecting contacts,5.386301369863014,0.0,0.0,0.0,1.0,1.0,1.0,0.0,0.0,0.0
reflecting,reflecting contacts,5.4226027397260275,0.0,0.0,0.0,1.0,1.0,1.0,0.0,0.0,0.0
reflecting,reflecting contacts,5.458904109589041,0.0,0.0,0.0,1.0,1.0,1.0,0.0,0.0,0.0
reflecting,reflecting contacts,5.495205479452055,0.0,0.0,0.0,1.0,1.0,1.0,0.0,0.0,0.0
reflecting,reflecting contacts,5.531506849315069,0.0,0.0,0.0,1.0,1.0,1.0,0.0,0.0,0.0
reflecting,reflecting contacts,5.567808219178082,0.0,0.0,0.0,1.0,1.0,1.0,0.0,0.0,0.0
reflecting,reflecting contacts,5.604109589041096,0.0,0.0,0.0,1.0,1.0,1.0,0.0,0.0,0.0
reflecting,reflecting contacts,5.64041095890411,0.0,0.0,0.0,1.0,1.0,1.0,0.0,0.0,0.0
reflecting,reflecting contacts,5.676712328767124,0.0,0.0,0.0,1.0,1.0,1.0,0.0,0.0,0.0
reflecting,reflecting contacts,5.713013698630137,0.0,0.0,0.0,1.0,1.0,1.0,0.0,0.0,0.0
reflecting,reflecting contacts,5.749315068493151,0.0,0.0,0.0,1.0,1.0,1.0,0.0,0.0,0.0
reflecting,reflecting contacts,5.785616438356165,0.0,0.0,0.0,1.0,1.0,1.0,0.0,0.0,0.0
reflecting,reflecting contacts,5.821917808219179,0.0,0.0,0.0,1.0,1.0,1.0,0.0,0.0,0.0
reflecting,reflecting contacts,5.858219178082192,0.0,0.0,0.0,1.0,1.0,1.0,0.0,0.0,0.0
reflecting,reflecting contacts,5.894520547945206,0.0,0.0,0.0,1.0,1.0,1.0,0.0,0.0,0.0
reflecting,reflecting contacts,5.9308219178082195,0.0,0.0,0.0,1.0,1.0,1.0,0.0,0.0,0.0
reflecting,reflecting contacts,5.9671232876712335,0.0,0.0,0.0,1.0,1.0,1.0,0.0,0.0,0.0
reflecting,reflecting contacts,6.003424657534247,0.0,0.0,0.0,1.0,1.0,1.0,0.0,0.0,0.0
reflecting,reflecting contacts,6.03972602739726,0.0,0.0,0.0,1.0,1.0,1.0,0.0,0.0,0.0
reflecting,reflecting contacts,6.076027397260274,0.0,0.0,0.0,1.0,1.0,1.0,0.0,0.0,0.0
reflecting,reflecting contacts,6.112328767123288,0.0,0.0,0.0,1.0,1.0,1.0,0.0,0.0,0.0
reflecting,reflecting contacts,6.148630136986302,0.0,0.0,0.0,1.0,1.0,1.0,0.0,0.0,0.0
reflecting,reflecting contacts,6.184931506849315,0.0,0.0,0.0,1.0,1.0,1.0,0.0,0.0,0.0
reflecting,reflecting contacts,6.221232876712329,0.0,0.0,0.0,1.0,1.0,1.0,0.0,0.0,0.0
reflecting,reflecting contacts,6.257534246575343,0.0,0.0,0.0,1.0,1.0,1.0,0.0,0.0,0.0
reflecting,reflecting contacts,6.293835616438357,0.0,0.0,0.0,1.0,1.0,1.0,0.0,0.0,0.0
reflecting,reflecting contacts,6.33013698630137,0.0,0.0,0.0,1.0,1.0,1.0,0.0,0.0,0.0
reflecting,reflecting contacts,6.366438356164384,0.0,0.0,0.0,1.0,1.0,1.0,0.0,0.0,0.0
reflecting,reflecting contacts,6.402739726027398,0.0,0.0,0.0,1.0,1.0,1.0,0.0,0.0,0.0
reflecting,reflecting contacts,6.439041095890412,0.0,0.0,0.0,1.0,1.0,1.0,0.0,0.0,0.0
reflecting,reflecting contacts,6.4753424657534255,0.0,0.0,0.0,1.0,1.0,1.0,0.0,0.0,0.0
reflecting,reflecting contacts,6.511643835616439,0.0,0.0,0.0,1.0,1.0,1.0,0.0,0.0,0.0
reflecting,reflecting contacts,6.5479452054794525,0.0,0.0,0.0,1.0,1.0,1.0,0.0,0.0,0.0
reflecting,reflecting contacts,6.584246575342466,0.0,0.0,0.0,1.0,1.0,1.0,0.0,0.0,0.0
reflecting,reflecting contacts,6.62054794520548,0.0,0.0,0.0,1.0,1.0,1.0,0.0,0.0,0.0
reflecting,reflecting contacts,6.656849315068493,0.0,0.0,0.0,1.0,1.0,1.0,0.0,0.0,0.0
reflecting,reflecting contacts,6.693150684931507,0.0,0.0,0.0,1.0,1.0,1.0,0.0,0.0,0.0
reflecting,reflecting contacts,6.729452054794521,0.0,0.0,0.0,1.0,1.0,1.0,0.0,0.0,0.0
reflecting,reflecting contacts,6.765753424657535,0.0,0.0,0.0,1.0,1.0,1.0,0.0,0.0,0.0
reflecting,reflecting contacts,6.802054794520548,0.0,0.0,0.0,1.0,1.0,1.0,0.0,0.0,0.0
reflecting,reflecting contacts,6.838356164383562,0.0,0.0,0.0,1.0,1.0,1.0,0.0,0.0,0.0
reflecting,reflecting contacts,6.874657534246576,0.0,0.0,0.0,1.0,1.0,1.0,0.0,0.0,0.0
reflecting,reflecting contacts,6.91095890410959,0.0,0.0,0.0,1.0,1.0,1.0,0.0,0.0,0.0
reflecting,reflecting contacts,6.947260273972603,0.0,0.0,0.0,1.0,1.0,1.0,0.0,0.0,0.0
reflecting,reflecting contacts,6.983561643835617,0.0,0.0,0.0,1.0,1.0,1.0,0.0,0.0,0.0
reflecting,reflecting contacts,7.019863013698631,0.0,0.0,0.0,1.0,1.0,1.0,0.0,0.0,0.0
reflecting,reflecting contacts,7.0561643835616445,0.0,0.0,0.0,1.0,1.0,1.0,0.0,0.0,0.0
reflecting,reflecting contacts,7.0924657534246585,0.0,0.0,0.0,1.0,1.0,1.0,0.0,0.0,0.0
reflecting,reflecting contacts,7.1287671232876715,0.0,0.0,0.0,1.0,1.0,1.0,0.0,0.0,0.0
reflecting,reflecting contacts,7.165068493150685,0.0,0.0,0.0,1.0,1.0,1.0,0.0,0.0,0.0
reflecting,reflecting contacts,7.201369863013699,0.0,0.0,0.0,1.0,1.0,1.0,0.0,0.0,0.0
reflecting,reflecting contacts,7.237671232876713,0.0,0.0,0.0,1.0,1.0,1.0,0.0,0.0,0.0
reflecting,reflecting contacts,7.273972602739726,0.0,0.0,0.0,1.0,1.0,1.0,0.0,0.0,0.0
reflecting,reflecting contacts,7.31027397260274,0.0,0.0,0.0,1.0,1.0,1.0,0.0,0.0,0.0
reflecting,reflecting contacts,7.346575342465754,0.0,0.0,0.0,1.0,1.0,1.0,0.0,0.0,0.0
reflecting,reflecting contacts,7.382876712328768,0.0,0.0,0.0,1.0,1.0,1.0,0.0,0.0,0.0
reflecting,reflecting contacts,7.419178082191781,0.0,0.0,0.0,1.0,1.0,1.0,0.0,0.0,0.0
reflecting,reflecting contacts,7.455479452054795,0.0,0.0,0.0,1.0,1.0,1.0,0.0,0.0,0.0
reflecting,reflecting contacts,7.491780821917809,0.0,0.0,0.0,1.0,1.0,1.0,0.0,0.0,0.0
reflecting,reflecting contacts,7.528082191780823,0.0,0.0,0.0,1.0,1.0,1.0,0.0,0.0,0.0
reflecting,reflecting contacts,7.564383561643836,0.0,0.0,0.0,1.0,1.0,1.0,0.0,0.0,0.0
reflecting,reflecting contacts,7.60068493150685,0.0,0.0,0.0,1.0,1.0,1.0,0.0,0.0,0.0
reflecting,reflecting contacts,7.636986301369864,0.0,0.0,0.0,1.0,1.0,1.0,0.0,0.0,0.0
reflecting,reflecting contacts,7.6732876712328775,0.0,0.0,0.0,1.0,1.0,1.0,0.0,0.0,0.0
reflecting,reflecting contacts,7.709589041095891,0.0,0.0,0.0,1.0,1.0,1.0,0.0,0.0,0.0
reflecting,reflecting contacts,7.745890410958904,0.0,0.0,0.0,1.0,1.0,1.0,0.0,0.0,0.0
reflecting,reflecting contacts,7.782191780821918,0.0,0.0,0.0,1.0,1.0,1.0,0.0,0.0,0.0
reflecting,reflecting contacts,7.818493150684932,0.0,0.0,0.0,1.0,1.0,1.0,0.0,0.0,0.0
reflecting,reflecting contacts,7.854794520547946,0.0,0.0,0.0,1.0,1.0,1.0,0.0,0.0,0.0
reflecting,reflecting contacts,7.891095890410959,0.0,0.0,0.0,1.0,1.0,1.0,0.0,0.0,0.0
reflecting,reflecting contacts,7.927397260273973,0.0,0.0,0.0,1.0,1.0,1.0,0.0,0.0,0.0
reflecting,reflecting contacts,7.963698630136987,0.0,0.0,0.0,1.0,1.0,1.0,0.0,0.0,0.0
reflecting,reflecting contacts,8.0,0.0,0.0,0.0,1.0,1.0,1.0,0.0,0.0,0.0
