RG,spatial_rate,short_rate,node_rate
0.001,1.571651684621378,1.57116240191207,1.6004895104895105
0.0011679270855560694,1.5717337526093207,1.57116240191207,1.6005716166653365
0.001364053677175493,1.571829567162078,1.57116240191207,1.6006674758289572
0.0015931152357256133,1.5719414240736866,1.57116240191207,1.6007793848156813
0.0018606424342159842,1.5720720000257895,1.57116240191207,1.6009100215680203
0.002173094695455825,1.572224414970694,1.57116240191207,1.6010625074714233
0.002538016154301076,1.5724023042517161,1.57116240191207,1.6012404795584492
0.002964217810187076,1.572609902066941,1.57116240191207,1.6014481740237583
0.003461990268005186,1.5728521379151834,1.57116240191207,1.6016905226583316
0.004043352203934773,1.5731347476668862,1.57116240191207,1.601973263978671
0.004722340555418245,1.5734644012031023,1.57116240191207,1.6023030709866328
0.005515349441892861,1.5738488488673146,1.57116240191207,1.6026876976348772
0.0064415259994932235,1.574297088692941,1.57116240191207,1.6031361461726426
0.00752323268712176,1.5748195568401004,1.57116240191207,1.6036588575797484
0.008786587226230274,1.575428343038983,1.57116240191207,1.6042679272260063
0.010262093211115307,1.5761374332999587,1.57116240191207,1.6049773476677363
0.01198537661576262,1.5769629812713895,1.57116240191207,1.6058032800447803
0.013998045980139498,1.5779236086680384,1.57116240191207,1.6067643547810178
0.01634869704506417,1.5790407347628799,1.57116240191207,1.6078820011039245
0.01909408609248092,1.580338932202137,1.57116240191207,1.609180803139767
0.022300500321347907,1.5818463048600875,1.57116240191207,1.610688877833891
0.02604535834675404,1.5835948790565024,1.57116240191207,1.612438266482169
0.030419079466187892,1.585620995785765,1.57116240191207,1.6144653270067106
0.035527266826243284,1.5879656844648844,1.57116240191207,1.6168111080244305
0.041493257202147124,1.590674992148983,1.57116240191207,1.619521678021873
0.04846109895433206,1.5938002312233803,1.57116240191207,1.6226483734220616
0.056599030064577296,1.5973980990060723,1.57116240191207,1.626247918029934
0.06610354022862211,1.6015306082178236,1.57116240191207,1.630382353579915
0.07720411508415298,1.6062647550233669,1.57116240191207,1.635118707644632
0.09016877712317013,1.6116718382040252,1.57116240191207,1.6405283124205285
0.10531055707361887,1.6178263330273328,1.57116240191207,1.6466856781886654
0.12299505200127768,1.6248042207458004,1.57116240191207,1.6536668219269746
0.14364925262166944,1.6326806813158528,1.57116240191207,1.6615469591076655
0.16777185295673397,1.6415270817553669,1.57116240191207,1.6703974905206467
0.19594529126209956,1.6514072371017425,1.57116240191207,1.6802822615883246
0.2288498129521791,1.6623729936403344,1.57116240191207,1.691253143520584
0.2672798950712899,1.6744592830220357,1.57116240191207,1.703345085086799
0.31216342887834364,1.687678918407165,1.57116240191207,1.7165709063246344
0.36458412370707327,1.7020175367872272,1.57116240191207,1.7309162385175272
0.42580767304121514,1.7174292130171414,1.57116240191207,1.7463351360321684
0.49731231458243813,1.73383334946777,1.57116240191207,1.7627469645258023
0.5808245221814101,1.751113448426762,1.57116240191207,1.7800351727060513
0.6783606914108302,1.7691182725704389,1.57116240191207,1.7980484531676526
0.7922758252752512,1.7876656818720584,1.57116240191207,1.8166045811197908
0.9253203955702538,1.806549121102282,1.57116240191207,1.8354969047606913
1.080706752803955,1.8255463656500672,1.57116240191207,1.854503095239309
1.2621866881430865,1.844429789006011,1.57116240191207,1.8733954188802093
1.474142020110621,1.8629771673831805,1.57116240191207,1.8919515468323473
1.7216903932435343,1.8809819468897744,1.57116240191207,1.909964827293949
2.010808843210804,1.8982619895199253,1.57116240191207,1.927253035474198
2.3484781118615636,1.9146660602303371,1.57116240191207,1.9436648639678318
2.742851196678697,1.9300776638480521,1.57116240191207,1.959083761482473
3.2034502042509247,1.9444162052238696,1.57116240191207,1.9734290936753656
3.741396260774778,1.9576357615264932,1.57116240191207,1.986654914913201
4.369678030757062,1.9697219718323398,1.57116240191207,1.9987468564794162
5.1034653272804755,1.9806876510390277,1.57116240191207,2.0097177384116756
5.960475385927138,1.9905677321220783,1.57116240191207,2.0196025094793533
6.961400646014571,1.9994140624174268,1.57116240191207,2.0284530408923347
8.130408367887929,2.007290457626005,1.57116240191207,2.0363331780730256
9.495724149488028,2.014268285107219,1.57116240191207,2.043314321811335
11.09031343115594,2.0204227250567968,1.57116240191207,2.0494716875794716
12.952677443553275,2.025829758597955,1.57116240191207,2.054881292355368
15.127782816797001,2.030563860900651,1.57116240191207,2.0596176464200853
17.668147296146927,2.034696330440392,1.57116240191207,2.063752081970066
20.63510777876421,2.038294163077557,1.57116240191207,2.0673516265779384
24.100301288187435,2.041419371157081,1.57116240191207,2.070478321978127
28.147394644535968,2.0441286516131,1.57116240191207,2.0731888919755694
32.87410459318937,2.0464733164943105,1.57116240191207,2.0755346729932893
38.394557167789024,2.0484994124289253,1.57116240191207,2.077561733517831
44.84204325419178,2.0502479685469175,1.57116240191207,2.079311122166109
52.37223688824736,2.051755325492575,1.57116240191207,2.0808191968602334
61.166953992942744,2.0530535093493327,1.57116240191207,2.0821179988960754
71.43854230931973,2.054170623683459,1.57116240191207,2.0832356452189824
83.43500851569783,2.0551312409240907,1.57116240191207,2.08419671995522
97.44600632908471,2.0559567801377425,1.57116240191207,2.085022652332264
113.8098301710061,2.056665862857389,1.57116240191207,2.0857320727739936
132.9215832592545,2.057274642522147,1.57116240191207,2.0863411424202516
155.2427173434794,2.0577971050937283,1.57116240191207,2.0868638538273574
181.31217442077437,2.0582453401308713,1.57116240191207,2.087312302365123
211.75939944708895,2.058629783643661,1.57116240191207,2.0876969290133673
247.3195382353419,2.0589594336295036,1.57116240191207,2.088026736021329
288.85118749227547,2.0592420403309823,1.57116240191207,2.0883094773416686
337.3571255672634,2.059484273586458,1.57116240191207,2.088551825976242
394.0085244553465,2.0596918691575112,1.57116240191207,2.0887595204415508
460.1732276513797,2.0598697565103468,1.57116240191207,2.0889374925285766
537.4487766218061,2.0600221698059134,1.57116240191207,2.08908997843198
627.7009833155804,2.060152744352644,1.57116240191207,2.0892206151843187
733.108980044444,2.060264600053695,1.57116240191207,2.0893325241710428
856.217834458291,2.0603604135799882,1.57116240191207,2.0894283833346634
1000.0,2.060442480656257,1.57116240191207,2.0895104895104897
