omega,Y_cL_real,Y_cL_imag,Y_Lc_real,Y_Lc_imag,common_inverse_abs,differential_inverse_abs,reciprocity_error,minimum_dissipation_eigenvalue
0.001,0.12733493424389214,8.09473042781209e-05,-0.12733493424389244,-8.094730427812113e-05,0.25466991994629445,4.718448947878149e-15,3.053114187010682e-16,0.181907152959597
0.0010907766915109554,0.12733492446600866,8.829542595894621e-05,-0.12733492446600894,-8.829542595894633e-05,0.2546699101570208,9.714454645624548e-16,3.3306697797361844e-16,0.18190715873732644
0.0011897937907435858,0.1273349128323583,9.631058379325804e-05,-0.12733491283235868,-9.631058379325831e-05,0.2546698985098402,1.88737973062064e-15,3.8857815315372044e-16,0.1819071656116185
0.0012977993346475663,0.12733489899071196,0.00010505332851415063,-0.12733489899071235,-0.0001050533285141511,0.2546698846520881,2.4980028930201984e-15,4.440893192446851e-16,0.18190717379061125
0.0014156092644919916,0.12733488252201222,0.00011458970727069328,-0.12733488252201233,-0.00011458970727069361,0.2546698681642261,3.219648568419548e-15,3.8857818364122587e-16,0.18190718352192317
0.0015441135899948314,0.12733486292764445,0.00012499176252092032,-0.1273348629276448,-0.0001249917625209206,0.25466984854703817,1.0824681670869001e-15,4.440893496435641e-16,0.1819071951001908
0.001684283113011666,0.12733483961441544,0.0001363380761970042,-0.127334839614416,-0.00013633807619700466,0.2546698252066783,7.771566319801174e-16,5.551117035567029e-16,0.18190720887592107
0.0018371767615786374,0.12733481187648293,0.0001487143632469307,-0.127334811876483,-0.0001487143632469312,0.2546697974364548,7.216456628738667e-16,2.4980029965464003e-16,0.18190722526619982
0.0020039495897155573,0.12733477887407257,0.00016221411902956178,-0.12733477887407318,-0.00016221411902956235,0.25466976439561656,2.636782037900934e-15,6.106229288431603e-16,0.18190724476724981
0.002185861503424672,0.12733473960805047,0.0001769393254431318,-0.1273347396080509,-0.00017693932544313228,0.2546697250838783,2.8588283139978424e-15,4.163339201079552e-16,0.1819072679694563
0.0023842867788067264,0.12733469288958027,0.00019300122110842708,-0.1273346928895805,-0.0001930012211084276,0.2546696783109873,2.8865839871996693e-15,2.775558885051556e-16,0.18190729557530516
0.0026007244442001138,0.12733463730430722,0.00021052114140880835,-0.12733463730430755,-0.00021052114140880925,0.25466962266097143,4.440896474283911e-16,3.60822743628604e-16,0.18190732842053384
0.002836809604776268,0.12733457116933922,0.0002296314347093028,-0.12733457116933938,-0.00022963143470930325,0.2546695564489452,2.303717493453573e-15,2.7755618496638744e-16,0.18190736749956768
0.0030943257951443585,0.1273344924824793,0.0002504764616495533,-0.12733449248247955,-0.0002504764616495537,0.25466947767039244,6.1895081995878685e-15,2.775560949692613e-16,0.18190741399550445
0.0033752184532845697,0.12733439886144546,0.0002732136850202531,-0.12733439886144582,-0.00027321368502025413,0.2546693839402282,3.719257120279343e-15,3.608239530910175e-16,0.1819074693160363
0.0036816096176004666,0.12733428747192055,0.0002980148584100161,-0.1273342874719207,-0.00029801485841001704,0.25466927242081905,1.5265616486455246e-15,4.1633423068637346e-16,0.1819075351359715
0.00401581395812115,0.12733415494159278,0.00032506732253709855,-0.12733415494159298,-0.0003250673225370989,0.25466913973588295,5.828700021176097e-16,3.0531214511497153e-16,0.1819076134480209
0.0043803562629629025,0.12733399725819367,0.00035457541897917746,-0.127333997258194,-0.0003545754189791778,0.25466898186844367,5.551329524200144e-17,3.3306754266165156e-16,0.18190770662305009
0.004777990512153967,0.1273338096479874,0.00038676203187328154,-0.12733380964798766,-0.0003867620318732817,0.2546687940391527,7.216515813847935e-16,2.775576672677969e-16,0.18190781748188442
0.0052117206829180385,0.12733358643123502,0.00042187026909512273,-0.1273335864312353,-0.00042187026909512387,0.25466857056154024,1.5265668703851381e-15,3.608246372295774e-16,0.18190794938073115
0.005684823443592555,0.12733332085034746,0.0004601652954397662,-0.1273333208503479,-0.0004601652954397677,0.2546683046700302,1.3877869800361537e-15,4.440918038808874e-16,0.18190810631270707
0.006200872907625803,0.12733300486530957,0.0005019363314185555,-0.1273330048653098,-0.0005019363314185563,0.25466798831505943,4.996050667977548e-16,4.440918038808874e-16,0.18190829302875397
0.006763767634659991,0.127332628910314,0.0005474988324708675,-0.12733262891031433,-0.0005474988324708688,0.2546676119194106,4.690750198946987e-15,3.330694484766953e-16,0.18190851518144335
0.007377760082683305,0.12733218160430862,0.0005971968646622162,-0.12733218160430895,-0.000597196864662217,0.25466716408840656,4.440981565454471e-16,4.440914465408063e-16,0.18190877949604098
0.008047488733750887,0.12733164940647715,0.0006514056943056596,-0.1273316494064774,-0.000651405694305661,0.25466663126489375,1.915167275797791e-15,4.718475881399139e-16,0.18190909397410984
0.00877801313597249,0.127331016206618,0.000710534610412832,-0.12733101620661857,-0.0007105346104128342,0.25466599731917905,3.3307321084121334e-15,5.828711214044762e-16,0.18190946813557957
0.009574852126495767,0.1273302628375857,0.000775030000436251,-0.1273302628375859,-0.0007750300004362528,0.2546652430606907,4.996083137162525e-16,3.6083109983161506e-16,0.18190991330692913
0.010444025524245693,0.1273293664953811,0.0008453787014298886,-0.12732936649538126,-0.0008453787014298902,0.2546643456572921,2.2205056054557165e-15,3.3307327772025066e-16,0.1819104429639139
0.011392099607392688,0.1273283000494711,0.0009221116505032827,-0.12732830004947138,-0.000922111650503285,0.2546632779446958,1.6931417807747638e-15,4.163417656713195e-16,0.18191107313920277
0.012426236719115049,0.1273270312220522,0.001005807860269564,-0.12732703122205255,-0.0010058078602695655,0.25466200760437696,2.331563227556227e-15,3.60830366839094e-16,0.1819118229075314
0.013554249376408261,0.12732552161203584,0.001097098746897525,-0.12732552161203592,-0.0010970987468975266,0.2546604961860958,2.4981219776682783e-15,3.330827888766728e-16,0.18191271496263853
0.014784659290713032,0.12732372553411409,0.001196672840311127,-0.1273237255341146,-0.0011966728403111286,0.25465869794509716,7.494482562923354e-16,5.273581211458153e-16,0.18191377630358133
0.01612676174624067,0.12732158863783602,0.0013052809080296296,-0.12732158863783635,-0.001305280908029632,0.25465655845872925,1.1380632177521669e-15,3.8859554340555015e-16,0.18191503905118875
0.017590695822349834,0.12731904626547652,0.0014237415260592685,-0.12731904626547666,-0.0014237415260592702,0.2546540129814052,1.165832992178723e-15,3.6083916265107585e-16,0.181916541419018
0.019187520990478334,0.12731602149905358,0.001552947132037409,-0.12731602149905397,-0.0015529471320374117,0.2546509844877309,2.054106030458739e-15,3.88586770860023e-16,0.18191832886829418
0.020929300664290964,0.12731242283819905,0.0016938705974417713,-0.12731242283819935,-0.0016938705974417787,0.2546473813455266,1.9431342716659035e-15,3.0540033426164456e-16,0.18192045548133895
0.02282919333423334,0.12730814143919453,0.0018475723569410891,-0.12730814143919475,-0.0018475723569410928,0.2546430945485586,3.4976639553000825e-15,2.220752018821749e-16,0.18192298559483802
0.024901551974978994,0.12730304783283922,0.0020152081337466527,-0.12730304783283958,-0.0020152081337466566,0.25463799442622376,5.829316201994545e-16,3.8861895605747996e-16,0.18192599574183765
0.027162032476755683,0.12729698802319778,0.002198037299871009,-0.1272969880231981,-0.002198037299871014,0.2546319267315088,2.6094444906951987e-15,3.331391796911832e-16,0.181929576960651
0.029627711919708685,0.1272897788517854,0.0023974319092528117,-0.12728977885178563,-0.0023974319092528156,0.25462470799116055,8.329495649315952e-17,3.3310756248777615e-16,0.18193383753930817
0.032317217584819535,0.12728120248938501,0.0026148864392980496,-0.12728120248938526,-0.0026148864392980553,0.2546161199785562,4.886262547171458e-15,2.7760454096670026e-16,0.1819389062776789
0.035250867676009115,0.12727099989392227,0.0028520282721244262,-0.1272709998939226,-0.0028520282721244293,0.2546059031465175,2.304391975986766e-15,3.608665260284242e-16,0.1819449363635516
0.0384508248165277,0.12725886304240272,0.003110628939863854,-0.12725886304240278,-0.003110628939863862,0.2545937488254311,1.1939328841206024e-15,3.60881118981316e-16,0.1819521099774262
0.04194126347923942,0.12724442571072203,0.003392616148008487,-0.12724442571072236,-0.0033926161480084963,0.2545792899572089,1.6664409591107026e-16,3.609165565532851e-16,0.18196064376144655
0.04574855261567403,0.1272272525352735,0.0037000865758182373,-0.12722725253527384,-0.0037000865758182464,0.2545620900946792,6.386764724036776e-16,3.8874162255789414e-16,0.18197079531217047
0.049901454863539786,0.12720682604292854,0.0040353194317236975,-0.12720682604292877,-0.004035319431723706,0.2545416303462535,1.999488362586388e-15,2.2221394694025363e-16,0.18198287088600118
0.0544313438376352,0.1271825312826464,0.004400790712683374,-0.1271825312826466,-0.004400790712683383,0.2545172938906771,1.2779626727101132e-15,3.3312224227683536e-16,0.18199723453888694
0.05937244114571094,0.1271536376290394,0.004799188077018781,-0.1271536376290396,-0.004799188077018787,0.254488347619264,1.3889589751170594e-15,3.889273632116584e-16,0.18201431896135073
0.06476207491984753,0.12711927725835204,0.0052334261874586625,-0.12711927725835248,-0.005233426187458688,0.2544539203891017,3.6956470924941594e-15,4.448009941362986e-16,0.182034638313856
0.0706409618164559,0.12707841971655745,0.005706662310846373,-0.12707841971655792,-0.005706662310846399,0.25441297728211604,3.6128193390502273e-16,4.725617275205834e-16,0.18205880341950417
0.07705351461530549,0.12702984191101752,0.006222311868474678,-0.1270298419110176,-0.006222311868474684,0.2543642891675412,3.697405198573183e-15,2.7809732887839817e-16,0.18208753972874003
0.08404817774137396,0.12697209275955246,0.006784063509947746,-0.12697209275955265,-0.00678406350994776,0.2543063967535808,8.326672684688674e-17,3.05907061766238e-16,0.18212170853647563
0.0916777932442606,0.12690345162692457,0.007395893126258539,-0.1269034516269245,-0.007395893126258554,0.25423756819134474,4.176362530409772e-16,2.5040179063248916e-16,0.18216233200453028
0.1,0.1268218795720316,0.008062076014957018,-0.12682187957203198,-0.008062076014957027,0.25415574916066247,4.480156710253143e-15,4.1694395411228955e-16,0.18221062262086737
0.10907766915109553,0.12672496232465108,0.00878719615044694,-0.12672496232465133,-0.00878719615044695,0.25405850422586485,2.199137488338627e-15,5.00190300623727e-16,0.18226801781045868
0.11897937907435857,0.1266098438186004,0.009576151182112863,-0.1266098438186007,-0.009576151182112884,0.25394294810632445,1.7276034367923964e-15,3.898306166456213e-16,0.18233622049685028
0.12977993346475664,0.12647314904193133,0.010434151366393786,-0.12647314904193158,-0.010434151366393793,0.25380566536875937,2.1463093605167876e-15,3.3343262483639976e-16,0.18241724649401136
0.14156092644919915,0.1263108949469395,0.011366710118893987,-0.12631089494693978,-0.01136671011889403,0.25364261693353984,1.1989687850618903e-15,3.6108926491245325e-16,0.18251347967505796
0.15441135899948313,0.12611838822061447,0.01237962323032721,-0.12611838822061458,-0.012379623230327225,0.2534490317100502,1.4187662663167856e-16,3.8904630671691253e-16,0.18262773590763381
0.1684283113011666,0.12589010889713664,0.013478933008690934,-0.1258901088971369,-0.013478933008690953,0.25321928167645924,1.5963914726819494e-15,3.354481573453077e-16,0.1827633367429205
0.18371767615786375,0.12561957915193464,0.014670872675269042,-0.1256195791519349,-0.014670872675269066,0.25294673883142316,6.431333757060054e-16,3.34369918708632e-16,0.18292419377349148
0.20039495897155574,0.12529921723472393,0.015961785249949775,-0.1252992172347242,-0.015961785249949834,0.25262361273641826,8.156373894323144e-16,2.837532532633571e-16,0.1831149043947174
0.2185861503424672,0.12492017747890448,0.0173580099246805,-0.12492017747890437,-0.017358009924680534,0.25224076791753086,9.30335936138004e-16,2.8066088919804617e-16,0.18334085936538488
0.23842867788067262,0.12447217879877853,0.01886572758531268,-0.12447217879877874,-0.018865727585312724,0.2517875213130149,2.6448224688197527e-15,2.837532532633571e-16,0.18360836199814723
0.2600724444200114,0.12394332621405386,0.02049075579165464,-0.12394332621405402,-0.02049075579165466,0.25125142137641243,2.314981816667365e-15,4.489550152768946e-16,0.1839247579321083
0.2836809604776268,0.12331993290700786,0.02223828232515776,-0.12331993290700813,-0.022238282325157812,0.2506180125446878,1.8071123268772218e-16,3.365900013051177e-16,0.18429857313945108
0.30943257951443587,0.12258635431277133,0.024112525628164502,-0.12258635431277165,-0.024112525628164565,0.24987059175393392,6.225796642760536e-16,4.215199573352072e-16,0.1847396559664821
0.33752184532845697,0.12172485093562573,0.026116310493119594,-0.12172485093562602,-0.026116310493119695,0.24898996774226462,1.2757001226805673e-15,3.6407709131783003e-16,0.1852593164639251
0.36816096176004665,0.12071550305853515,0.028250548797111606,-0.12071550305853523,-0.02825054879711167,0.24795423921371432,1.8252885382474828e-15,4.072722878620036e-16,0.18587045288141155
0.40158139581211505,0.11953620817977624,0.030513618704911066,-0.11953620817977635,-0.030513618704911098,0.2467386146712161,1.7161948210944466e-15,3.2739889808504563e-16,0.18658765087944665
0.4380356262962902,0.1181628004613525,0.03290064257113349,-0.11816280046135245,-0.03290064257113357,0.24531530481779965,3.2548146491536257e-15,2.1544120232613906e-16,0.18742723573002373
0.4777990512153967,0.11656933980091705,0.03540267488104774,-0.11656933980091716,-0.03540267488104781,0.24365352753740252,9.062365455747892e-16,3.82395385730007e-16,0.18840725168463937
0.5211720682918038,0.11472862471704494,0.03800582805266005,-0.11472862471704526,-0.03800582805266016,0.24171967479237508,3.1031676915590914e-17,4.1748851477261605e-16,0.18954733622255893
0.5684823443592555,0.11261298552917062,0.04069038645291741,-0.11261298552917083,-0.04069038645291751,0.23947769883211362,1.433196578958238e-15,2.482534153247273e-16,0.19086845092099555
0.6200872907625803,0.11019540880187272,0.04342998726782179,-0.1101954088018728,-0.043429987267821865,0.2368897795608357,2.7340034483171215e-15,3.755345792037736e-16,0.19239242666405942
0.6763767634659991,0.10745102643642034,0.04619097888405859,-0.10745102643642057,-0.04619097888405859,0.23391733251307056,2.083344395658021e-15,2.3592239273284576e-16,0.19414128096916242
0.7377760082683305,0.10435896884494537,0.04893209857143718,-0.10435896884494587,-0.048932098571437294,0.23052240367465332,1.5165095103036473e-15,5.117875266520904e-16,0.19613627215497811
0.8047488733750887,0.10090452848417727,0.05160463366190159,-0.1009045284841776,-0.05160463366190174,0.2266694693512382,2.048384515927281e-15,3.508775736563311e-16,0.19839667205404132
0.877801313597248,0.09708150843713316,0.05415323318703838,-0.09708150843713323,-0.05415323318703855,0.22232761362492884,1.5515838457795457e-17,4.4278625581494807e-16,0.20093826876108137
0.9574852126495768,0.09289454766849722,0.05651750767129756,-0.09289454766849738,-0.0565175076712976,0.2174729928971383,1.7600323493620905e-15,3.469446951953614e-16,0.20377165468155162
1.0444025524245688,0.0883611350930822,0.058634483224820615,-0.0883611350930825,-0.058634483224820795,0.21209142196684627,1.8054463245622665e-16,3.427560745014177e-16,0.20690041083961394
1.1392099607392683,0.08351297152440774,0.06044185953818045,-0.08351297152440791,-0.06044185953818062,0.2061808409845076,2.7755575615628914e-16,3.201681141057157e-16,0.2103193591143816
1.2426236719115042,0.07839633838911396,0.061881870512648866,-0.07839633838911408,-0.06188187051264894,0.19975336563837548,7.526381234649861e-16,2.964296775167217e-16,0.21401310728275158
1.3554249376408254,0.07307120634900928,0.06290538829165972,-0.0730712063490095,-0.06290538829165986,0.19283660517053086,1.7565683487706336e-15,2.7651296315394197e-16,0.2179551405057647
1.4784659290713025,0.06760897117784152,0.06347578735759413,-0.06760897117784166,-0.0634757873575944,0.18547397191404144,5.694967977388552e-16,3.1031676915590914e-16,0.2221076996736966
1.612676174624066,0.06208891893044943,0.06357203902346534,-0.06208891893044949,-0.06357203902346542,0.17772380819184608,1.1364755910069913e-15,2.33150965428689e-16,0.2264226200409708
1.7590695822349824,0.056593752426552485,0.06319056829219834,-0.05659375242655254,-0.0631905682921985,0.1696573103029608,1.3655524597774819e-15,3.2196766802994824e-16,0.23084318368716109
1.9187520990478324,0.05120469651248257,0.06234557552389263,-0.05120469651248271,-0.06234557552389281,0.16135540564035694,2.3448533852313922e-15,2.276126435504334e-16,0.2353068842173793
2.0929300664290955,0.04599678655780736,0.061067770166035436,-0.045996786557807375,-0.0610677701660357,0.15290489758926912,5.2845041577819695e-17,2.64042920728464e-16,0.2397488445549236
2.2829193334233326,0.0410349065256344,0.05940172216558406,-0.04103490652563447,-0.059401722165584245,0.14439429559099248,9.074842391027969e-16,2.42861286636753e-16,0.2441055079132949
2.490155197497898,0.036370991507920815,0.05740224284376457,-0.036370991507920857,-0.05740224284376472,0.13590977163933127,3.64275408404521e-16,1.7690777709386488e-16,0.24831817069179982
2.716203247675567,0.03204259006955213,0.055130314049975954,-0.03204259006955215,-0.05513031404997604,0.12753162910610527,6.078170050122664e-16,1.831920557255352e-16,0.25233595821347377
2.962771191970867,0.02807275432176932,0.05264907897051306,-0.028072754321769377,-0.05264907897051328,0.11933155578728842,9.612622306792974e-16,2.2887833992611187e-16,0.2561179502630387
3.2317217584819518,0.024471043383818118,0.05002031004750771,-0.024471043383818142,-0.050020310047507795,0.11137079296730673,3.048151525026419e-15,1.7014445179485178e-16,0.25963431384265456
3.52508676760091,0.02123531908080059,0.04730161962730271,-0.021235319080800636,-0.047301619627302796,0.10369921881729756,7.609091204154493e-17,1.0838898772828417e-16,0.26286645724530155
3.845082481652768,0.01835398509390548,0.04454452106746379,-0.018353985093905473,-0.04454452106746386,0.09635524118504488,2.545732559178801e-16,1.5781217187960325e-16,0.26580634832831307
4.194126347923945,0.01580835584503284,0.04179331558445318,-0.015808355845032814,-0.04179331558445317,0.08936633240913124,1.0718289097738435e-15,1.3495212127496105e-16,0.2665314331822879
4.574855261567405,0.013574913411975226,0.03908469028144379,-0.013574913411975224,-0.03908469028144386,0.08275001603719606,1.0131988047133417e-15,1.4438902883526792e-16,0.26703878202116255
4.990145486353981,0.011627294687144294,0.0364478675699502,-0.011627294687144294,-0.03644786756995028,0.07651512352831574,9.350545736847307e-16,1.246227083727528e-16,0.2676165004387515
5.443134383763522,0.00993792842858161,0.03390513763130548,-0.009937928428581612,-0.03390513763130559,0.07066316662163938,4.454424009010536e-16,1.1103585416259206e-16,0.2682697028916062
5.937244114571097,0.00847930276144819,0.031472621566349945,-0.008479302761448176,-0.03147262156634995,0.06518970727282014,5.306439436491915e-16,4.7348736264955016e-17,0.26900236379917636
6.476207491984753,0.007224885121896712,0.029161141652450744,-0.007224885121896724,-0.029161141652450737,0.060085643792802616,4.3879332261945624e-16,2.2551405187698492e-17,0.2698168126944646
7.06409618164559,0.006149740289619551,0.026977107514448817,-0.0061497402896195505,-0.02697710751444881,0.05533836410577812,8.001363846034703e-16,6.992893892674703e-18,0.27071321271849097
7.705351461530549,0.005230901960516911,0.02492335716251976,-0.005230901960516917,-0.024923357162519737,0.05093274261498381,8.311136028739829e-16,3.165573288030121e-17,0.27168907903981687
8.404817774137397,0.004447553669654322,0.022999916793365695,-0.004447553669654331,-0.022999916793365677,0.04685197567429628,6.169497156067243e-16,2.28990069656919e-17,0.2727389087483878
9.16777932442606,0.003781069656590241,0.02120466210987716,-0.00378106965659026,-0.021204662109877117,0.04307826286850705,6.899888521112736e-17,4.57980139313838e-17,0.2738539995495955
10.0,0.003214958402626226,0.019533877057328248,-0.003214958402626226,-0.01953387705732826,0.03959334845255861,6.338420601748027e-17,1.0408340855860843e-17,0.27502252564347507
10.907766915109542,0.002734743032908947,0.017982714268713586,-0.0027347430329089494,-0.017982714268713576,0.03637894071719203,2.4675183815420627e-16,1.0728672184036493e-17,0.276229912465586
11.897937907435857,0.0023278047339877123,0.016545566290921836,-0.0023278047339877123,-0.016545566290921805,0.03341702792091872,7.024157550069169e-17,3.122502256758253e-17,0.2774595092627535
12.97799334647565,0.0019832083706544067,0.015216358884132733,-0.0019832083706544084,-0.015216358884132716,0.030690108708322134,1.0564736570701445e-16,1.7433755170605403e-17,0.2786935074703892
14.156092644919916,0.001691523790537829,0.013988778221687564,-0.0016915237905378302,-0.013988778221687573,0.028181353329428106,1.573305493627327e-16,8.741117365843378e-18,0.27991400586136594
15.441135899948298,0.0014446518490161115,0.01285644332997671,-0.0014446518490161071,-0.012856443329976711,0.025874709974163388,1.2228743170577608e-16,4.670885906470169e-18,0.2811040935666149
16.84283113011666,0.00123566082269141,0.011813034068570791,-0.0012356608226914037,-0.011813034068570788,0.023754968454952622,1.496198998029996e-17,1.1669158735712434e-17,0.28224881829934634
18.371767615786357,0.0010586364147070412,0.010852383673096478,-0.0010586364147070412,-0.010852383673096487,0.021807791492641802,3.252606517456513e-17,1.0765860067411129e-17,0.28333593057821
20.03949589715557,0.0009085467954932295,0.00996854355982496,-0.0009085467954932376,-0.009968543559824964,0.02001972207436737,1.4687770504547786e-16,1.136086615185159e-17,0.2843563382440006
21.858615034246696,0.000781122895231585,0.009155826827006561,-0.0007811228952315883,-0.009155826827006556,0.01837817377908784,2.6536166564079733e-17,6.137005703137817e-18,0.2853042565825486
23.842867788067263,0.0006727533288399019,0.008408835729449619,-0.0006727533288399095,-0.008408835729449612,0.016871409587385852,5.665306501404115e-17,1.028335897457504e-17,0.28617708493260086
26.007244442001113,0.0005803927864302778,0.007722477358702654,-0.0005803927864302753,-0.007722477358702664,0.015488513465431834,9.541595121948226e-17,1.0702893276475849e-17,0.2869750716540926
28.368096047762684,0.0005014823933686163,0.0070919708227290415,-0.0005014823933686161,-0.007091970822729041,0.014219357895671492,7.489632195324384e-18,5.057544569639794e-18,0.28770084250165134
30.943257951443556,0.0004338803959006533,0.006512848376047425,-0.0004338803959006539,-0.006512848376047421,0.01305456949383325,1.9702969556872905e-17,5.377741139744952e-18,0.2883588648406302
33.752184532845696,0.00037580154209200994,0.005980952204957519,-0.0003758015420920161,-0.005980952204957515,0.01198549391172929,2.7283630464760345e-17,7.549815962748544e-18,0.2888223598712653
36.81609617600463,0.0003257636896223502,0.0054924279408174095,-0.0003257636896223514,-0.0054924279408174025,0.011004160425320635,2.5509874021939393e-17,7.040638946443417e-18,0.28925163636088047
40.1581395812115,0.0002825404564308757,0.005043715489136312,-0.000282540456430878,-0.005043715489136306,0.010103246021922595,2.17992725795907e-17,6.503631714547108e-18,0.2896838080937949
43.80356262962898,0.0002451190895751873,0.004631537455308658,-0.00024511908957518513,-0.004631537455308659,0.009276038500998424,6.687306354003946e-17,4.497805884834467e-18,0.2901152559997317
47.77990512153967,0.00021266309229939556,0.0042528853316874705,-0.00021266309229939857,-0.004252885331687466,0.008516398120169999,8.205671885901233e-18,5.2782526273812884e-18,0.290542065650107
52.11720682918033,0.00018447944249759112,0.0039050036629360405,-0.0001844794424975931,-0.0039050036629360452,0.007818717611539149,5.5294310796760726e-18,5.1645620825126084e-18,0.290960379757904
56.84823443592555,0.00015999039758304512,0.0035853725672571595,-0.00015999039758304498,-0.0035853725672571604,0.007177880849765889,1.8174540230252396e-18,1.8592170597826357e-18,0.2913667180873132
62.008729076257964,0.00013870988969209042,0.003291689177521485,-0.00013870988969208982,-0.0032916891775214836,0.006589220917501694,1.057948152309523e-17,1.4311879353557437e-18,0.2917582287724904
67.63767634659992,0.00012022439533700886,0.0030218486995458086,-0.00012022439533701014,-0.003021848699545807,0.006048478641172783,5.318827369963157e-18,2.1522505491250495e-18,0.29213284694922315
73.77760082683312,0.00010417797382297154,0.002773925814848432,-0.00010417797382297212,-0.00277392581484843,0.005551762774655412,1.4113127030468347e-17,1.829992678372596e-18,0.292489352244795
80.47488733750887,9.02609783054902e-05,0.002546157073359486,-9.026097830549076e-05,-0.0025461570733594867,0.005095512883478256,1.0762046369418424e-17,1.0761252745625247e-18,0.29282733207697037
87.78013135972489,7.820180780195238e-05,0.0023369247550382756,-7.820180780195198e-05,-0.002336924755038275,0.004676465688296746,5.232346232966946e-18,7.70589591259557e-19,0.29314706969131044
95.74852126495767,6.776101510786943e-05,0.0021447424741845144,-6.776101510786936e-05,-0.002144742474184514,0.004291625256585001,7.03646374655869e-18,1.3148046925981161e-18,0.2934493827995008
104.44025524245698,5.8727112948790866e-05,0.0019682426018477633,-5.8727112948791835e-05,-0.0019682426018477624,0.003938237074389378,4.1335485540797344e-18,1.3004954498165864e-18,0.29373544052930833
113.92099607392682,5.0913508023559586e-05,0.0018061654217480288,-5.091350802355894e-05,-0.001806165421748028,0.0036137657455997335,2.507217523872729e-18,1.0801500177934541e-18,0.2940065841405588
124.26236719115056,4.415611224797952e-05,0.0016573498273436012,-4.4156112247979075e-05,-0.0016573498273436023,0.0033158758797305564,1.5552373766757192e-18,1.1728222633691741e-18,0.2942641719186687
135.54249376408254,3.8311307823883055e-05,0.001520725311433325,-3.8311307823884024e-05,-0.001520725311433323,0.0030424156383644587,4.398672025770766e-18,2.1788927755012616e-18,0.2945092227243504
147.8465929071304,3.325406056768053e-05,0.0013953049860975463,-3.3254060567681306e-05,-0.001395304986097547,0.0027914023979160795,1.985572423776721e-18,1.015105996751443e-18,0.2947435396939657
161.2676174624066,2.8876074605017208e-05,0.0012801793884765753,-2.887607460501648e-05,-0.0012801793884765777,0.002561010030722141,1.5418940704659567e-18,2.4939987237803e-18,0.2949672882794946
175.9069582234984,2.508395677461444e-05,0.0011745108660976497,-2.5083956774614512e-05,-0.00117451086609765,0.0023495573876531907,3.0527067419044984e-18,3.4976615090580736e-19,0.29518139688686773
191.87520990478325,2.179740970057332e-05,0.0010775283848460256,-2.1797409700573395e-05,-0.001077528384846026,0.0021554976661722794,5.270496831496792e-18,4.400399341527136e-19,0.29538639367075836
209.29300664290977,1.8947499336428685e-05,0.0009885226549463397,-1.8947499336428278e-05,-0.0009885226549463395,0.0019774084525694376,2.5139937874507634e-18,4.607859233063394e-19,0.29558269148310645
228.29193334233327,1.647504870725481e-05,0.0009068415180745322,-1.6475048707255294e-05,-0.0009068415180745323,0.0018139823220016539,4.58588362479686e-19,4.964856001185414e-19,0.29577063376336
249.0155197497901,1.4329199600165937e-05,0.0008318855760179764,-1.4329199600166029e-05,-0.0008318855760179764,0.0016640179536867286,2.639805324985876e-18,4.341570635890622e-19,0.2959505317173512
271.6203247675567,1.2466164801213135e-05,0.0007631040647140432,-1.2466164801213143e-05,-0.0007631040647140433,0.0015264117646925372,2.7062521062422586e-18,1.0926396707304223e-19,0.29612268833022354
296.27711919708696,1.0848172264933602e-05,0.0006999909868298929,-1.084817226493364e-05,-0.0006999909868298925,0.001400150084076098,1.4434554848808136e-18,4.352793448016521e-19,0.29628740917396396
323.17217584819514,9.442585176199952e-06,0.0006420815141300612,-9.442585176199616e-06,-0.0006420815141300613,0.001284301885387329,1.0585350103140995e-18,3.5251227742985327e-19,0.29644500316596156
352.5086767600913,8.221171534835752e-06,0.0005889486623899731,-8.2211715348357e-06,-0.0005889486623899728,0.0011780120790422207,3.4124811939055105e-19,3.2947295233144786e-19,0.29659577781817253
384.5082481652768,7.159494109239309e-06,0.0005402002314396547,-7.159494109239213e-06,-0.0005402002314396549,0.0010804953464098905,1.4358645091884201e-18,2.3736879902839496e-19,0.2967400331723768
419.41263479239444,6.236394578032661e-06,0.0004954759947406694,-6.236394578032636e-06,-0.0004954759947406704,0.0009910304818351238,1.3664153726804318e-18,9.761127714042131e-19,0.29687805716482013
457.4855261567401,5.433551579370791e-06,0.0004544451184663913,-5.433551579370806e-06,-0.00045444511846639125,0.0009089552006137551,4.475869888803312e-19,2.530517132038713e-19,0.2970101234295545
499.01454863539806,4.735098562095209e-06,0.00041680378930070096,-4.735098562095271e-06,-0.0004168037893007012,0.0008336613699430142,2.8830990870936397e-19,2.254842434080076e-19,0.2971364912175108
544.3134383763517,4.127292100861187e-06,0.00038227303187412376,-4.127292100861112e-06,-0.00038227303187412403,0.0007645906236367815,4.46302777173733e-19,2.811128678021542e-19,0.29725740649490345
593.7244114571097,3.598224190757278e-06,0.0003505966994097717,-3.5982241907572098e-06,-0.0003505966994097714,0.0007012303269378834,4.257334970037228e-19,2.794955246253412e-19,0.29737310331978034
647.6207491984746,3.1375733404660067e-06,0.00032153962361599166,-3.1375733404659436e-06,-0.0003215396236159914,0.0006431098628432942,8.246091961906241e-19,2.7829931011201196e-19,0.29748380497459603
706.409618164559,2.7363897522440046e-06,0.0002948859116354472,-2.736389752244004e-06,-0.0002948859116354471,0.0005897972150152793,2.5843806693317075e-19,1.223750099369809e-19,0.2975897247314578
770.5351461530541,2.3869101293998057e-06,0.0002704373789722652,-2.386910129399787e-06,-0.0002704373789722649,0.0005408958246662822,1.4518648775803457e-19,2.716903566493304e-19,0.29769106635740705
840.4817774137397,2.082398000637626e-06,0.00024801210804792617,-2.082398000637595e-06,-0.00024801210804792617,0.0004960417003430629,7.08405207924531e-19,3.134021904840911e-20,0.29778802451135183
916.7779324426052,1.8170059337142978e-06,0.00022744312264888538,-1.8170059337142764e-06,-0.0002274431226488854,0.0004549007608296081,3.5931872429074666e-19,4.4053857051923373e-20,0.29788078512562033
1000.0,1.5856565367087207e-06,0.00020857716915750202,-1.5856565367086947e-06,-0.00020857716915750177,0.0004171663927039645,2.1388210893784307e-19,2.4533203894582324e-19,0.2979695257955983
