geometry,RG,lowest_rate,lowest_even_rate,node_rate,pole_product,electrical_prediction
lumped,0.001,0.8940797995417809,0.8940797995417311,2.203996003996004,1.0041403118967973,1.0041403118970023
lumped,0.0012216773489967918,0.8948875021497633,0.894887502149877,2.2048807466983,1.0050570053577053,1.0050570053587116
lumped,0.0014924955450518291,0.8958737450032479,0.8958737450036971,2.205961085286973,1.0061763582680872,1.006176358271258
lumped,0.0018233480008684403,0.8970778563299646,0.8970778563289634,2.2072801178152095,1.007543025089863,1.007543025090073
lumped,0.0022275429519995563,0.898547759873026,0.8985477598740703,2.208890368131127,1.0092114264584748,1.0092114264597445
lumped,0.002721338768375309,0.9003418203651834,0.9003418203648619,2.2108558127294584,1.0112478492600296,1.0112478492615002
lumped,0.0033245979322709418,0.9025310688840928,0.9025310688818753,2.213254326422865,1.0137329806038695,1.0137329806051785
lumped,0.00406158598837698,0.9052018782614404,0.905201878259579,2.216180624953912,1.0167649567063881,1.0167649567079031
lumped,0.004961947603002903,0.9084591674991649,0.9084591674985227,2.2197497929741044,1.0204630182770213,1.0204630182792074
lumped,0.006061898993497572,0.9124302218527021,0.9124302218526279,2.22410149514483,1.0249718736972162,1.024971873697692
lumped,0.007405684692262435,0.9172692201264723,0.9172692201257076,2.2294049747973173,1.030466878185881,1.0304668781878425
lumped,0.009047357242349292,0.9231625602793403,0.9231625602798271,2.2358649459905435,1.0371601386556966,1.0371601386581406
lumped,0.011052951411260215,0.9303350646758521,0.9303350646759416,2.2437284769144177,1.0453076456831607,1.0453076456849404
lumped,0.013503140378698729,0.9390571216872763,0.9390571216848413,2.2532929394719123,1.0552175101782406,1.0552175101782766
lumped,0.016496480740980205,0.9496527725512909,0.9496527725510577,2.26491505304162,1.0672593337409602,1.0672593337422902
lumped,0.02015337685941733,0.9625086702681092,0.9625086702695007,2.279020968087996,1.0818746564332515,1.081874656435415
lumped,0.024620924014946255,0.9780837059359744,0.9780837059363026,2.2961172017392344,1.0995882872623353,1.0995882872653484
lumped,0.03007882518043099,0.9969188986847191,0.9969188986838714,2.316802032796519,1.1210201107048694,1.1210201107068665
lumped,0.03674661940736688,1.0196468563854078,1.0196468563840693,2.3417766644983025,1.1468966525845128,1.1468966525875928
lumped,0.04489251258218605,1.0469997139288094,1.0469997139292175,2.3718550455347627,1.1780612557676575,1.1780612557692614
lumped,0.05484416576121018,1.0798139279228414,1.0798139279253518,2.4079706843584154,1.2154811405410304,1.2154811405438861
lumped,0.06700187503509587,1.1190296530578174,1.1190296530587056,2.4511780966941306,1.260248904416412,1.2602489044177805
lumped,0.08185467307069029,1.1656816841879838,1.1656816841882625,2.502645725375877,1.313575186258542,1.3135751862619993
lumped,0.1,1.220878222278115,1.220878222278022,2.563636363636364,1.3767683826249115,1.3767683826272135
lumped,0.12216773489967918,1.2857632121668745,1.2857632121655431,2.6354704955426325,1.4511966642897942,1.4511966642905392
lumped,0.1492495545051829,1.361458034958512,1.361458034956205,2.719467869863803,1.538227440178227,1.538227440177319
lumped,0.18233480008684405,1.448979378402719,1.4489793784023335,2.8168635147115735,1.639140339032727,1.639140339033949
lumped,0.22275429519995563,1.5491326877174965,1.5491326877179858,2.92869683165097,1.7550122983844092,1.7550122983884546
lumped,0.2721338768375309,1.6623851486476386,1.6623851486474743,3.0556768490877513,1.8865779518238526,1.886577951826441
lumped,0.3324597932270942,1.7887286930066848,1.7887286930071364,3.1980332462322405,2.0340752729724567,2.034075272975549
lumped,0.40615859883769795,1.9275512389328533,1.9275512389340121,3.355370664940414,2.197094626099828,2.197094626102452
lumped,0.4961947603002903,2.077541323066087,2.077541323067205,3.52655125780738,2.3744570726546668,2.374457072659501
lumped,0.6061898993497572,2.2366544108045185,2.2366544108038386,3.709634445080658,2.5641519526336944,2.564151952636269
lumped,0.7405684692262434,2.4021651971366795,2.4021651971363247,3.9019002293094687,2.7633610411660663,2.7633610411719833
lumped,0.9047357242349293,2.57081723755078,2.570817237552961,4.099971135572274,2.968584892416093,2.9685848924168785
lumped,1.105295141126021,2.7390606165720026,2.7390606165761424,4.300028864427725,3.1758673164802644,3.175867316482468
lumped,1.3503140378698721,2.903345479320434,2.9033454793188245,4.498099770690531,3.3810911677202324,3.3810911677273636
lumped,1.6496480740980206,3.0161866013331866,3.0604222308224447,4.690365554919342,3.580300256264199,3.580300256263079
lumped,2.015337685941733,3.016186601331752,3.207595311196143,4.87344874219262,3.769995136234064,3.769995136239847
lumped,2.4620924014946257,3.0161866013318774,3.3428891129713216,5.044629335059586,3.947357582793034,3.947357582796896
lumped,3.007882518043099,3.0161866013319867,3.465107649447569,5.20196675376776,4.1103769359177775,4.110376935923799
lumped,3.674661940736688,3.0161866013322967,3.573795174341388,5.344323150912249,4.257874257067346,4.257874257072907
lumped,4.489251258218603,3.016186601331618,3.669124159861056,5.47130316834903,4.389439910501383,4.389439910510893
lumped,5.484416576121015,3.0161866013330525,3.751745023429575,5.583136485288426,4.505311869861012,4.505311869865398
lumped,6.70018750350959,3.0161866013311958,3.8226293145993253,5.680532130136197,4.606224768713488,4.606224768722029
lumped,8.185467307069029,3.016186601332492,3.882928937535968,5.764529504457368,4.693255544607277,4.6932555446088084
lumped,10.0,3.016186601332308,3.933863275977346,5.836363636363636,4.767683826265078,4.767683826272134
lumped,12.216773489967906,3.0161866013326626,3.9766372172849596,5.8973542746241225,4.830877022632895,4.830877022637348
lumped,14.92495545051829,3.0161866013308436,4.012387385398055,5.94882190330587,4.884203304471969,4.884203304481567
lumped,18.233480008684424,3.016186601332929,4.042151202085861,5.9920293156415845,4.928971068355168,4.9289710683554615
lumped,22.275429519995566,3.0161866013313023,4.066852822448631,6.028144954465237,4.966390953122095,4.9663909531300865
lumped,27.213387683753087,3.0161866013308964,4.087300595361626,6.0582233355016974,4.997555556299608,4.997555556311755
lumped,33.24597932270938,3.01618660133263,4.104191776263363,6.083197967203482,5.0234320981896685,5.023432098192481
lumped,40.615859883769794,3.016186601331567,4.1181213461502475,6.103882798260766,5.0448639216307605,5.044863921634
lumped,49.61947603002898,3.01618660133398,4.129592765115683,6.120979031912004,5.062577552463594,5.0625775524639325
lumped,60.61898993497572,3.0161866013329264,4.13902924868804,6.13508494695838,5.077192875154079,5.077192875157057
lumped,74.05684692262442,3.016186601332703,4.146784707893888,6.1467070605280885,5.0892346987155275,5.0892346987210715
lumped,90.47357242349293,3.016186601333239,4.153153875305102,6.156271523085582,5.099144563212121,5.0991445632144075
lumped,110.52951411260221,3.016186601331651,4.158381390557302,6.164135054009456,5.1072920702344415,5.107292070241207
lumped,135.03140378698723,3.0161866013312397,4.1626697772193335,6.170595025202683,5.113985330700861,5.113985330711506
lumped,164.96480740980206,3.0161866013326697,4.166186336747083,6.17589850485517,5.119480335197031,5.119480335201656
lumped,201.5337685941731,3.0161866013315755,4.169069037132705,6.180250207025896,5.123989190610586,5.12398919062014
lumped,246.20924014946254,3.0161866013323695,4.171431498272228,6.183819375046088,5.127687252184298,5.1276872521914445
lumped,300.7882518043096,3.0161866013326737,4.173367183689888,6.186745673577136,5.1307192282878065,5.130719228294169
lumped,367.4661940736688,3.016186601332951,4.174952906235742,6.189144187270542,5.133204359634323,5.133204359637848
lumped,448.9251258218608,3.016186601332921,4.17625174763774,6.191109631868873,5.135240782436473,5.135240782439603
lumped,548.4416576121015,3.016186601332149,4.177315481856187,6.192719882184791,5.136909183803268,5.136909183809275
lumped,670.0187503509591,3.016186601331429,4.178186581185662,6.194038914713028,5.138275850616392,5.13827585062809
lumped,818.546730706902,3.0161866013308867,4.178899873433314,6.1951192533017005,5.1393952035290775,5.139395203540636
lumped,1000.0,3.016186601332591,4.179483908492797,6.196003996003997,5.1403118969948896,5.140311897002346
local,0.001,1.1266225199141964,1.126622519910713,2.203996003996004,1.0034295107145588,1.00342951071359
local,0.0012216773489967918,1.127472257696617,1.127472257694715,2.2048807466983,1.0041888279186602,1.0041888279163074
local,0.0014924955450518291,1.1285098462558771,1.1285098462565606,2.205961085286973,1.005116012367486,1.005116012365538
local,0.0018233480008684403,1.1297766739548045,1.129776673955981,2.2072801178152095,1.006248052322349,1.006248052321375
local,0.0022275429519995563,1.1313231794962535,1.1313231794943968,2.208890368131127,1.0076300255934745,1.0076300255915527
local,0.002721338768375309,1.1332107972793066,1.1332107972786227,2.2108558127294584,1.009316839047437,1.0093168390466156
local,0.0033245979322709418,1.1355143043740084,1.1355143043715077,2.213254326422865,1.0113753275829223,1.0113753275807749
local,0.00406158598837698,1.1383246437887955,1.1383246437903072,2.216180624953912,1.0138867795638948,1.0138867795646629
local,0.004961947603002903,1.1417523085600738,1.141752308560438,2.2197497929741044,1.0169499646820808,1.0169499646806166
local,0.006061898993497572,1.1459313797895723,1.1459313797912754,2.22410149514483,1.0206847480390764,1.0206847480371353
local,0.007405684692262435,1.1510243180286173,1.1510243180308204,2.2294049747973173,1.0252363801945037,1.0252363801940845
local,0.009047357242349292,1.1572276081500474,1.157227608152008,2.2358649459905435,1.0307805539348005,1.0307805539333514
local,0.011052951411260215,1.164778349693397,1.1647783496906707,2.2437284769144177,1.0375293118393032,1.0375293118367568
local,0.013503140378698729,1.1739618615722716,1.1739618615709104,2.2532929394719123,1.045737868897788,1.0457378688961236
local,0.016496480740980205,1.1851203237227041,1.1851203237251653,2.26491505304162,1.0557123741865844,1.0557123741873418
local,0.02015337685941733,1.1986623974872614,1.1986623974870207,2.279020968087996,1.0678185649809957,1.0678185649781695
local,0.024620924014946255,1.2150736359074177,1.2150736359075078,2.2961172017392344,1.0824911520270144,1.082491152024526
local,0.03007882518043099,1.2349272956242299,1.2349272956247033,2.316802032796519,1.100243599168796,1.100243599166894
local,0.03674661940736688,1.2588948709508454,1.2588948709505794,2.3417766644983025,1.1216777036055094,1.1216777036059482
local,0.04489251258218605,1.2877552653695323,1.2877552653714162,2.3718550455347627,1.147492024642447,1.1474920246414457
local,0.05484416576121018,1.3224009779739685,1.3224009779715895,2.4079706843584154,1.1784877319549079,1.1784877319524785
local,0.06700187503509587,1.3638390119568093,1.3638390119546928,2.4511780966941306,1.215569847903647,1.2155698479013133
local,0.08185467307069029,1.413183443689431,1.4131834436887627,2.502645725375877,1.2597411710897475,1.2597411710890831
local,0.1,1.471635822610489,1.4716358226108612,2.563636363636364,1.3120854749381936,1.3120854749366742
local,0.12216773489967918,1.5404489992532495,1.5404489992562813,2.6354704955426325,1.3737360451621903,1.3737360451614111
local,0.1492495545051829,1.6208699244480318,1.62086992444782,2.719467869863803,1.4458255364242507,1.4458255364221653
local,0.18233480008684405,1.7140578833354247,1.7140578833377793,2.8168635147115735,1.5294138931397008,1.5294138931396357
local,0.22275429519995563,1.8209770564156669,1.8209770564156904,2.92869683165097,1.6253931661753838,1.6253931661742675
local,0.2721338768375309,1.9422666795865986,1.9422666795864623,3.0556768490877513,1.7343718685609992,1.734371868559636
local,0.3324597932270942,2.0780984584818203,2.0780984584820446,3.1980332462322405,1.8565471190474856,1.8565471190456935
local,0.40615859883769795,2.228038541387293,2.2280385413895747,3.355370664940414,1.991579607415189,1.991579607413533
local,0.4961947603002903,2.3909384225583885,2.3909384225565344,3.52655125780738,2.1384927931352875,2.1384927931318116
local,0.6061898993497572,2.5648827472648383,2.5648827472649476,3.709634445080658,2.295621202629319,2.29562120262784
local,0.7405684692262434,2.7472189838324796,2.7472189838314205,3.9019002293094687,2.4606304387387588,2.4606304387369207
local,0.9047357242349293,2.934682460618718,2.934682460619625,4.099971135572274,2.6306218340830614,2.630621834080375
local,1.105295141126021,3.1236114572103544,3.123611457208949,4.300028864427725,2.8023183902228315,2.8023183902230406
local,1.3503140378698721,3.3102256889194512,3.310225688920682,4.498099770690531,2.972309785567084,2.9723097855664955
local,1.6496480740980206,3.490924815694563,3.490924815694998,4.690365554919342,3.1373190216783615,3.1373190216755766
local,2.015337685941733,3.662557963658556,3.662557963660283,4.87344874219262,3.294447431174128,3.2944474311716054
local,2.4620924014946257,3.822623009743533,3.822623009744578,5.044629335059586,3.441360616893509,3.4413606168898836
local,3.007882518043099,3.969372490012546,3.969372490013924,5.20196675376776,3.5763931052606925,3.576393105257724
local,3.674661940736688,4.101824630187624,4.101824630185721,5.344323150912249,3.6985683557463784,3.698568355743781
local,4.489251258218603,4.219696044411253,4.219696044409616,5.47130316834903,3.8075470581339923,3.807547058129149
local,5.484416576121015,4.323282738387159,4.323282738387398,5.583136485288426,3.9035263311676034,3.9035263311637807
local,6.70018750350959,4.413317616820173,4.4133176168186505,5.680532130136197,3.98711468788567,3.987114687881252
local,8.185467307069029,4.49082801210239,4.490828012103444,5.764529504457368,4.059204179142933,4.0592041791420055
local,10.0,4.557009135843281,4.557009135845167,5.836363636363636,4.1208547493717695,4.1208547493667425
local,12.216773489967906,4.613121644160401,4.613121644161533,5.8973542746241225,4.173199053215663,4.173199053214334
local,14.92495545051829,4.66041537815077,4.660415378151336,5.94882190330587,4.217370376401852,4.217370376402104
local,18.233480008684424,4.700077342761797,4.700077342759885,5.9920293156415845,4.254452492353619,4.254452492350939
local,22.275429519995566,4.73319993080954,4.733199930811658,6.028144954465237,4.285448199663319,4.285448199661971
local,27.213387683753087,4.760764768144422,4.760764768141284,6.0582233355016974,4.311262520701895,4.311262520697468
local,33.24597932270938,4.7836377998559385,4.783637799854551,6.083197967203482,4.332696625140192,4.332696625136523
local,40.615859883769794,4.802571911915124,4.802571911918317,6.103882798260766,4.350449072277931,4.3504490722788915
local,49.61947603002898,4.818214189262973,4.818214189263637,6.120979031912004,4.365121659325575,4.365121659325247
local,60.61898993497572,4.831115679059518,4.831115679061435,6.13508494695838,4.377227850118402,4.377227850116076
local,74.05684692262442,4.841742177739963,4.841742177738075,6.1467070605280885,4.387202355409252,4.387202355407293
local,90.47357242349293,4.850485070203252,4.850485070199621,6.156271523085582,4.395410912472158,4.3954109124666605
local,110.52951411260221,4.857671627227337,4.85767162722604,6.164135054009456,4.402159670377013,4.402159670370065
local,135.03140378698723,4.863574434074074,4.86357443407484,6.170595025202683,4.4077038441103245,4.407703844109332
local,164.96480740980206,4.868419803480233,4.868419803481283,6.17589850485517,4.412255476268201,4.412255476266282
local,201.5337685941731,4.872395142204791,4.872395142204665,6.180250207025896,4.415990259624399,4.4159902596228005
local,246.20924014946254,4.875655310645444,4.875655310647938,6.183819375046088,4.419053444737755,4.419053444738754
local,300.7882518043096,4.878328053877096,4.878328053876002,6.186745673577136,4.421564896725633,4.421564896722642
local,367.4661940736688,4.88051860071716,4.880518600718087,6.189144187270542,4.423623385257799,4.423623385256802
local,448.9251258218608,4.882313532541227,4.8823135325404365,6.191109631868873,4.425310198713078,4.425310198711864
local,548.4416576121015,4.883784020681135,4.883784020680508,6.192719882184791,4.426692171983904,4.426692171982042
local,670.0187503509591,4.884988524128721,4.884988524129849,6.194038914713028,4.427824211938797,4.427824211937879
local,818.546730706902,4.885975029950668,4.885975029951712,6.1951192533017005,4.428751396387652,4.42875139638711
local,1000.0,4.8867829088833545,4.886782908884637,6.196003996003997,4.429510713593278,4.429510713589828
