omega_over_cutoff,bath,target,Gamma1_over_omega_c,Pz_ten_turns
0.02,covariant,0.04471931465011338,5.12545615905764e-08,7.200167009722084e-06
0.02,lab_fixed,-0.004557635995017509,6.300936382027465e-08,-9.020936386935635e-07
0.020600839181145,covariant,0.04606084454224597,5.435302436041901e-08,7.635097205607171e-06
0.020600839181145,lab_fixed,-0.00469455934796214,6.684839064406599e-08,-9.570540690584938e-07
0.021219728748369936,covariant,0.047442497995431446,5.763799941245557e-08,8.096166429873713e-06
0.021219728748369936,lab_fixed,-0.004835596259727335,7.092120460205186e-08,-1.0153612312440782e-06
0.021857210970634415,covariant,0.04886546384750645,6.112064489956809e-08,8.58493330172087e-06
0.021857210970634415,lab_fixed,-0.004980870309873856,7.524203198360943e-08,-1.0772187564092682e-06
0.022513844407719887,covariant,0.050330965119769734,6.481278073324692e-08,9.103048237716367e-06
0.022513844407719887,lab_fixed,-0.005130508789926082,7.982596377751027e-08,-1.1428426504699068e-06
0.02319020439963789,covariant,0.051840259902576825,6.87269273706036e-08,9.652258752695336e-06
0.02319020439963789,lab_fixed,-0.00528464281479183,8.468900813887975e-08,-1.212462044712162e-06
0.023886883570741067,covariant,0.05339464225455636,7.287634684153328e-08,1.0234415056935255e-05
0.023886883570741067,lab_fixed,-0.005443407437518666,8.984814603134106e-08,-1.2863199918051746e-06
0.024604492348978567,covariant,0.05499544311466933,7.727508614349469e-08,1.0851475965243855e-05
0.024604492348978567,lab_fixed,-0.005606941767485506,9.532139023574128e-08,-1.3646743099465766e-06
0.025343659500750987,covariant,0.05664403122621099,8.193802313859778e-08,1.1505515134335644e-05
0.025343659500750987,lab_fixed,-0.005775389092131626,1.0112784792832535e-07,-1.4477984780381191e-06
0.02610503268183343,covariant,0.0583418140717052,8.688091509533325e-08,1.2198727645634783e-05
0.02610503268183343,lab_fixed,-0.005948897002326826,1.072877870433746e-07,-1.5359825849614835e-06
0.026889279004849224,covariant,0.060090238817489074,9.212045002537304e-08,1.2933436951432388e-05
0.026889279004849224,lab_fixed,-0.006127617521492643,1.1382270664819338e-07,-1.6295343362084612e-06
0.027697085623791876,covariant,0.061890793266608665,9.767430097445757e-08,1.3712102203141185e-05
0.027697085623791876,lab_fixed,-0.006311707238583496,1.207554115719679e-07,-1.7287801213129489e-06
0.028529160336106973,covariant,0.06374500681846065,1.0356118343547257e-07,1.4537325981231524e-05
0.028529160336106973,lab_fixed,-0.006501327445043517,1.2811009154445463e-07,-1.8340661457387227e-06
0.029386232202862017,covariant,0.06565445143340119,1.0980091606147678e-07,1.541186244729822e-05
0.029386232202862017,lab_fixed,-0.006696644275855328,1.359124051157614e-07,-1.945759631094103e-06
0.030269052187547222,covariant,0.06762074260031996,1.1641448486667525e-07,1.6338625939598542e-05
0.030269052187547222,lab_fixed,-0.006897828854801525,1.4418956864467708e-07,-2.064250087775435e-06
0.031178393814067274,covariant,0.06964554030492372,1.2342411111421396e-07,1.7320700034315045e-05
0.031178393814067274,lab_fixed,-0.0071050574440641905,1.5297045066017273e-07,-2.189950664385875e-06
0.03211505384450028,covariant,0.07173054999619863,1.308533231012269e-07,1.8361347095732546e-05
0.03211505384450028,lab_fixed,-0.0073185115982881375,1.622856719188608e-07,-2.3232995785334798e-06
0.03307985297721813,covariant,0.07387752354822569,1.3872703206386221e-07,1.946401833947676e-05
0.03307985297721813,lab_fixed,-0.007538378323240412,1.7216771150045319e-07,-2.4647616338872714e-06
0.034073636565979566,covariant,0.07608826021418953,1.4707161243809262e-07,2.0632364433936335e-05
0.034073636565979566,lab_fixed,-0.007764850239200822,1.82651019303626e-07,-2.6148298286591036e-06
0.03509727536062634,covariant,0.0783646075690691,1.559149867260549e-07,2.187024666598498e-05
0.03509727536062634,lab_fixed,-0.007998125749220517,1.9377213532628989e-07,-2.7740270609854067e-06
0.03615166627003128,covariant,0.0807084624371061,1.652867152325145e-07,2.318174869812699e-05
0.03615166627003128,lab_fixed,-0.008238409212393064,2.0556981613710107e-07,-2.9429079370084145e-06
0.03723773314796692,covariant,0.08312177179972213,1.7521809095190487e-07,2.4571188945209338e-05
0.03723773314796692,lab_fixed,-0.008485911122283226,2.1808516896924885e-07,-3.1220606877990747e-06
0.03835642760258292,covariant,0.08560653367909403,1.8574223990331439e-07,2.604313359987126e-05
0.03835642760258292,lab_fixed,-0.008740848290662719,2.3136179389315746e-07,-3.3121092016271235e-06
0.03950872983020209,covariant,0.08816479799209323,1.9689422722889646e-07,2.7602410336935e-05
0.03950872983020209,lab_fixed,-0.009003444036708793,2.4544593455186397e-07,-3.5137151784694033e-06
0.040695649474164965,covariant,0.09079866736874777,2.0871116939053322e-07,2.9254122727973205e-05
0.040695649474164965,lab_fixed,-0.009273928381824168,2.603866379715237e-07,-3.7275804140538548e-06
0.04191822650947602,covariant,0.09351029792879471,2.2123235282033186e-07,3.1003665398316966e-05
0.04191822650947602,lab_fixed,-0.009552538250238232,2.762359239898878e-07,-3.954449221166059e-06
0.043177532154026206,covariant,0.09630190000924234,2.3449935940276998e-07,3.285673995978417e-05
0.043177532154026206,lab_fixed,-0.00983951767556044,2.930489648777471e-07,-4.195110996403181e-06
0.04447466980719055,covariant,0.09917573883516835,2.485561991901839e-07,3.481937175340826e-05
0.04447466980719055,lab_fixed,-0.010135118013453657,3.1088427576237787e-07,-4.450402941039012e-06
0.04581077601662285,covariant,0.10213413512522311,2.634494507789459e-07,3.6897927437421785e-05
0.04581077601662285,lab_fixed,-0.010439598160604139,3.2980391649803856e-07,-4.721212945174947e-06
0.04718702147409508,covariant,0.10517946562249304,2.792284098012929e-07,3.9099133456693104e-05
0.04718702147409508,lab_fixed,-0.010753224780171478,3.4987370566670137e-07,-5.0084826448918195e-06
0.048604612041253416,covariant,0.10831416354049248,2.9594524601748484e-07,4.143009543071126e-05
0.048604612041253416,lab_fixed,-0.011076272533896226,3.71163447432517e-07,-5.31321066268257e-06
0.05006478980619024,covariant,0.11154071891311265,3.1365516952504583e-07,4.389831849806765e-05
0.05006478980619024,lab_fixed,-0.011409024321062649,3.937471720162197e-07,-5.6364560420551255e-06
0.05156883417175763,covariant,0.1148616788363193,3.324166066364465e-07,4.6511728656161276e-05
0.05156883417175763,lab_fixed,-0.011751771524503862,4.1770339060082085e-07,-5.979341887825017e-06
0.05311806297657568,covariant,0.11827964758830048,3.5229138601399064e-07,4.927869513556724e-05
0.05311806297657568,lab_fixed,-0.012104814263853203,4.431153655277221e-07,-6.3430592242960835e-06
0.05471383364971836,covariant,0.12179728661357844,3.7334493569114854e-07,5.2208053849122514e-05
0.05471383364971836,lab_fixed,-0.012468461656241693,4.700713966929286e-07,-6.728871084235178e-06
0.05635754440008838,covariant,0.12541731435533335,3.9564649165342075e-07,5.530913195629656e-05
0.05635754440008838,lab_fixed,-0.01284303208465078,4.986651251065102e-07,-7.138116842301149e-06
0.05805063544152298,covariant,0.12914250591882628,4.192693186993457e-07,5.859177358379894e-05
0.05805063544152298,lab_fixed,-0.013228853474134888,5.289958546349984e-07,-7.5722168073833e-06
0.05979459025470452,covariant,0.13297569254736558,4.442909443538853e-07,6.206636674362653e-05
0.05979459025470452,lab_fixed,-0.01362626357612939,5.611688930062488e-07,-8.032677089142661e-06
0.06159093688698139,covariant,0.13691976089070862,4.707934066624828e-07,6.57438714898316e-05
0.06159093688698139,lab_fixed,-0.014035610261068136,5.952959132195394e-07,-8.52109475493823e-06
0.0634412492912377,covariant,0.14097765204414825,4.988635167550739e-07,6.963584935519014e-05
0.0634412492912377,lab_fixed,-0.014457251819537428,6.314953365705746e-07,-9.039163294256383e-06
0.06534714870498586,covariant,0.1451523603347873,5.285931371357443e-07,7.375449410863598e-05
0.06534714870498586,lab_fixed,-0.014891557272197159,6.69892738571832e-07,-9.588678408750868e-06
0.06731030507088906,covariant,0.14944693182965835,5.600794767260376e-07,7.811266387377335e-05
0.06731030507088906,lab_fixed,-0.0153389066887093,7.106212791234406e-07,-1.0171544147048297e-05
0.06933243849995971,covariant,0.1538644625383906,5.934254037688439e-07,8.272391464796013e-05
0.06933243849995971,lab_fixed,-0.015799691515911048,7.538221583689141e-07,-1.0789779404573287e-05
0.07141532077871476,covariant,0.15840809628107697,6.287397777858473e-07,8.760253526033175e-05
0.07141532077871476,lab_fixed,-0.016274314915481126,7.996450997536213e-07,-1.1445524809815658e-05
0.07356077692160927,covariant,0.16308102218984027,6.661378018755481e-07,9.276358380568026e-05
0.07356077692160927,lab_fixed,-0.016763192111349367,8.48248861892282e-07,-1.2141050019690022e-05
0.07577068677010772,covariant,0.1678864718103462,7.057413967415663e-07,9.82229255892675e-05
0.07577068677010772,lab_fixed,-0.017266750747102978,8.998017809451694e-07,-1.2878761447934144e-05
0.078046986639795,covariant,0.1728277157671824,7.476795979532418e-07,0.00010399727261540967
0.078046986639795,lab_fixed,-0.01778543125364894,9.544823453014617e-07,-1.3661210451862675e-05
0.08039167101696945,covariant,0.17790805995459252,7.92088978063331e-07,0.00011010422464995299
0.08039167101696945,lab_fixed,-0.018319687227394434,1.012479804472495e-06,-1.449110200423494e-05
0.08280679430620515,covariant,0.18313084121157638,8.391140953419724e-07,0.00011656231188354808
0.08280679430620515,lab_fixed,-0.018869985819213245,1.073994814207973e-06,-1.53713038785203e-05
0.08529447263041423,covariant,0.18849942243782536,8.889079710331061e-07,0.00012339103921884671
0.08529447263041423,lab_fixed,-0.019436808134464866,1.1392401199646896e-06,-1.630485637744603e-05
0.08785688568498685,covariant,0.1940171871043809,9.416325972004485e-07,0.00013061093220034122
0.08785688568498685,lab_fixed,-0.020020649644340086,1.208441280980427e-06,-1.7294982636407963e-05
0.09049627864763267,covariant,0.19968753311032714,9.974594774062464e-07,0.00013824358460049158
0.09049627864763267,lab_fixed,-0.02062202060881065,1.281837437335764e-06,-1.834509953510923e-05
0.09321496414559832,covariant,0.2055138659342521,1.0565702026588287e-06,0.00014631170766995577
0.09321496414559832,lab_fixed,-0.021241446511454164,1.3596821225239649e-06,-1.9458829252664406e-05
0.09601532428198341,covariant,0.21149959102670463,1.119157065275879e-06,0.0001548391810531007
0.09601532428198341,lab_fixed,-0.021879468506441516,1.442244124194206e-06,-2.064001150339824e-05
0.09889981272293132,covariant,0.21764810538745302,1.1854237135411988e-06,0.0001638511053624416
0.09889981272293132,lab_fixed,-0.022536643877959398,1.5298083958867849e-06,-2.1892716492640368e-05
0.10187095684752326,covariant,0.22396278826907737,1.2555858502850901e-06,0.00017337385639715935
0.10187095684752326,lab_fixed,-0.02321354651235401,1.6226770227408332e-06,-2.3221258634023727e-05
0.10493135996225941,covariant,0.230446990946364,1.3298719787944108e-06,0.00018343514098129345
0.10493135996225941,lab_fixed,-0.02391076738327454,1.7211702443261045e-06,-2.4630211072099607e-05
0.10808370358206713,covariant,0.23710402548916634,1.4085241997597506e-06,0.00019406405438651285
0.10808370358206713,lab_fixed,-0.024628915050095363,1.8256275379309809e-06,-2.6124421056515408e-05
0.11133074977983551,covariant,0.24393715247495903,1.4917990632962124e-06,0.0002052911392924349
0.11133074977983551,lab_fixed,-0.025368616169897263,1.936408765829579e-06,-2.7709026216563078e-05
0.11467534360653422,covariant,0.2509495675763022,1.5799684804331334e-06,0.00021714844622418948
0.11467534360653422,lab_fixed,-0.026130516023279905,2.053895390252186e-06,-2.938947178759245e-05
0.11812041558403778,covariant,0.2581443869579774,1.6733206988591066e-06,0.00022966959539220876
0.11812041558403778,lab_fixed,-0.026915279054279227,2.1784917599958637e-06,-3.117152884361833e-05
0.12166898427283876,covariant,0.2655246314187543,1.7721613481341998e-06,0.0002428898398429497
0.12166898427283876,lab_fixed,-0.027723589424652643,2.3106264728365524e-06,-3.306131359341831e-05
0.12532415891690052,covariant,0.2730932092137463,1.8768145600438258e-06,0.00025684612981131504
0.12532415891690052,lab_fixed,-0.028556151582795477,2.4507538181409694e-06,-3.506530780055075e-05
0.12908914216796633,covariant,0.28085289749524195,1.9876241702706423e-06,0.0002715771781457945
0.12908914216796633,lab_fixed,-0.029413690847536453,2.599355304326791e-06,-3.7190380390995735e-05
0.13296723289171186,covariant,0.28880632231293457,2.104955008104778e-06,0.0002871235266556949
0.13296723289171186,lab_fixed,-0.030296954007053723,2.7569412760836564e-06,-3.944381031557034e-05
0.13696182905820042,covariant,0.2969559371187882,2.2291942815008257e-06,0.0003035276132061204
0.13696182905820042,lab_fixed,-0.031206709933146108,2.9240526265464167e-06,-4.183331073789346e-05
0.14107643071917295,covariant,0.3053039997275566,2.360753065424787e-06,0.00032083383936046494
0.14107643071917295,lab_fixed,-0.03214375021106889,3.101262609906203e-06,-4.436705462245228e-05
0.14531464307478126,covariant,0.3138525476914528,2.5000679021175252e-06,0.00033908863834197295
0.14531464307478126,lab_fixed,-0.03310888978513867,3.2891787602555937e-06,-4.7053701801315715e-05
0.14968017963245267,covariant,0.32260337205682854,2.6476025226352373e-06,0.00035834054305523843
0.14968017963245267,lab_fixed,-0.03410296762029047,3.4884449227920762e-06,-4.9902427602206306e-05
0.15417686546065262,covariant,0.33155798948224907,2.8038496998131712e-06,0.00037864025387523607
0.15417686546065262,lab_fixed,-0.03512684737974253,3.699743403850002e-06,-5.292295312500008e-05
0.15880864054039665,covariant,0.34071761271124806,2.9693332436374936e-06,0.0004000407058754427
0.15880864054039665,lab_fixed,-0.0361814181189082,3.9237972465966805e-06,-5.612557725830988e-05
0.1635795632174487,covariant,0.3500831194095866,3.1446101509020123e-06,0.0004225971351276906
0.1635795632174487,lab_fixed,-0.03726759499566445,4.161372639613865e-06,-5.9521210532591755e-05
0.16849381375823008,covariant,0.35965501939627437,3.3302729219707633e-06,0.0004463671436644513
0.16849381375823008,lab_fixed,-0.03838631999705009,4.413281465993059e-06,-6.312141091121388e-05
0.17355569801255472,covariant,0.3694334203201621,3.5269520584628627e-06,0.00047141076264912074
0.17355569801255472,lab_fixed,-0.039538562682438945,4.68038400100276e-06,-6.693842162617197e-05
0.17876965118640026,covariant,0.3794179918598499,3.735318756719578e-06,0.0004977905132514932
0.17876965118640026,lab_fixed,-0.040725320943186726,4.963591766839754e-06,-7.098521117059719e-05
0.1841402417280209,covariant,0.38960792855414456,3.956087813000904e-06,0.0005255714646737805
0.1841402417280209,lab_fixed,-0.04194762177870892,5.263870553455546e-06,-7.527551556591536e-05
0.1896721753308062,covariant,0.4000019114035262,4.190020757483847e-06,0.0005548212887171925
0.1896721753308062,lab_fixed,-0.04320652208889658,5.582243614955058e-06,-7.982388302747578e-05
0.19537029905639375,covariant,0.41059806842018554,4.4379292352887406e-06,0.0005856103102201496
0.19537029905639375,lab_fixed,-0.044503109482718156,5.919795051599192e-06,-8.464572115867682e-05
0.20123960558164855,covariant,0.42139393434518424,4.700678653932184e-06,0.0006180115526365468
0.20123960558164855,lab_fixed,-0.045838503102795435,6.277673388007255e-06,-8.975734681009232e-05
0.20728523757322956,covariant,0.43238640979618054,4.979192117781487e-06,0.0006521007779560976
0.20728523757322956,lab_fixed,-0.047213854465670675,6.657095358751672e-06,-9.517603874684011e-05
0.2135124921935767,covariant,0.44357172015778223,5.2744546712483785e-06,0.0006879565200986337
0.2135124921935767,lab_fixed,-0.048630348317402795,7.059349913167595e-06,-0.00010092009327444156
0.21992682574226755,covariant,0.45494537457869844,5.587517873587395e-06,0.0007256601108403148
0.21992682574226755,lab_fixed,-0.0500892035040478,7.485802451866186e-06,-0.00010700888298071386
0.22653385843680765,covariant,0.46650212549503156,5.919504729230151e-06,0.0007652956972520512
0.22653385843680765,lab_fixed,-0.051591673856479794,7.937899308144314e-06,-0.00011346291875879366
0.23333937933704696,covariant,0.4782359291567116,6.271614998559634e-06,0.0008069502495492027
0.23333937933704696,lab_fixed,-0.05313904908890452,8.417172488228532e-06,-0.00012030391528424335
0.24034935141753463,covariant,0.49013990769341986,6.645130914869765e-06,0.000850713558166829
0.24034935141753463,lab_fixed,-0.054732655710299644,8.92524468507858e-06,-0.0001275548601273181
0.24756991679225676,covariant,0.5022063133163971,7.041423333921426e-06,0.0008966782187867471
0.24756991679225676,lab_fixed,-0.05637385794789023,9.463834581309622e-06,-0.00013524008668989578
0.2550074020963364,covariant,0.5144264953120293,7.461958342943857e-06,0.0009449396039515781
0.2550074020963364,lab_fixed,-0.0580640586816215,1.0034762457674934e-05,-0.00014338535116526364
0.26266832402941015,covariant,0.5267908705405534,7.908304356079955e-06,0.0009955958198072353
0.26266832402941015,lab_fixed,-0.059804700388435314,1.0639956124485582e-05,-0.00015201791372793945
0.27055939506553817,covariant,0.5392888982068631,8.382139723065571e-06,0.0010487476464192988
0.27055939506553817,lab_fixed,-0.06159726609498969,1.1281457194333843e-05,-0.00016116662416997652
0.2786875293346512,covariant,0.5519090597182251,8.885260877287672e-06,0.0011044984600110472
0.2786875293346512,lab_fixed,-0.06344328033726339,1.1961427715537544e-05,-0.00017086201220971878
0.2870598486806889,covariant,0.5646388444834316,9.41959104819367e-06,0.0011629541353721312
0.2870598486806889,lab_fixed,-0.06534431012528796,1.2682157186835994e-05,-0.00018113638270878844
0.2956836889017345,covariant,0.5774647425370375,9.987189561223551e-06,0.001224222926587723
0.2956836889017345,lab_fixed,-0.06730196591101573,1.344606997505009e-05,-0.00019202391604312508
0.3045666061776169,covariant,0.5903722448881861,1.0590261745896337e-05,0.0012884153241395112
0.3045666061776169,lab_fixed,-0.06931790255708738,1.4255733158674987e-05,-0.00020356077388420323
0.3137163836906104,covariant,0.6033458524932939,1.123116946927675e-05,0.0013556438863329045
0.3137163836906104,lab_fixed,-0.07139382030398934,1.5113864821707491e-05,-0.0002157852106570746
0.3231410384450322,covariant,0.6163690947326951,1.1912442307642978e-05,0.0014260230429106774
0.3231410384450322,lab_fixed,-0.0735314657327891,1.602334282342884e-05,-0.00022873769095259054
0.3328488282917149,covariant,0.6294245582304551,1.2636789363624613e-05,0.0014996688686233365
0.3328488282917149,lab_fixed,-0.07573263272031865,1.6987214071373914e-05,-0.00024246101318209866
0.3428482591635082,covariant,0.6424939267913222,1.340711172922371e-05,0.0015766988244421995
0.3428482591635082,lab_fixed,-0.07799916338331027,1.8008704326325908e-05,-0.0002570004397739347
0.3531480925281477,covariant,0.6555580331368839,1.4226515586805641e-05,0.0016572314640243377
0.3531480925281477,lab_fixed,-0.08033294900761549,1.9091228569889497e-05,-0.00027240383422225795
0.36375735306502405,covariant,0.6685969230026483,1.5098325930178668e-05,0.0017413861029712818
0.36375735306502405,lab_fixed,-0.08273593095820041,2.0238401967025236e-05,-0.000288721805310007
0.3746853365725771,covariant,0.6815899320077339,1.602610087609265e-05,0.0018292824483675414
0.3746853365725771,lab_fixed,-0.08521010156516588,2.1454051457880967e-05,-0.00030600785883910575
0.38594161811324235,covariant,0.6945157755288227,1.701364652270374e-05,0.0019210401860433556
0.38594161811324235,lab_fixed,-0.08775750498053389,2.274222801534359e-05,-0.00032431855721233
0.397536060403089,covariant,0.7073526516006068,1.806503229560031e-05,0.00201677852298116
0.397536060403089,lab_fixed,-0.09038023800000107,2.410721960696952e-05,-0.00034371368722249787
0.409478822453499,covariant,0.7200783566279086,1.9184606703702808e-05,0.002116615682279913
0.409478822453499,lab_fixed,-0.09308045084327639,2.5553564902344267e-05,-0.000364256436415768
0.42178036847245787,covariant,0.7326704134330193,2.0377013406593396e-05,0.0022206683481089218
0.42178036847245787,lab_fixed,-0.09586034788598007,2.708606776948746e-05,-0.00038601357840674057
0.434451477033259,covariant,0.7451062108800041,2.164720747148074e-05,0.002329051058126638
0.434451477033259,lab_fixed,-0.09872218833539008,2.8709812606673722e-05,-0.0004090556675336831
0.4475032505186539,covariant,0.7573631540215076,2.300047167197627e-05,0.002441875540913599
0.4475032505186539,lab_fixed,-0.10166828684158423,3.0430180558998784e-05,-0.0004334572432524993
0.4609471248487215,covariant,0.7694188234101547,2.444243265211145e-05,0.002559249996076245
0.4609471248487215,lab_fixed,-0.1047010140347095,3.225286667220278e-05,-0.00045929704467779283
0.47479487950098365,covariant,0.7812511419143517,2.5979076747581343e-05,0.002681278314824075
0.47479487950098365,lab_fixed,-0.10782279697825391,3.418389803969185e-05,-0.000486658235688645
0.48905864783154407,covariant,0.7928385470866229,2.7616765222141814e-05,0.002808059239010643
0.48905864783154407,lab_fixed,-0.11103611952724567,3.622965300239415e-05,-0.0005156286410251382
0.5037509277062934,covariant,0.8041601668617737,2.936224864058854e-05,0.0029396854568638623
0.5037509277062934,lab_fixed,-0.11434352257931157,3.839688146507556e-05,-0.0005463009938093528
0.5188845924514972,covariant,0.8151959961228545,3.1222680061070486e-05,0.003076242633917975
0.5188845924514972,lab_fixed,-0.11774760420542267,4.0692726397052246e-05,-0.0005787731949310975
0.5344729021333628,covariant,0.8259270714756686,3.320562668900927e-05,0.003217808378002595
0.5344729021333628,lab_fixed,-0.12125101964601338,4.312474658989961e-05,-0.000613148584744142
0.5505295151764629,covariant,0.8363356414276302,3.531907959310243e-05,0.0033644511375488734
0.5505295151764629,lab_fixed,-0.1248564811568911,4.5700940749807786e-05,-0.0006495362275226806
0.5670685003312015,covariant,0.8464053290831834,3.7571461041404486e-05,0.0035162290329435885
0.5670685003312015,lab_fixed,-0.12856675768803108,4.842977300771012e-05,-0.0006880512091302559
0.5841043490008075,covariant,0.8561212844533052,3.997162897305718e-05,0.0036731886212036814
0.5841043490008075,lab_fixed,-0.1323846743769185,5.13201999362538e-05,-0.0007288149483539934
0.601651987938651,covariant,0.8654703235363728,4.2528878079773236e-05,0.0038353635948608963
0.601651987938651,lab_fixed,-0.13631311183657172,5.4381699169136954e-05,-0.0007719555223554856
0.6197267923270171,covariant,0.8744410514648954,4.5252936931697814e-05,0.004002773416643476
0.6197267923270171,lab_fixed,-0.14035500521677383,5.7624299725360534e-05,-0.0008176080066859583
0.6383445992487861,covariant,0.8830239672275465,4.8153960545923086e-05,0.004175421892322498
0.6383445992487861,lab_fixed,-0.14451334301530044,6.105861414858261e-05,-0.0008659148303067316
0.6575217215638344,covariant,0.8912115477658468,5.1242517763993546e-05,0.004353295684958816
0.6575217215638344,lab_fixed,-0.1487911656141208,6.469587258009279e-05,-0.0009170261460466077
0.6772749622023075,covariant,0.8989983096039099,5.4529572778550764e-05,0.004536362774744502
0.6772749622023075,lab_fixed,-0.15319156351361984,6.85479588929995e-05,-0.0009711002169148925
0.6976216288872897,covariant,0.9063808465891443,5.802646013025262e-05,0.004724570869683083
0.6976216288872897,lab_fixed,-0.15771767523585803,7.262744902513109e-05,-0.0010283038186721534
0.7185795492997733,covariant,0.9133578427903124,6.174485248568581e-05,0.004917845773496224
0.7185795492997733,lab_fixed,-0.16237268486576076,7.694765165896784e-05,-0.0010888126590399634
0.7401670866992142,covariant,0.9199300601032284,6.569672050658281e-05,0.00511608971838125
0.7401670866992142,lab_fixed,-0.16715981919690315,8.152265140873808e-05,-0.001152811813905369
0.7624031560133558,covariant,0.9261003006383516,6.989428413158095e-05,0.005319179671572351
0.7624031560133558,lab_fixed,-0.1720823444462386,8.636735468772972e-05,-0.0012204961808450923
0.7853072404114269,covariant,0.9318733444923447,7.434995461523021e-05,0.005526965626076328
0.7853072404114269,lab_fixed,-0.1771435624997245,9.149753844299613e-05,-0.0012920709502580285
0.8088994083752288,covariant,0.937255864020711,7.907626670596975e-05,0.005739268887456239
0.8088994083752288,lab_fixed,-0.18234680664832997,9.69299019600868e-05,-0.0013677520943517786
0.8332003312830711,covariant,0.9422563162148895,8.40858003961397e-05,0.005955880370117441
0.8332003312830711,lab_fixed,-0.18769543677137984,0.00010268212195734532,-0.001447766874179113
0.8582313015219637,covariant,0.946884815229743,8.939109174326648e-05,0.006176558918201881
0.8582313015219637,lab_fixed,-0.1931928339216348,0.00010877291120782349,-0.001532354364862783
0.8840142511439368,covariant,0.9511529874931501,9.500453234303893e-05,0.006401029667906849
0.8840142511439368,lab_fixed,-0.19884239426392133,0.00011522208094711718,-0.0016217659990810753
0.9105717710828284,covariant,0.9550738121476875,0.00010093825713043262,0.006628982469800866
0.9105717710828284,lab_fixed,-0.20464752231656066,0.00012205060734759555,-0.0017162661288112173
0.9379271309483858,covariant,0.958661449817106,0.00010720402029587547,0.006860070391495174
0.9379271309483858,lab_fixed,-0.21061162344234158,0.00012928070236375937,-0.0018161326052424736
0.966104299415021,covariant,0.9619310628524463,0.00011381305922739895,0.007093908322825186
0.966104299415021,lab_fixed,-0.21673809553333132,0.00013693588928000123,-0.001921657376674111
0.9951279652230801,covariant,0.9648986302920509,0.0001207759465263859,0.007330071707479127
0.9951279652230801,lab_fixed,-0.22303031983154858,0.00014504108332106727,-0.0020331471041050387
1.025023558811036,covariant,0.9675807607673561,0.00012810243029262656,0.00756809542675427
1.025023558811036,lab_fixed,-0.22949165082541217,0.00015362267771725093,-0.0021509237941001753
1.0558172745975536,covariant,0.9699945065056663,0.0001358012630326926,0.007807472862794067
1.0558172745975536,lab_fixed,-0.23612540516004718,0.00016270863565101063,-0.0022753254483826903
1.0875360939329504,covariant,0.9721571814280995,0.00014388001971294705,0.00804765517022689
1.0875360939329504,lab_fixed,-0.2429348494980288,0.0001723285885495455,-0.0024067067294498987
1.120207808740165,covariant,0.9740861861234075,0.00015234490565383622,0.008288050786550358
1.120207808740165,lab_fixed,-0.24992318726607216,0.00018251394122914208,-0.0025454396413425047
1.1538610458659486,covariant,0.9757988422058159,0.00016120055514474478,0.008528025212839505
1.1538610458659486,lab_fixed,-0.2570935442226258,0.00019329798444208378,-0.0026919142245107356
1.188525292163609,covariant,0.9773122382478482,0.00017044982184837292,0.008766901097355374
1.188525292163609,lab_fixed,-0.2644489527814213,0.00020471601542587176,-0.00284653926351531
1.2242309203292934,covariant,0.9786430891282577,0.00018009356226051098,0.0090039586553388
1.2242309203292934,lab_fixed,-0.27199233502689857,0.00021680546710773369,-0.003009743006074782
1.2610092155144454,covariant,0.9798076102619288,0.0001901304136959778,0.009238436458636349
1.2610092155144454,lab_fixed,-0.27972648435919123,0.00022960604667516318,-0.0031819738917216677
1.298892402737745,covariant,0.9808214077938028,0.0002005565684855778,0.00946953262876026
1.298892402737745,lab_fixed,-0.28765404570922265,0.0002431598842858427,-0.003363701288057054
1.3379136751205647,covariant,0.9816993854530511,0.0002113655462938486,0.009696406466467971
1.3379136751205647,lab_fixed,-0.2957774942685407,0.00025751169275803186,-0.0035554162322944823
1.3781072229706715,covariant,0.9824556683864578,0.00022254796670494748,0.00991818054989319
1.3781072229706715,lab_fixed,-0.3040991126840761,0.00027270893915560905,-0.00375763217545818
1.419508263739656,covariant,0.9831035439300656,0.00023409132447609578,0.010133943331601772
1.419508263739656,lab_fixed,-0.31262096667518524,0.0002888020292606943,-0.003970885726245485
1.4621530728803507,covariant,0.9836554189432051,0.000245979770126025,0.0103427522626145
1.4621530728803507,lab_fixed,-0.32134487903938946,0.0003058445060113875,-0.004195737391177622
1.5060790156312542,covariant,0.9841227930255604,0.0002581938988105731,0.010543637468369099
1.5060790156312542,lab_fixed,-0.3302724020243939,0.0003238932630727525,-0.004432772307244576
1.5513245797558308,covariant,0.9845162466712127,0.0002707105507385606,0.010735605997723023
1.5513245797558308,lab_fixed,-0.3394047880574646,0.00034300877480595866,-0.004682600962797339
1.5979294092653609,covariant,0.9848454431877007,0.000283502626696294,0.01091764666137001
1.5979294092653609,lab_fixed,-0.3487429588393501,0.00036325534400342757,-0.004945859901952195
1.6459343391548864,covariant,0.9851191430258759,0.00029653892257449786,0.01108873547040785
1.6459343391548864,lab_fixed,-0.3582874728288891,0.0003847013688669228,-0.005223212407245732
1.6953814311826982,covariant,0.9853452290293101,0.0003097839871207579,0.011247841679214237
1.6953814311826982,lab_fixed,-0.36803849116651116,0.00040741963082059905,-0.005515349154714507
1.7463140107247106,covariant,0.9855307410206321,0.0003231980074646058,0.011393934429236311
1.7463140107247106,lab_fixed,-0.37799574211019277,0.00043148760487175374,-0.005822988834967357
1.7987767047360042,covariant,0.9856819180957174,0.00033673672726931684,0.011525989981769695
1.7987767047360042,lab_fixed,-0.3881584840863965,0.0004569877943579499,-0.006146878733171874
1.852815480852817,covariant,0.9858042469931847,0.00035035140263960964,0.011642999518304045
1.852815480852817,lab_fixed,-0.3985254674911404,0.0004840080920496218,-0.006487795260186792
1.9084776876692362,covariant,0.9859025149433209,0.0003639888011402857,0.01174397747657854
1.9084776876692362,lab_fixed,-0.4090948954128552,0.000512642169711244,-0.006846544426339403
1.9658120962238703,covariant,0.9859808654734267,0.00037759124943763194,0.011827970379180824
1.9658120962238703,lab_fixed,-0.4198643834891034,0.0005429898983604548,-0.0072239622485711485
2.024868942732873,covariant,0.9860428557509784,0.00039109673514143016,0.011894066099425013
2.024868942732873,lab_fixed,-0.4308309191535283,0.0005751578016015807,-0.007620915080854848
2.085699972606751,covariant,0.9860915141765224,0.0004044390683777149,0.01194140349647838
2.085699972606751,lab_fixed,-0.44199082057751665,0.0006092595445457945,-0.008038299856925566
2.1483584857895104,covariant,0.9861293970889619,0.00041754810843765275,0.01196918233842733
2.1483584857895104,lab_fixed,-0.4533396956626578,0.0006454164609622228,-0.008477044233463139
2.2128993834598942,covariant,0.9861586436106853,0.00043035006050324805,0.01197667341837359
2.2128993834598942,lab_fixed,-0.46487240149488657,0.0006837581214297231,-0.008938106620922632
2.2793792161356077,covariant,0.9861810278325464,0.0004427678469246512,0.011963228754962349
2.2793792161356077,lab_fixed,-0.47658300472853854,0.0007244229453741109,-0.009422476088229501
2.3478562332227,covariant,0.9861980077129445,0.00045472155679803536,0.0119282917552375
2.3478562332227,lab_fixed,-0.48846474342776436,0.0007675588599761025,-0.009931172126545295
2.418390434053485,covariant,0.9862107702354799,0.0004661289766523287,0.011871407204708343
2.418390434053485,lab_fixed,-0.5005099909528038,0.0008133240090160124,-0.010465244256270769
2.4910436204577646,covariant,0.9862202725307414,0.00047690620388746,0.011792230937348202
2.4910436204577646,lab_fixed,-0.5127102225383491,0.0008618875147764303,-0.011025771460393491
2.56587945091338,covariant,0.9862272788154606,0.00048696834321199344,0.011690539027320318
2.56587945091338,lab_fixed,-0.5250559852691338,0.0009134302961467124,-0.01161386142621351
2.642963496323559,covariant,0.9862323931330779,0.0004962302847068033,0.011566236334961372
2.642963496323559,lab_fixed,-0.5375368722122807,0.0009681459460552909,-0.01223064957640326
2.7223632974699146,covariant,0.9862360879913861,0.0005046075603042856,0.011419364232399986
2.7223632974699146,lab_fixed,-0.5501415015148018,0.0010262416712884192,-0.012877297869287584
2.8041484241914656,covariant,0.9862387290839401,0.0005120172734386345,0.011250107329614949
2.8041484241914656,lab_fixed,-0.5628575013157824,0.00108793929762674,-0.013554993347179979
2.8883905363414772,covariant,0.9862405963520523,0.000518379094420229,0.01105879902022265
2.8883905363414772,lab_fixed,-0.575671501353647,0.001153476343032378,-0.014264946410596184
2.975163446575596,covariant,0.9862419016939339,0.0005236163117543037,0.010845925668295845
2.975163446575596,lab_fixed,-0.5885691321669176,0.0012231071613363624,-0.015008388795205833
3.0645431850262463,covariant,0.9862428036583376,0.0005276569272087221,0.010612129263504917
3.0645431850262463,lab_fixed,-0.6015350327892026,0.0012971041584945678,-0.01578657122749521
3.156608065919979,covariant,0.9862434194738717,0.0005304347799959181,0.010358208382244518
3.156608065919979,lab_fixed,-0.6145528678229046,0.0013757590829846763,-0.016600760734323313
3.2514387561961287,covariant,0.9862438347644017,0.0005318906830374865,0.01008511730750544
3.2514387561961287,lab_fixed,-0.6276053547385656,0.0014593843912897927,-0.017452237580885
3.3491183461869283,covariant,0.9862441112884558,0.0005319735520031894,0.009793963180331225
3.3491183461869283,lab_fixed,-0.6406743021851923,0.0015483146886382648,-0.018342291811078517
3.4497324224209605,covariant,0.986244293018962,0.0005306415057438079,0.009486001080904641
3.4497324224209605,lab_fixed,-0.6537406600088725,0.0016429082442246691,-0.019272219363938407
3.553369142613798,covariant,0.9862444108518083,0.0005278629149601136,0.009162626967648593
3.553369142613798,lab_fixed,-0.6667845815608352,0.0017435485790040085,-0.020243317739680588
3.660119312911497,covariant,0.9862444862000271,0.0005236173745631813,0.008825368438045158
3.660119312911497,lab_fixed,-0.6797854987302148,0.0018506461228090824,-0.02125688118904165
3.770076467454634,covariant,0.9862445336971082,0.0005178965742805564,0.008475873314836771
3.770076467454634,lab_fixed,-0.692722209960972,0.001964639935969512,-0.02231419540002969
3.883336950332603,covariant,0.986244563199823,0.0005107050417425913,0.008115896105334143
3.883336950332603,lab_fixed,-0.7055729813069577,0.0020859994887895143,-0.023416531656972755
4.0,covariant,0.9862445812493742,0.0005020607326317793,0.007747282428960012
4.0,lab_fixed,-0.718315660345719,0.002215226490151461,-0.024565140447904733
