time_over_T1,Pz,target
0.0,0.0,0.9653603948411329
0.025,0.02383483307299108,0.9653603948411329
0.05,0.047081182020620005,0.9653603948411329
0.07500000000000001,0.0697535765677119,0.9653603948411329
0.1,0.09186618769890774,0.9653603948411329
0.125,0.11343283651599109,0.9653603948411329
0.15000000000000002,0.1344670028765266,0.9653603948411329
0.17500000000000002,0.1549818338192098,0.9653603948411329
0.2,0.17499015178119426,0.9653603948411329
0.225,0.19450446261253224,0.9653603948411329
0.25,0.213536963392738,0.9653603948411329
0.275,0.2320995500543597,0.9653603948411329
0.30000000000000004,0.25020382481832426,0.9653603948411329
0.325,0.26786110344570324,0.9653603948411329
0.35000000000000003,0.28508242231043207,0.9653603948411329
0.375,0.30187854529740255,0.9653603948411329
0.4,0.3182599705302418,0.9653603948411329
0.42500000000000004,0.33423693693298095,0.9653603948411329
0.45,0.3498194306297161,0.9653603948411329
0.47500000000000003,0.3650171911862609,0.9653603948411329
0.5,0.37983971769769226,0.9653603948411329
0.525,0.3942962747255941,0.9653603948411329
0.55,0.4083958980887096,0.9653603948411329
0.5750000000000001,0.42214740051062233,0.9653603948411329
0.6000000000000001,0.4355593771279954,0.9653603948411329
0.625,0.44864021086281164,0.9653603948411329
0.65,0.46139807766197255,0.9653603948411329
0.675,0.47384095160753137,0.9653603948411329
0.7000000000000001,0.48597660990075386,0.9653603948411329
0.7250000000000001,0.4978126377231227,0.9653603948411329
0.75,0.5093564329773221,0.9653603948411329
0.775,0.5206152109111685,0.9653603948411329
0.8,0.5315960086273747,0.9653603948411329
0.8250000000000001,0.5423056894819686,0.9653603948411329
0.8500000000000001,0.5527509473741142,0.9653603948411329
0.875,0.5629383109300159,0.9653603948411329
0.9,0.5728741475835231,0.9653603948411329
0.925,0.582564667555983,0.9653603948411329
0.9500000000000001,0.5920159277378317,0.9653603948411329
0.9750000000000001,0.6012338354743476,0.9653603948411329
1.0,0.610224152257934,0.9653603948411329
1.0250000000000001,0.6189924973292407,0.9653603948411329
1.05,0.6275443511893707,0.9653603948411329
1.075,0.6358850590253733,0.9653603948411329
1.1,0.644019834051159,0.9653603948411329
1.125,0.6519537607659284,0.9653603948411329
1.1500000000000001,0.6596917981321494,0.9653603948411329
1.175,0.6672387826750702,0.9653603948411329
1.2000000000000002,0.6745994315057057,0.9653603948411329
1.225,0.6817783452691841,0.9653603948411329
1.25,0.6887800110203012,0.9653603948411329
1.2750000000000001,0.6956088050280751,0.9653603948411329
1.3,0.7022689955110566,0.9653603948411329
1.3250000000000002,0.7087647453051052,0.9653603948411329
1.35,0.7151001144652969,0.9653603948411329
1.375,0.7212790628035904,0.9653603948411329
1.4000000000000001,0.727305452363839,0.9653603948411329
1.425,0.7331830498356937,0.9653603948411329
1.4500000000000002,0.7389155289089061,0.9653603948411329
1.475,0.7445064725695052,0.9653603948411329
1.5,0.7499593753392795,0.9653603948411329
1.5250000000000001,0.7552776454599671,0.9653603948411329
1.55,0.7604646070235177,0.9653603948411329
1.5750000000000002,0.7655235020497588,0.9653603948411329
1.6,0.7704574925127625,0.9653603948411329
1.625,0.7752696623171832,0.9653603948411329
1.6500000000000001,0.7799630192257982,0.9653603948411329
1.675,0.7845404967394571,0.9653603948411329
1.7000000000000002,0.7890049559306155,0.9653603948411329
1.725,0.793359187231598,0.9653603948411329
1.75,0.7976059121787105,0.9653603948411329
1.7750000000000001,0.8017477851132873,0.9653603948411329
1.8,0.8057873948407418,0.9653603948411329
1.8250000000000002,0.8097272662486544,0.9653603948411329
1.85,0.8135698618849084,0.9653603948411329
1.875,0.8173175834968639,0.9653603948411329
1.9000000000000001,0.820972773532527,0.9653603948411329
1.925,0.8245377166046561,0.9653603948411329
1.9500000000000002,0.8280146409187206,0.9653603948411329
1.975,0.8314057196655998,0.9653603948411329
2.0,0.8347130723798999,0.9653603948411329
2.025,0.8379387662647305,0.9653603948411329
2.0500000000000003,0.8410848174837751,0.9653603948411329
2.075,0.844153192421458,0.9653603948411329
2.1,0.8471458089119994,0.9653603948411329
2.125,0.850064537438124,0.9653603948411329
2.15,0.852911202300173,0.9653603948411329
2.1750000000000003,0.8556875827563524,0.9653603948411329
2.2,0.8583954141348257,0.9653603948411329
2.225,0.8610363889183521,0.9653603948411329
2.25,0.8636121578021423,0.9653603948411329
2.275,0.866124330725597,0.9653603948411329
2.3000000000000003,0.8685744778785717,0.9653603948411329
2.325,0.8709641306827958,0.9653603948411329
2.35,0.8732947827490619,0.9653603948411329
2.375,0.8755678908107806,0.9653603948411329
2.4000000000000004,0.8777848756344863,0.9653603948411329
2.4250000000000003,0.8799471229078628,0.9653603948411329
2.45,0.8820559841058432,0.9653603948411329
2.475,0.8841127773353253,0.9653603948411329
2.5,0.8861187881590321,0.9653603948411329
2.5250000000000004,0.8880752703990294,0.9653603948411329
2.5500000000000003,0.8899834469204062,0.9653603948411329
2.575,0.8918445103956049,0.9653603948411329
2.6,0.8936596240498798,0.9653603948411329
2.625,0.8954299223883522,0.9653603948411329
2.6500000000000004,0.8971565119051116,0.9653603948411329
2.6750000000000003,0.8988404717748113,0.9653603948411329
2.7,0.9004828545271873,0.9653603948411329
2.725,0.9020846867049239,0.9653603948411329
2.75,0.9036469695052766,0.9653603948411329
2.7750000000000004,0.9051706794058518,0.9653603948411329
2.8000000000000003,0.9066567687749385,0.9653603948411329
2.825,0.9081061664667687,0.9653603948411329
2.85,0.9095197784020816,0.9653603948411329
2.875,0.9108984881343539,0.9653603948411329
2.9000000000000004,0.9122431574020491,0.9653603948411329
2.9250000000000003,0.913554626667232,0.9653603948411329
2.95,0.9148337156408854,0.9653603948411329
2.975,0.9160812237952558,0.9653603948411329
3.0,0.9172979308635493,0.9653603948411329
3.0250000000000004,0.9184845973272909,0.9653603948411329
3.0500000000000003,0.9196419648916498,0.9653603948411329
3.075,0.920770756949029,0.9653603948411329
3.1,0.9218716790312098,0.9653603948411329
3.125,0.9229454192503317,0.9653603948411329
3.1500000000000004,0.9239926487289847,0.9653603948411329
3.1750000000000003,0.9250140220196832,0.9653603948411329
3.2,0.9260101775139825,0.9653603948411329
3.225,0.9269817378414941,0.9653603948411329
3.25,0.9279293102590496,0.9653603948411329
3.2750000000000004,0.9288534870302562,0.9653603948411329
3.3000000000000003,0.9297548457956802,0.9653603948411329
3.325,0.930633949933892,0.9653603948411329
3.35,0.9314913489135951,0.9653603948411329
3.375,0.9323275786370624,0.9653603948411329
3.4000000000000004,0.9331431617750928,0.9653603948411329
3.4250000000000003,0.9339386080936971,0.9653603948411329
3.45,0.9347144147727182,0.9653603948411329
3.475,0.9354710667165853,0.9653603948411329
3.5,0.9362090368573944,0.9653603948411329
3.5250000000000004,0.9369287864505066,0.9653603948411329
3.5500000000000003,0.9376307653628471,0.9653603948411329
3.575,0.9383154123540877,0.9653603948411329
3.6,0.9389831553508851,0.9653603948411329
3.625,0.939634411714349,0.9653603948411329
3.6500000000000004,0.9402695885009069,0.9653603948411329
3.6750000000000003,0.9408890827167272,0.9653603948411329
3.7,0.9414932815658609,0.9653603948411329
3.725,0.942082562692257,0.9653603948411329
3.75,0.9426572944158026,0.9653603948411329
3.7750000000000004,0.9432178359625335,0.9653603948411329
3.8000000000000003,0.943764537689164,0.9653603948411329
3.825,0.9442977413020697,0.9653603948411329
3.85,0.9448177800708658,0.9653603948411329
3.875,0.9453249790367119,0.9653603948411329
3.9000000000000004,0.945819655215472,0.9653603948411329
3.9250000000000003,0.9463021177958609,0.9653603948411329
3.95,0.9467726683326971,0.9653603948411329
3.975,0.9472316009353836,0.9653603948411329
4.0,0.9476792024517369,0.9653603948411329
4.025,0.9481157526472751,0.9653603948411329
4.05,0.9485415243800813,0.9653603948411329
4.075,0.9489567837713487,0.9653603948411329
4.1000000000000005,0.9493617903717148,0.9653603948411329
4.125,0.9497567973234885,0.9653603948411329
4.15,0.9501420515188737,0.9653603948411329
4.175,0.9505177937542834,0.9653603948411329
4.2,0.950884258880846,0.9653603948411329
4.2250000000000005,0.9512416759511952,0.9653603948411329
4.25,0.9515902683626352,0.9653603948411329
4.275,0.9519302539967702,0.9653603948411329
4.3,0.9522618453556895,0.9653603948411329
4.325,0.9525852496947862,0.9653603948411329
4.3500000000000005,0.9529006691523003,0.9653603948411329
4.375,0.9532083008756604,0.9653603948411329
4.4,0.953508337144708,0.9653603948411329
4.425,0.9538009654918779,0.9653603948411329
4.45,0.9540863688194133,0.9653603948411329
4.4750000000000005,0.9543647255136845,0.9653603948411329
4.5,0.9546362095566866,0.9653603948411329
4.525,0.954900990634784,0.9653603948411329
4.55,0.95515923424477,0.9653603948411329
4.575,0.9554111017973073,0.9653603948411329
4.6000000000000005,0.9556567507178153,0.9653603948411329
4.625,0.9558963345448657,0.9653603948411329
4.65,0.9561300030261497,0.9653603948411329
4.675,0.9563579022120746,0.9653603948411329
4.7,0.9565801745470504,0.9653603948411329
4.7250000000000005,0.9567969589585219,0.9653603948411329
4.75,0.9570083909438033,0.9653603948411329
4.775,0.957214602654768,0.9653603948411329
4.800000000000001,0.9574157229804483,0.9653603948411329
4.825,0.9576118776275946,0.9653603948411329
4.8500000000000005,0.9578031891992469,0.9653603948411329
4.875,0.9579897772713649,0.9653603948411329
4.9,0.9581717584675681,0.9653603948411329
4.925000000000001,0.9583492465320278,0.9653603948411329
4.95,0.9585223524005619,0.9653603948411329
4.9750000000000005,0.9586911842699736,0.9653603948411329
5.0,0.9588558476656771,0.9653603948411329
5.025,0.959016445507655,0.9653603948411329
5.050000000000001,0.9591730781747864,0.9653603948411329
5.075,0.959325843567587,0.9653603948411329
5.1000000000000005,0.9594748371694004,0.9653603948411329
5.125,0.9596201521060779,0.9653603948411329
5.15,0.959761879204185,0.9653603948411329
5.175000000000001,0.9599001070477721,0.9653603948411329
5.2,0.9600349220337407,0.9653603948411329
5.2250000000000005,0.960166408425846,0.9653603948411329
5.25,0.9602946484073631,0.9653603948411329
5.275,0.960419722132455,0.9653603948411329
5.300000000000001,0.9605417077762715,0.9653603948411329
5.325,0.9606606815838108,0.9653603948411329
5.3500000000000005,0.9607767179175757,0.9653603948411329
5.375,0.9608898893040521,0.9653603948411329
5.4,0.9610002664790405,0.9653603948411329
5.425000000000001,0.9611079184318683,0.9653603948411329
5.45,0.9612129124485104,0.9653603948411329
5.4750000000000005,0.9613153141536451,0.9653603948411329
5.5,0.9614151875516718,0.9653603948411329
5.525,0.961512595066715,0.9653603948411329
5.550000000000001,0.9616075975816427,0.9653603948411329
5.575,0.9617002544761194,0.9653603948411329
5.6000000000000005,0.9617906236637203,0.9653603948411329
5.625,0.9618787616281294,0.9653603948411329
5.65,0.9619647234584434,0.9653603948411329
5.675000000000001,0.9620485628836049,0.9653603948411329
5.7,0.9621303323059837,0.9653603948411329
5.7250000000000005,0.9622100828341305,0.9653603948411329
5.75,0.9622878643147216,0.9653603948411329
5.775,0.9623637253637143,0.9653603948411329
5.800000000000001,0.9624377133967337,0.9653603948411329
5.825,0.9625098746587092,0.9653603948411329
5.8500000000000005,0.9625802542527782,0.9653603948411329
5.875,0.9626488961684783,0.9653603948411329
5.9,0.9627158433092411,0.9653603948411329
5.925000000000001,0.9627811375192091,0.9653603948411329
5.95,0.9628448196093891,0.9653603948411329
5.9750000000000005,0.9629069293831601,0.9653603948411329
6.0,0.962967505661153,0.9653603948411329
