SOC_scale,transit_omega_c,Gamma1_over_omega_c,Pz
0.0,100.0,0.0,0.0
0.0,1000.0,0.0,0.0
0.0,10000.0,0.0,0.0
0.005,100.0,1.00208148059043e-08,9.886321414934358e-07
0.005,1000.0,1.00208148059043e-08,9.88627683402762e-06
0.005,10000.0,1.00208148059043e-08,9.885831039702206e-05
0.01,100.0,4.012674031079638e-08,3.958668639813401e-06
0.01,1000.0,4.012674031079638e-08,3.958597158910879e-05
0.01,10000.0,4.012674031079638e-08,0.0003957882444530264
0.015,100.0,9.038303202024728e-08,8.916307711910259e-06
0.015,1000.0,9.038303202024728e-08,8.91594507497303e-05
0.015,10000.0,9.038303202024728e-08,0.0008912319786980792
0.02,100.0,1.608549899916477e-07,1.5867731496116506e-05
0.02,1000.0,1.608549899916477e-07,0.00015866582972914108
0.02,10000.0,1.608549899916477e-07,0.0015855103835136805
0.025,100.0,2.5160795806130996e-07,2.4819105775976967e-05
0.025,1000.0,2.5160795806130996e-07,0.00024816295891825043
0.025,10000.0,2.5160795806130996e-07,0.0024788220366819334
0.03,100.0,3.627073230659533e-07,3.577657970298989e-05
0.03,1000.0,3.627073230659533e-07,0.00035770740981275586
0.03,10000.0,3.627073230659533e-07,0.0035712423588783676
0.035,100.0,4.942185140585579e-07,4.874628551826646e-05
0.035,1000.0,4.942185140585579e-07,0.00048735446122168667
0.035,10000.0,4.942185140585579e-07,0.004862722873297467
0.04,100.0,6.462070015185713e-07,6.373433827311632e-05
0.04,1000.0,6.462070015185713e-07,0.0006371580855605583
0.04,10000.0,6.462070015185713e-07,0.006353090591434582
0.045,100.0,8.187382965564541e-07,8.074683554856685e-05
0.045,1000.0,8.187382965564541e-07,0.0008071709352323504
0.045,10000.0,8.187382965564541e-07,0.008042047526877136
0.05,100.0,1.0118779501125487e-06,9.978985717382391e-05
0.05,1000.0,1.0118779501125487e-06,0.0009974443290995275
0.05,10000.0,1.0118779501125487e-06,0.00992917033878196
0.055,100.0,1.2256915521502537e-06,0.00012086946494368205
0.055,1000.0,1.2256915521502537e-06,0.001208028239050335
0.055,10000.0,1.2256915521502537e-06,0.012013910106534624
0.06,100.0,1.4602447308434935e-06,0.0001439917023348924
0.06,1000.0,1.4602447308434935e-06,0.0014389712766626182
0.06,10000.0,1.4602447308434935e-06,0.014295592236901123
0.065,100.0,1.7156031517584717e-06,0.00016916259422149744
0.065,1000.0,1.7156031517584717e-06,0.0016903206799684229
0.065,10000.0,1.7156031517584717e-06,0.016773416504792287
0.07,100.0,1.991832517029676e-06,0.00019638814658913824
0.07,1000.0,1.991832517029676e-06,0.001962122300322614
0.07,10000.0,1.991832517029676e-06,0.019446457228567183
0.075,100.0,2.288998564530149e-06,0.00022567434624834687
0.075,1000.0,2.288998564530149e-06,0.0022544205893788266
0.075,10000.0,2.288998564530149e-06,0.02231366358060477
0.08,100.0,2.6071670670359844e-06,0.00025702716054682947
0.08,1000.0,2.6071670670359844e-06,0.0025672585861759903
0.08,10000.0,2.6071670670359844e-06,0.025373860033671425
0.085,100.0,2.9464038313850526e-06,0.0002904525370807503
0.085,1000.0,2.9464038313850526e-06,0.0029006779043387293
0.085,10000.0,2.9464038313850526e-06,0.028625746943408845
0.09,100.0,3.3067746976299205e-06,0.00032595640340502436
0.09,1000.0,3.3067746976299205e-06,0.003254718719394922
0.09,10000.0,3.3067746976299205e-06,0.03206790126705986
0.095,100.0,3.6883455381849837e-06,0.00036354466674263093
0.095,1000.0,3.6883455381849837e-06,0.0036294197562137275
0.095,10000.0,3.6883455381849837e-06,0.03569877741834182
0.1,100.0,4.091182256967774e-06,0.0004032232136929542
0.1,1000.0,4.091182256967774e-06,0.004024818276567375
0.1,10000.0,4.091182256967774e-06,0.03951670825816628
0.105,100.0,4.515350788534416e-06,0.00044499790993915965
0.105,1000.0,4.515350788534416e-06,0.004440950066819994
0.105,10000.0,4.515350788534416e-06,0.043519906220692066
0.11,100.0,4.960917097209277e-06,0.0004888745999546228
0.11,1000.0,4.960917097209277e-06,0.004877849425746856
0.11,10000.0,4.960917097209277e-06,0.04770646457398719
0.115,100.0,5.427947176208716e-06,0.0005348591067084096
0.115,1000.0,5.427947176208716e-06,0.005335549152487261
0.115,10000.0,5.427947176208716e-06,0.052074358814359865
0.12,100.0,5.9165070467589775e-06,0.0005829572313698256
0.12,1000.0,5.9165070467589775e-06,0.005814080534634406
0.12,10000.0,5.9165070467589775e-06,0.056621448193207684
0.125,100.0,6.426662757208218e-06,0.000633174753012045
0.125,1000.0,6.426662757208218e-06,0.006313473336465596
0.125,10000.0,6.426662757208218e-06,0.06134547737502018
0.13,100.0,6.9584803821326044e-06,0.0006855174283148228
0.13,1000.0,6.9584803821326044e-06,0.006833755787316007
0.13,10000.0,6.9584803821326044e-06,0.06624407822495701
0.135,100.0,7.512026021436531e-06,0.0007399909912663079
0.135,1000.0,7.512026021436531e-06,0.007374954570099385
0.135,10000.0,7.512026021436531e-06,0.07131477172421467
0.14,100.0,8.087365799446883e-06,0.0007966011528639628
0.14,1000.0,8.087365799446883e-06,0.007937094809978958
0.14,10000.0,8.087365799446883e-06,0.07655497001118369
0.145,100.0,8.6845658640014e-06,0.0008553536008146025
0.145,1000.0,8.6845658640014e-06,0.008520200063191848
0.145,10000.0,8.6845658640014e-06,0.08196197854619217
0.15,100.0,9.30369238553106e-06,0.0009162539992335635
0.15,1000.0,9.30369238553106e-06,0.009124292306030303
0.15,10000.0,9.30369238553106e-06,0.08753299839742575
0.155,100.0,9.944811556136536e-06,0.000979307988343014
0.155,1000.0,9.944811556136536e-06,0.009749391923983
0.155,10000.0,9.944811556136536e-06,0.09326512864541332
0.16,100.0,1.0607989588658671e-05,0.001044521184169417
0.16,1000.0,1.0607989588658671e-05,0.01039551770103979
0.16,10000.0,1.0607989588658671e-05,0.09915536890326886
0.165,100.0,1.1293292715742954e-05,0.0011118991782401537
0.165,1000.0,1.1293292715742954e-05,0.011062686809162984
0.165,10000.0,1.1293292715742954e-05,0.10520062194968446
0.17,100.0,1.2000787188898025e-05,0.0011814475372793228
0.17,1000.0,1.2000787188898025e-05,0.011750914797928662
0.17,10000.0,1.2000787188898025e-05,0.11139769647148129
0.17500000000000002,100.0,1.2730539277548171e-05,0.0012531718029027302
0.17500000000000002,1000.0,1.2730539277548171e-05,0.012460215584341116
0.17500000000000002,10000.0,1.2730539277548171e-05,0.11774330991233804
0.18,100.0,1.3482615268079819e-05,0.0013270774913120725
0.18,1000.0,1.3482615268079819e-05,0.013190601442823713
0.18,10000.0,1.3482615268079819e-05,0.12423409142413593
0.185,100.0,1.4257081462881968e-05,0.001403170092988331
0.185,1000.0,1.4257081462881968e-05,0.013942082995389399
0.185,10000.0,1.4257081462881968e-05,0.13086658491718528
0.19,100.0,1.5054004179380651e-05,0.0014814550723843934
0.19,1000.0,1.5054004179380651e-05,0.014714669201994149
0.19,10000.0,1.5054004179380651e-05,0.1376372522054296
0.195,100.0,1.5873449749067268e-05,0.0015619378676169
0.195,1000.0,1.5873449749067268e-05,0.015508367351076387
0.195,10000.0,1.5873449749067268e-05,0.14454247624255825
0.2,100.0,1.6715484516520894e-05,0.0016446238901573458
0.2,1000.0,1.6715484516520894e-05,0.01632318305028578
0.2,10000.0,1.6715484516520894e-05,0.15157856444480644
0.20500000000000002,100.0,1.7580174838424596e-05,0.0017295185245224415
0.20500000000000002,1000.0,1.7580174838424596e-05,0.017159120217404494
0.20500000000000002,10000.0,1.7580174838424596e-05,0.15874175209606908
0.21,100.0,1.846758708257555e-05,0.0018166271279637409
0.21,1000.0,1.846758708257555e-05,0.018016181071463994
0.21,10000.0,1.846758708257555e-05,0.16602820583081399
0.215,100.0,1.937778762688921e-05,0.0019059550301565656
0.215,1000.0,1.937778762688921e-05,0.018894366124060726
0.215,10000.0,1.937778762688921e-05,0.1734340271901482
0.22,100.0,2.0310842858397155e-05,0.0019975075328882044
0.22,1000.0,2.0310842858397155e-05,0.01979367417087347
0.22,10000.0,2.0310842858397155e-05,0.18095525624626047
0.225,100.0,2.1266819172239193e-05,0.002091289909745461
0.225,1000.0,2.1266819172239193e-05,0.020714102283386066
0.225,10000.0,2.1266819172239193e-05,0.18858787529035384
0.23,100.0,2.2245782970648922e-05,0.002187307405801484
0.23,1000.0,2.2245782970648922e-05,0.02165564580081773
0.23,10000.0,2.2245782970648922e-05,0.19632781257906107
0.23500000000000001,100.0,2.324780066193359e-05,0.0022855652373019756
0.23500000000000001,1000.0,2.324780066193359e-05,0.022618298322264998
0.23500000000000001,10000.0,2.324780066193359e-05,0.20417094613425
0.24,100.0,2.427293865944749e-05,0.0023860685913507243
0.24,1000.0,2.427293865944749e-05,0.023602051699057495
0.24,10000.0,2.427293865944749e-05,0.21211310759102195
0.245,100.0,2.5321263380559424e-05,0.0024888226255945166
0.245,1000.0,2.5321263380559424e-05,0.024606896027331085
0.245,10000.0,2.5321263380559424e-05,0.2201500860886344
0.25,100.0,2.6392841245613925e-05,0.0025938324679074245
0.25,1000.0,2.6392841245613925e-05,0.025632819640821158
0.25,10000.0,2.6392841245613925e-05,0.22827763219900146
0.255,100.0,2.7487738676886337e-05,0.002701103216074491
0.255,1000.0,2.7487738676886337e-05,0.026679809103879053
0.255,10000.0,2.7487738676886337e-05,0.23649146188736675
0.26,100.0,2.8606022097531802e-05,0.0028106399374748224
0.26,1000.0,2.8606022097531802e-05,0.02774784920471463
0.26,10000.0,2.8606022097531802e-05,0.2447872604996898
0.265,100.0,2.9747757930527942e-05,0.0029224476687641
0.265,1000.0,2.9747757930527942e-05,0.02883692294886776
0.265,10000.0,2.9747757930527942e-05,0.25316068677124487
0.27,100.0,3.0913012597611614e-05,0.003036531415556547
0.27,1000.0,3.0913012597611614e-05,0.029947011552911858
0.27,10000.0,3.0913012597611614e-05,0.2616073768509005
0.275,100.0,3.210185251820903e-05,0.0031528961521063103
0.275,1000.0,3.210185251820903e-05,0.03107809443839178
0.275,10000.0,3.210185251820903e-05,0.270122948335522
0.28,100.0,3.331434410836036e-05,0.0032715468209883677
0.28,1000.0,3.331434410836036e-05,0.03223014922599986
0.28,10000.0,3.331434410836036e-05,0.27870300430893846
0.28500000000000003,100.0,3.455055377963727e-05,0.003392488332778843
0.28500000000000003,1000.0,3.455055377963727e-05,0.033403151729991476
0.28500000000000003,10000.0,3.455055377963727e-05,0.28734313737989714
0.29,100.0,3.581054793805528e-05,0.003515725565734908
0.29,1000.0,3.581054793805528e-05,0.03459707595284465
0.29,10000.0,3.581054793805528e-05,0.2960389337134608
0.295,100.0,3.7094392982979004e-05,0.003641263365474126
0.295,1000.0,3.7094392982979004e-05,0.03581189408016461
0.295,10000.0,3.7094392982979004e-05,0.30478597705029836
0.3,100.0,3.840215530602167e-05,0.003769106544653347
0.3,1000.0,3.840215530602167e-05,0.037047576475837195
0.3,10000.0,3.840215530602167e-05,0.3135798527083705
0.305,100.0,3.973390128993829e-05,0.0038992598826471715
0.305,1000.0,3.973390128993829e-05,0.038304091677433504
0.305,10000.0,3.973390128993829e-05,0.32241615156154135
0.31,100.0,4.108969730751266e-05,0.0040317281252259364
0.31,1000.0,4.108969730751266e-05,0.0395814063918679
0.31,10000.0,4.108969730751266e-05,0.33129047398969885
0.315,100.0,4.246960972043798e-05,0.004166515984233311
0.315,1000.0,4.246960972043798e-05,0.04087948549131262
0.315,10000.0,4.246960972043798e-05,0.34019843379503334
0.32,100.0,4.3873704878191546e-05,0.004303628137263474
0.32,1000.0,4.3873704878191546e-05,0.04219829200937113
0.32,10000.0,4.3873704878191546e-05,0.3491356620791873
0.325,100.0,4.5302049116902834e-05,0.004443069227337902
0.325,1000.0,4.5302049116902834e-05,0.04353778713751265
0.325,10000.0,4.5302049116902834e-05,0.3580978110760756
0.33,100.0,4.675470875821558e-05,0.00458484386258177
0.33,1000.0,4.675470875821558e-05,0.044897930221770514
0.33,10000.0,4.675470875821558e-05,0.3670805579352624
0.335,100.0,4.8231750108143466e-05,0.004728956615900016
0.335,1000.0,4.8231750108143466e-05,0.04627867875970655
0.335,10000.0,4.8231750108143466e-05,0.3760796084508854
0.34,100.0,4.9733239455919956e-05,0.004875412024653091
0.34,1000.0,4.9733239455919956e-05,0.047679988397644396
0.34,10000.0,4.9733239455919956e-05,0.3850907007312244
0.34500000000000003,100.0,5.1259243072841164e-05,0.0050242145903323055
0.34500000000000003,1000.0,5.1259243072841164e-05,0.0491018129281728
0.34500000000000003,10000.0,5.1259243072841164e-05,0.3941096088041234
0.35000000000000003,100.0,5.280982721110302e-05,0.005175368778234943
0.35000000000000003,1000.0,5.280982721110302e-05,0.050544104287922574
0.35000000000000003,10000.0,5.280982721110302e-05,0.4031321461536184
0.355,100.0,5.438505810263218e-05,0.005328879017139076
0.355,1000.0,5.438505810263218e-05,0.05200681255561888
0.355,10000.0,5.438505810263218e-05,0.41215416918324344
0.36,100.0,5.598500195791036e-05,0.005484749698978092
0.36,1000.0,5.598500195791036e-05,0.053489885950410467
0.36,10000.0,5.598500195791036e-05,0.421171580601636
0.365,100.0,5.760972496479275e-05,0.00564298517851498
0.365,1000.0,5.760972496479275e-05,0.05499327083047893
0.365,10000.0,5.760972496479275e-05,0.4301803327262171
0.37,100.0,5.925929328731949e-05,0.005803589773016346
0.37,1000.0,5.925929328731949e-05,0.056516911691928885
0.37,10000.0,5.925929328731949e-05,0.43917643070087464
0.375,100.0,6.0933773064522066e-05,0.005966567761926302
0.375,1000.0,6.0933773064522066e-05,0.05806075116796282
0.375,10000.0,6.0933773064522066e-05,0.4481559356237567
0.38,100.0,6.263323040922236e-05,0.00613192338654006
0.38,1000.0,6.263323040922236e-05,0.05962473002834052
0.38,10000.0,6.263323040922236e-05,0.4571149675814319
0.385,100.0,6.435773140682586e-05,0.006299660849677403
0.385,1000.0,6.435773140682586e-05,0.06120878717912646
0.385,10000.0,6.435773140682586e-05,0.4660497085858795
0.39,100.0,6.610734211410836e-05,0.006469784315355952
0.39,1000.0,6.610734211410836e-05,0.06281285966272616
0.39,10000.0,6.610734211410836e-05,0.47495640541093453
0.395,100.0,6.788212855799716e-05,0.006642297908464373
0.395,1000.0,6.788212855799716e-05,0.06443688265821436
0.395,10000.0,6.788212855799716e-05,0.4838313723250224
0.4,100.0,6.968215673434482e-05,0.00681720571443535
0.4,1000.0,6.968215673434482e-05,0.06608078948195513
0.4,10000.0,6.968215673434482e-05,0.4926709937171939
0.405,100.0,7.150749260669775e-05,0.006994511778918548
0.405,1000.0,7.150749260669775e-05,0.06774451158851712
0.405,10000.0,7.150749260669775e-05,0.5014717266136893
0.41000000000000003,100.0,7.335820210505743e-05,0.0071742201074534145
0.41000000000000003,1000.0,7.335820210505743e-05,0.06942797857188447
0.41000000000000003,10000.0,7.335820210505743e-05,0.5102301030824518
0.41500000000000004,100.0,7.52343511246366e-05,0.007356334665141997
0.41500000000000004,1000.0,7.52343511246366e-05,0.07113111816696614
0.41500000000000004,10000.0,7.52343511246366e-05,0.5189427325232288
0.42,100.0,7.713600552460816e-05,0.00754085937632163
0.42,1000.0,7.713600552460816e-05,0.07285385625140342
0.42,10000.0,7.713600552460816e-05,0.5276063038410979
0.425,100.0,7.906323112684847e-05,0.007727798124237688
0.425,1000.0,7.906323112684847e-05,0.07459611684767917
0.425,10000.0,7.906323112684847e-05,0.5362175875014855
0.43,100.0,8.101609371467347e-05,0.00791715475071619
0.43,1000.0,8.101609371467347e-05,0.07635782212552752
0.43,10000.0,8.101609371467347e-05,0.5447734374649379
0.435,100.0,8.299465903157028e-05,0.008108933055836627
0.435,1000.0,8.299465903157028e-05,0.07813889240464904
0.435,10000.0,8.299465903157028e-05,0.5532707930001575
0.44,100.0,8.499899277992031e-05,0.008303136797604598
0.44,1000.0,8.499899277992031e-05,0.079939246157728
0.44,10000.0,8.499899277992031e-05,0.5617066803739925
0.445,100.0,8.702916061971788e-05,0.008499769691624666
0.445,1000.0,8.702916061971788e-05,0.08175880001375731
0.445,10000.0,8.702916061971788e-05,0.5700782144173304
0.45,100.0,8.908522816728177e-05,0.008698835410773188
0.45,1000.0,8.908522816728177e-05,0.08359746876166897
0.45,10000.0,8.908522816728177e-05,0.5783825999660323
0.455,100.0,9.116726099396071e-05,0.00890033758487132
0.455,1000.0,9.116726099396071e-05,0.08545516535427326
0.455,10000.0,9.116726099396071e-05,0.5866171331762895
0.46,100.0,9.327532462483267e-05,0.009104279800358066
0.46,1000.0,9.327532462483267e-05,0.0873318009125062
0.46,10000.0,9.327532462483267e-05,0.5947792027139864
0.465,100.0,9.540948453739787e-05,0.009310665599963516
0.465,1000.0,9.540948453739787e-05,0.0892272847299869
0.465,10000.0,9.540948453739787e-05,0.6028662908178782
0.47000000000000003,100.0,9.756980616026487e-05,0.009519498482382146
0.47000000000000003,1000.0,9.756980616026487e-05,0.0911415242778851
0.47000000000000003,10000.0,9.756980616026487e-05,0.6108759742366101
0.47500000000000003,100.0,9.975635487183259e-05,0.009730781901946524
0.47500000000000003,1000.0,9.975635487183259e-05,0.09307442521010151
0.47500000000000003,10000.0,9.975635487183259e-05,0.6188059250398205
0.48,100.0,0.00010196919599896275,0.00994451926830087
0.48,1000.0,0.00010196919599896275,0.09502589136875758
0.48,10000.0,0.00010196919599896275,0.626653911303765
0.485,100.0,0.00010420839481564956,0.010160713946075196
0.485,1000.0,0.00010420839481564956,0.09699582479000077
0.485,10000.0,0.00010420839481564956,0.6344177976721397
0.49,100.0,0.00010647401654168035,0.010379369254559406
0.49,1000.0,0.00010647401654168035,0.09898412571012051
0.49,10000.0,0.00010647401654168035,0.6420955457929486
0.495,100.0,0.00010876612634129212,0.010600488467377852
0.495,1000.0,0.00010876612634129212,0.10099069257197975
0.495,10000.0,0.00010876612634129212,0.649685214632496
0.5,100.0,0.00011108478932182013,0.01082407481216403
0.5,1000.0,0.00011108478932182013,0.10301542203175898
0.5,10000.0,0.00011108478932182013,0.6571849606677538
0.505,100.0,0.0001134300705323419,0.011050131470235732
0.505,1000.0,0.0001134300705323419,0.10505820896601595
0.505,10000.0,0.0001134300705323419,0.6645930379585682
0.51,100.0,0.00011580203496231377,0.011278661576270391
0.51,1000.0,0.00011580203496231377,0.10711894647905906
0.51,10000.0,0.00011580203496231377,0.6719077981013397
0.515,100.0,0.00011820074754020189,0.011509668217980882
0.515,1000.0,0.00011820074754020189,0.10919752591063601
0.515,10000.0,0.00011820074754020189,0.6791276900660033
0.52,100.0,0.00012062627313210701,0.011743154435791641
0.52,1000.0,0.00012062627313210701,0.1112938368439372
0.52,10000.0,0.00012062627313210701,0.6862512599183056
0.525,100.0,0.00012307867654038281,0.011979123222515178
0.525,1000.0,0.00012307867654038281,0.1134077671139138
0.525,10000.0,0.00012307867654038281,0.693277150429549
0.53,100.0,0.0001255580225022485,0.012217577523029082
0.53,1000.0,0.0001255580225022485,0.1155392028159112
0.53,10000.0,0.0001255580225022485,0.7002041005761342
0.535,100.0,0.00012806437568839478,0.01245852023395339
0.535,1000.0,0.00012806437568839478,0.11768802831461664
0.535,10000.0,0.00012806437568839478,0.7070309449313879
0.54,100.0,0.0001305978007015841,0.012701954203328444
0.54,1000.0,0.0001305978007015841,0.11985412625332119
0.54,10000.0,0.0001305978007015841,0.7137566129523117
0.545,100.0,0.00013315836207524473,0.0129478822302933
0.545,1000.0,0.00013315836207524473,0.12203737756349689
0.545,10000.0,0.00013315836207524473,0.7203801281640402
0.55,100.0,0.0001357461242720578,0.013196307064764465
0.55,1000.0,0.0001357461242720578,0.12423766147468553
0.55,10000.0,0.0001357461242720578,0.7269006072449042
0.555,100.0,0.00013836115168254054,0.013447231407115543
0.555,1000.0,0.00013836115168254054,0.1264548555247042
0.555,10000.0,0.00013836115168254054,0.7333172590151685
0.56,100.0,0.00014100350862362025,0.013700657907856946
0.56,1000.0,0.00014100350862362025,0.1286888355701594
0.56,10000.0,0.00014100350862362025,0.7396293833325692
0.5650000000000001,100.0,0.00014367325933720485,0.013956589167316607
0.5650000000000001,1000.0,0.00014367325933720485,0.13093947579727686
0.5650000000000001,10000.0,0.00014367325933720485,0.7458363698979535
0.5700000000000001,100.0,0.00014637046798874606,0.014215027735321085
0.5700000000000001,1000.0,0.00014637046798874606,0.13320664873304067
0.5700000000000001,10000.0,0.00014637046798874606,0.7519376969743732
0.5750000000000001,100.0,0.0001490951986657968,0.014475976110877378
0.5750000000000001,1000.0,0.0001490951986657968,0.13549022525664411
0.5750000000000001,10000.0,0.0001490951986657968,0.7579329300231132
0.58,100.0,0.0001518475153765629,0.014739436741855383
0.58,1000.0,0.0001518475153765629,0.13779007461124965
0.58,10000.0,0.0001518475153765629,0.7638217202601996
0.585,100.0,0.00015462748204844734,0.015005412024670945
0.585,1000.0,0.00015462748204844734,0.14010606441605764
0.585,10000.0,0.00015462748204844734,0.7696038031370229
0.59,100.0,0.00015743516252659094,0.015273904303969812
0.59,1000.0,0.00015743516252659094,0.1424380606786838
0.59,10000.0,0.00015743516252659094,0.7752789967487786
0.595,100.0,0.00016027062057240486,0.015544915872312121
0.595,1000.0,0.00016027062057240486,0.14478592780784208
0.595,10000.0,0.00016027062057240486,0.7808472001744775
0.6,100.0,0.00016313391986209796,0.01581844896985774
0.6,1000.0,0.00016313391986209796,0.14714952862633363
0.6,10000.0,0.00016313391986209796,0.786308391752345
0.605,100.0,0.00016602512398519807,0.01609450578405232
0.605,1000.0,0.00016602512398519807,0.1495287243843393
0.605,10000.0,0.00016602512398519807,0.7916626272944587
0.61,100.0,0.00016894429644306777,0.016373088449314295
0.61,1000.0,0.00016894429644306777,0.15192337477301637
0.61,10000.0,0.00016894429644306777,0.7969100382445198
0.615,100.0,0.00017189150064741336,0.01665419904672251
0.615,1000.0,0.00017189150064741336,0.15433333793839443
0.615,10000.0,0.00017189150064741336,0.802050829782664
0.62,100.0,0.00017486679991878846,0.01693783960370484
0.62,1000.0,0.00017486679991878846,0.15675847049557265
0.62,10000.0,0.00017486679991878846,0.8070852788812535
0.625,100.0,0.00017787025748509152,0.017224012093727658
0.625,1000.0,0.00017787025748509152,0.15919862754321448
0.625,10000.0,0.00017787025748509152,0.8120137323155883
0.63,100.0,0.00018090193648005745,0.017512718435986174
0.63,1000.0,0.00018090193648005745,0.1616536626783387
0.63,10000.0,0.00018090193648005745,0.8168366046334784
0.635,100.0,0.00018396189994174353,0.01780396049509574
0.635,1000.0,0.00018396189994174353,0.16412342801140528
0.635,10000.0,0.00018396189994174353,0.8215543760876163
0.64,100.0,0.00018705021081100978,0.018097740080784172
0.64,1000.0,0.00018705021081100978,0.16660777418169456
0.64,10000.0,0.00018705021081100978,0.8261675905346715
0.645,100.0,0.00019016693192999156,0.018394058947584772
0.645,1000.0,0.00019016693192999156,0.16910655037297467
0.645,10000.0,0.00019016693192999156,0.8306768533049961
0.65,100.0,0.0001933121260405691,0.01869291879453076
0.65,1000.0,0.0001933121260405691,0.1716196043294609
0.65,10000.0,0.0001933121260405691,0.8350828290468276
0.655,100.0,0.00019648585578283022,0.018994321264850532
0.655,1000.0,0.00019648585578283022,0.17414678237206033
0.655,10000.0,0.00019648585578283022,0.8393862395488052
0.66,100.0,0.00019968818369352562,0.019298267945663826
0.66,1000.0,0.00019968818369352562,0.1766879294148989
0.66,10000.0,0.00019968818369352562,0.8435878615445889
0.665,100.0,0.00020291917220452023,0.01960476036767922
0.665,1000.0,0.00020291917220452023,0.179242888982133
0.665,10000.0,0.00020291917220452023,0.8476885245033245
0.67,100.0,0.00020617888364123947,0.019913800004892734
0.67,1000.0,0.00020617888364123947,0.1818115032250404
0.67,10000.0,0.00020617888364123947,0.8516891084096246
0.675,100.0,0.00020946738022110703,0.02022538827428732
0.675,1000.0,0.00020946738022110703,0.18439361293938614
0.675,10000.0,0.00020946738022110703,0.8555905415366789
0.68,100.0,0.00021278472405197914,0.020539526535533748
0.68,1000.0,0.00021278472405197914,0.18698905758306514
0.68,10000.0,0.00021278472405197914,0.8593937982160413
0.685,100.0,0.00021613097713057326,0.020856216090692662
0.685,1000.0,0.00021613097713057326,0.18959767529401636
0.685,10000.0,0.00021613097713057326,0.8630998966075576
0.6900000000000001,100.0,0.00021950620134088982,0.02117545818391774
0.6900000000000001,1000.0,0.00021950620134088982,0.19221930290840525
0.6900000000000001,10000.0,0.00021950620134088982,0.8667098964728186
0.6950000000000001,100.0,0.0002229104584526278,0.02149725400116004
0.6950000000000001,1000.0,0.0002229104584526278,0.19485377597907222
0.6950000000000001,10000.0,0.0002229104584526278,0.8702248969554374
0.7000000000000001,100.0,0.0002263438101195987,0.021821604669874036
0.7000000000000001,1000.0,0.0002263438101195987,0.19750092879424763
0.7000000000000001,10000.0,0.0002263438101195987,0.8736460343713619
0.705,100.0,0.00022980631787812913,0.022148511258724288
0.705,1000.0,0.00022980631787812913,0.20016059439652262
0.705,10000.0,0.00022980631787812913,0.8769744800123253
0.71,100.0,0.00023329804314546206,0.022477974777293994
0.71,1000.0,0.00023329804314546206,0.20283260460208088
0.71,10000.0,0.00023329804314546206,0.8802114379654539
0.715,100.0,0.00023681904721815117,0.022809996175794635
0.715,1000.0,0.00023681904721815117,0.20551679002018358
0.715,10000.0,0.00023681904721815117,0.8833581429519324
0.72,100.0,0.0002403693912704492,0.02314457634477699
0.72,1000.0,0.0002403693912704492,0.20821298007290473
0.72,10000.0,0.0002403693912704492,0.8864158581875294
0.725,100.0,0.00024394913635269233,0.02348171611484372
0.725,1000.0,0.00024394913635269233,0.21092100301511577
0.725,10000.0,0.00024394913635269233,0.8893858732676679
0.73,100.0,0.0002475583433896771,0.023821416256363165
0.73,1000.0,0.0002475583433896771,0.21364068595471278
0.73,10000.0,0.0002475583433896771,0.8922695020796171
0.735,100.0,0.00025119707317903286,0.024163677479184697
0.735,1000.0,0.00025119707317903286,0.21637185487308558
0.735,10000.0,0.00025119707317903286,0.8950680807442613
0.74,100.0,0.00025486538638958944,0.024508500432355626
0.74,1000.0,0.00025486538638958944,0.21911433464582442
0.74,10000.0,0.00025486538638958944,0.8977829655897879
0.745,100.0,0.0002585633435597384,0.0248558857038395
0.745,1000.0,0.0002585633435597384,0.22186794906365973
0.745,10000.0,0.0002585633435597384,0.90041553115951
0.75,100.0,0.0002622910050957894,0.025205833820236015
0.75,1000.0,0.0002622910050957894,0.2246325208536324
0.75,10000.0,0.0002622910050957894,0.9029671682559215
0.755,100.0,0.00026604843127032117,0.02555834524650247
0.755,1000.0,0.00026604843127032117,0.22740787170048998
0.755,10000.0,0.00026604843127032117,0.9054392820229601
0.76,100.0,0.0002698356822205273,0.025913420385676816
0.76,1000.0,0.0002698356822205273,0.2301938222683058
0.76,10000.0,0.0002698356822205273,0.9078332900683252
0.765,100.0,0.0002736528179465562,0.026271059578602297
0.765,1000.0,0.0002736528179465562,0.23299019222231593
0.765,10000.0,0.0002736528179465562,0.9101506206275781
0.77,100.0,0.00027749989830984644,0.026631263103653775
0.77,1000.0,0.00027749989830984644,0.2357968002509712
0.77,10000.0,0.00027749989830984644,0.9123927107716215
0.775,100.0,0.0002813769830314576,0.026994031176465854
0.775,1000.0,0.0002813769830314576,0.23861346408820028
0.775,10000.0,0.0002813769830314576,0.9145610046590396
0.78,100.0,0.0002852841316903936,0.027359363949662346
0.78,1000.0,0.0002852841316903936,0.2414400005358767
0.78,10000.0,0.0002852841316903936,0.9166569518346385
0.785,100.0,0.000289221403721923,0.027727261512587892
0.785,1000.0,0.000289221403721923,0.24427622548649114
0.785,10000.0,0.000289221403721923,0.9186820055754301
0.79,100.0,0.0002931888584158926,0.028097723891040975
0.79,1000.0,0.0002931888584158926,0.24712195394601827
0.79,10000.0,0.0002931888584158926,0.9206376212851466
0.795,100.0,0.00029718655491503933,0.028470751047009163
0.795,1000.0,0.00029718655491503933,0.24997700005698134
0.795,10000.0,0.00029718655491503933,0.922525254938281
0.8,100.0,0.0003012145522132913,0.02884634287840562
0.8,1000.0,0.0003012145522132913,0.25284117712170023
0.8,10000.0,0.0003012145522132913,0.924346361574506
0.805,100.0,0.00030527290915407016,0.02922449921880798
0.805,1000.0,0.00030527290915407016,0.25571429762573006
0.805,10000.0,0.00030527290915407016,0.926102393844224
0.81,100.0,0.00030936168442858295,0.02960521983719864
0.81,1000.0,0.00030936168442858295,0.2585961732614739
0.81,10000.0,0.00030936168442858295,0.9277948006058626
0.8150000000000001,100.0,0.00031348093657411274,0.029988504437707272
0.8150000000000001,1000.0,0.00031348093657411274,0.2614866149519757
0.8150000000000001,10000.0,0.00031348093657411274,0.9294250255754415
0.8200000000000001,100.0,0.0003176307239723031,0.0303743526593552
0.8200000000000001,1000.0,0.0003176307239723031,0.2643854328748819
0.8200000000000001,10000.0,0.0003176307239723031,0.9309945060287996
0.8250000000000001,100.0,0.00032181110484743805,0.030762764075801637
0.8250000000000001,1000.0,0.00032181110484743805,0.26729243648656853
0.8250000000000001,10000.0,0.00032181110484743805,0.9325046715567773
0.8300000000000001,100.0,0.0003260221372647157,0.03115373819509193
0.8300000000000001,1000.0,0.0003260221372647157,0.2702074345464304
0.8300000000000001,10000.0,0.0003260221372647157,0.9339569428735368
0.835,100.0,0.0003302638791285191,0.03154727445940789
0.835,1000.0,0.0003302638791285191,0.2731302351413263
0.835,10000.0,0.0003302638791285191,0.9353527306780979
0.84,100.0,0.0003345363881806804,0.031943372244820016
0.84,1000.0,0.0003345363881806804,0.2760606457101749
0.84,10000.0,0.0003345363881806804,0.9366934345690712
0.845,100.0,0.00033883972199874276,0.03234203086104204
0.845,1000.0,0.00033883972199874276,0.2789984730686989
0.845,10000.0,0.00033883972199874276,0.9379804420124648
0.85,100.0,0.00034317393799421654,0.032743249551187396
0.85,1000.0,0.00034317393799421654,0.28194352343430934
0.85,10000.0,0.00034317393799421654,0.9392151273623546
0.855,100.0,0.0003475390934108268,0.033147027491527585
0.855,1000.0,0.0003475390934108268,0.284895602451124
0.855,10000.0,0.0003475390934108268,0.9403988509341127
0.86,100.0,0.0003519352453227648,0.033553363791253295
0.86,1000.0,0.0003519352453227648,0.2878545152151221
0.86,10000.0,0.0003519352453227648,0.9415329581298006
0.865,100.0,0.0003563624506329243,0.03396225749223689
0.865,1000.0,0.0003563624506329243,0.29082006629941876
0.865,10000.0,0.0003563624506329243,0.9426187786152576
0.87,100.0,0.0003608207660711455,0.034373707568798144
0.87,1000.0,0.0003608207660711455,0.2937920597796667
0.87,10000.0,0.0003608207660711455,0.9436576255483223
0.875,100.0,0.0003653102481924422,0.034787712927471105
0.875,1000.0,0.0003653102481924422,0.2967702992595675
0.875,10000.0,0.0003653102481924422,0.9446507948575649
0.88,100.0,0.0003698309533752326,0.03520427240677388
0.88,1000.0,0.0003698309533752326,0.29975458789649506
0.88,10000.0,0.0003698309533752326,0.9455995645708184
0.885,100.0,0.0003743829378195641,0.0356233847769808
0.885,1000.0,0.0003743829378195641,0.30274472842722605
0.885,10000.0,0.0003743829378195641,0.9465051941927529
0.89,100.0,0.00037896625754533104,0.0360450487398963
0.89,1000.0,0.00037896625754533104,0.30574052319376477
0.89,10000.0,0.00037896625754533104,0.9473689241306408
0.895,100.0,0.0003835809683904926,0.036469262928631965
0.895,1000.0,0.0003835809683904926,0.3087417741692671
0.895,10000.0,0.0003835809683904926,0.9481919751674375
0.9,100.0,0.00038822712600928053,0.03689602590738504
0.9,1000.0,0.00038822712600928053,0.3117482829840474
0.9,10000.0,0.00038822712600928053,0.9489755479812128
0.905,100.0,0.0003929047858704087,0.037325336171220184
0.905,1000.0,0.0003929047858704087,0.31475985095167197
0.905,10000.0,0.0003929047858704087,0.9497208227099422
0.91,100.0,0.00039761400325527427,0.03775719214585305
0.91,1000.0,0.00039761400325527427,0.3177762790951274
0.91,10000.0,0.00039761400325527427,0.9504289585606011
0.915,100.0,0.00040235483325615717,0.03819159218743677
0.915,1000.0,0.00040235483325615717,0.32079736817306215
0.915,10000.0,0.00040235483325615717,0.9511010934614765
0.92,100.0,0.00040712733077441325,0.03862853458235049
0.92,1000.0,0.00040712733077441325,0.3238229187060911
0.92,10000.0,0.00040712733077441325,0.9517383437565551
0.925,100.0,0.00041193155051866563,0.039068017546990845
0.925,1000.0,0.00041193155051866563,0.32685273100316287
0.925,10000.0,0.00041193155051866563,0.9523418039408261
0.93,100.0,0.00041676754700299093,0.03951003922756572
0.93,1000.0,0.00041676754700299093,0.3298866051879806
0.93,10000.0,0.00041676754700299093,0.9529125464352948
0.935,100.0,0.00042163537454510035,0.0399545976998905
0.935,1000.0,0.00042163537454510035,0.33292434122546904
0.935,10000.0,0.00042163537454510035,0.9534516214004747
0.9400000000000001,100.0,0.0004265350872645208,0.04040169096918743
0.9400000000000001,1000.0,0.0004265350872645208,0.33596573894828946
0.9400000000000001,10000.0,0.0004265350872645208,0.9539600565871142
0.9450000000000001,100.0,0.0004314667390807657,0.04085131696988672
0.9450000000000001,1000.0,0.0004314667390807657,0.3390105980833845
0.9450000000000001,10000.0,0.0004314667390807657,0.954438857222872
0.9500000000000001,100.0,0.0004364303837115096,0.04130347356543136
0.9500000000000001,1000.0,0.0004364303837115096,0.3420587182785612
0.9500000000000001,10000.0,0.0004364303837115096,0.954889005933658
0.9550000000000001,100.0,0.0004414260746707525,0.04175815854808367
0.9550000000000001,1000.0,0.0004414260746707525,0.34510989912909357
0.9550000000000001,10000.0,0.0004414260746707525,0.9553114626983292
0.96,100.0,0.0004464538652669836,0.04221536963873511
0.96,1000.0,0.0004464538652669836,0.34816394020434765
0.96,10000.0,0.0004464538652669836,0.9557071648354303
0.965,100.0,0.0004515138086013418,0.0426751044867187
0.965,1000.0,0.0004515138086013418,0.35122064107441897
0.965,10000.0,0.0004515138086013418,0.9560770270206481
0.97,100.0,0.00045660595756577175,0.04313736066962427
0.97,1000.0,0.00045660595756577175,0.3542798013367781
0.97,10000.0,0.00045660595756577175,0.9564219413336625
0.975,100.0,0.00046173036484117467,0.04360213569311621
0.975,1000.0,0.00046173036484117467,0.3573412206429159
0.975,10000.0,0.00046173036484117467,0.9567427773330561
0.98,100.0,0.00046688708289555937,0.044069426990754425
0.98,1000.0,0.00046688708289555937,0.3604046987249871
0.98,10000.0,0.00046688708289555937,0.9570403821579676
0.985,100.0,0.00047207616398218583,0.04453923192381786
0.985,1000.0,0.00047207616398218583,0.3634700354224409
0.985,10000.0,0.00047207616398218583,0.9573155806551574
0.99,100.0,0.00047729766013770883,0.045011547781131055
0.99,1000.0,0.00047729766013770883,0.36653703070863686
0.99,10000.0,0.00047729766013770883,0.9575691755301812
0.995,100.0,0.00048255162318031525,0.045486371778893475
0.995,1000.0,0.00048255162318031525,0.36960548471743776
0.995,10000.0,0.00048255162318031525,0.9578019475213619
1.0,100.0,0.00048783810470786205,0.04596370106051204
1.0,1000.0,0.00048783810470786205,0.37267519776977526
1.0,10000.0,0.00048783810470786205,0.9580146555952751
