normalized_length,drift_exit_density_over_s_star,diffusive_exit_density_over_s_star,left_outward_flux_over_Ds_s_star_per_ell_s
0.0,0.0,0.0,0.0
0.008583690987124463,0.008546956293204011,3.683874453486169e-05,0.0085834801785993
0.017167381974248927,0.017020862124530023,0.0001473414084077751,0.017165695655140045
0.02575107296137339,0.025422341853083008,0.0003314672946197472,0.0257453824728258
0.034334763948497854,0.033752014501597816,0.0005891486154663284,0.034321278164451345
0.04291845493562232,0.04201049380204902,0.000920290553408809,0.04289212249486767
0.05150214592274678,0.05019838824087097,0.0013247713461493893,0.051456658200655946
0.060085836909871244,0.058316301103790935,0.00180244239577243,0.06001363172608922
0.06866952789699571,0.06636483052027953,0.002353128401765159,0.06856179395446904
0.07725321888412018,0.0743445695076208,0.0029766275177006696,0.07709990093393353
0.08583690987124463,0.08225610601460609,0.0036727115313208714,0.08562671459684562
0.09442060085836909,0.09010002296485409,0.0044411260677212905,0.09414100347188385
0.10300429184549356,0.09787689829976076,0.005281590815302772,0.10264154338797314
0.11158798283261803,0.10558730502108227,0.006193799774117714,0.11112711816921082
0.12017167381974249,0.11323181123315385,0.00717742152620382,0.11959652031996193
0.12875536480686695,0.12081098018474778,0.0082320995274614,0.12804855169931825
0.13733905579399142,0.12832537031057356,0.009357452420601708,0.13648202418413805
0.1459227467811159,0.13577553527242392,0.010553074368657267,0.14489576031990692
0.15450643776824036,0.14316202399996814,0.011818535408516628,0.15328859395868621
0.1630901287553648,0.15048538073119766,0.013153381823917787,0.16165937088344037
0.17167381974248927,0.15774614505252604,0.014557136537300841,0.17000694941806446
0.18025751072961374,0.16494485193854458,0.01602929951990506,0.17833020102246025
0.18884120171673818,0.17208203179144088,0.01756934821945566,0.18662801087204117
0.19742489270386265,0.17915821048007763,0.019176738004780036,0.194899278421076
0.20600858369098712,0.1861739093787398,0.02085090262665401,0.20314291794931413
0.2145922746781116,0.19312964540554878,0.022591254694172003,0.2113578590913688
0.22317596566523606,0.20002593106054956,0.024397186165910467,0.21954304734836624
0.2317596566523605,0.20686327446347152,0.026268068855140436,0.22769744458140562
0.24034334763948498,0.21364217939116714,0.028203254948325096,0.2358200294864074
0.24892703862660945,0.22036314531473,0.030202077536136573,0.24390979804996415
0.2575107296137339,0.22702666743629607,0.03226385115619934,0.2519657639858428
0.26609442060085836,0.23363323672553027,0.034387872346775206,0.25998695915182396
0.27467811158798283,0.24018333995580132,0.036573420210581964,0.26797243394659875
0.2832618025751073,0.2466774597400473,0.038819756987946374,0.2759212576864811
0.2918454935622318,0.25311607456633456,0.04112612863847387,0.2838325189617279
0.30042918454935624,0.25949965883311277,0.04349176543042954,0.291705325972296
0.3090128755364807,0.2658286828841687,0.045915882537010844,0.29953880684290185
0.31759656652360513,0.2721036130432817,0.04839768063870731,0.3073321099172818
0.3261802575107296,0.27832491164858186,0.05093634653093049,0.3150844040315896
0.33476394849785407,0.28449303708661555,0.053531053736117995,0.3227948787668985
0.34334763948497854,0.2906084438261194,0.05618096311950582,0.330462744680813
0.351931330472103,0.2966715824515055,0.058885223507784246,0.3380872335182248
0.3605150214592275,0.3026828996960609,0.06164297230985183,0.3456675984012827
0.36909871244635195,0.3086428384748623,0.06445333613889781,0.3532031139986763
0.37768240343347637,0.31455183791741126,0.06731543143505336,0.36069307667436507
0.38626609442060084,0.32041033339998815,0.07022836508786512,0.3681368046159143
0.3948497854077253,0.3262187565777315,0.07319123505785963,0.37553363794262773
0.4034334763948498,0.33197753541644226,0.07620313099648202,0.3828829387936959
0.41201716738197425,0.33768709422411636,0.07926313486370806,0.3901840913966046
0.4206008583690987,0.34334785368220777,0.08237032154265067,0.39743650211607595
0.4291845493562232,0.34896023087662453,0.08552375945049262,0.40463959948383627
0.43776824034334766,0.35452463932845957,0.0887225111451061,0.4117928342095318
0.44635193133047213,0.3600414890244593,0.09196563392673318,0.4188956791731332
0.45493562231759654,0.36551118644723113,0.09525218043412331,0.42594762939919223
0.463519313304721,0.37093413460519353,0.09858119923455033,0.4329482020133337
0.4721030042918455,0.3763107330622695,0.10195173540714875,0.43989693618138354
0.48068669527896996,0.38164137796732667,0.10536283111903288,0.44679339303155313
0.4892703862660944,0.3869264620833658,0.108813526193688,0.4536371555601144
0.4978540772532189,0.3921663748164592,0.11230285867114442,0.4604278285210158
0.5064377682403434,0.39736150224444267,0.1158298653594717,0.4671650382999031
0.5150214592274678,0.4025122271453615,0.11939358237714848,0.4738484327730207
0.5236051502145923,0.40761892902567387,0.12299304568589897,0.4804776811514809
0.5321888412017167,0.4126819841482128,0.12662729161359854,0.4870524738113971
0.5407725321888412,0.41770176555990934,0.13029535736688747,0.49357252211038855
0.5493562231759657,0.4226786431192786,0.13399628153314724,0.5000375581909663
0.5579399141630901,0.4276129835236714,0.13772910457152532,0.506447334771323
0.5665236051502146,0.432505150336292,0.14149286929271432,0.5128016249240476
0.575107296137339,0.43735550401298606,0.14528662132721826,0.5191002218432949
0.5836909871244635,0.4421644019287989,0.14910940958186114,0.5253429386009401
0.592274678111588,0.44693219840430665,0.15296028668431916,0.53152960789225
0.6008583690987125,0.4516592447317236,0.15683830941547772,0.5376600817716062
0.6094420600858369,0.4563458892007839,0.16074253912944236,0.543734231378809
0.6180257510729614,0.4609924771244055,0.16467204216105025,0.5497519466564986
0.6266094420600858,0.4655993508641314,0.16862589022075636,0.5557131360592172
0.6351931330472103,0.4701668498553554,0.1726031607767856,0.5616177262546423
0.6437768240343348,0.4746953106323324,0.17660293742446742,0.5674656618175098
0.6523605150214592,0.4791850668529729,0.18062431024268633,0.5732569049167454
0.6609442060085837,0.48363644932342853,0.18466637613740755,0.5789914349963156
0.6695278969957081,0.48804978602246474,0.18872823917224846,0.5846692484503008
0.6781115879828327,0.49242540212562724,0.19280901088609448,0.5902903582926922
0.6866952789699571,0.49676362002920005,0.1969078105977694,0.5958547938223974
0.6952789699570815,0.5010647593739606,0.20102376569779168,0.601362600283941
0.703862660944206,0.5053291370687306,0.20515601192726496,0.6068138385243286
0.7124463519313304,0.5095570673137256,0.20930369364396317,0.6122085846465404
0.721030042918455,0.513748861623706,0.21346596407569451,0.6175469296601056
0.7296137339055794,0.5179048288509289,0.21764198556103587,0.6228289791292001
0.7381974248927039,0.5220252752079046,0.22183092977754582,0.6280548528187018
0.7467811158798283,0.526110504289959,0.22603197795758045,0.6332246843386198
0.7553648068669527,0.5301608170976011,0.23024432109184634,0.6383386207873117
0.7639484978540773,0.5341765120587025,0.23446716012083724,0.6433968223938816
0.7725321888412017,0.5381578850504847,0.23869970611431413,0.6483994621601472
0.7811158798283262,0.5421052294213191,0.2429411804389976,0.6533467255025478
0.7896995708154506,0.5460188360123417,0.24719081491465222,0.6582388098943533
0.7982832618025751,0.5498989931788821,0.2514478519587521,0.6630759245085238
0.8068669527896996,0.5537459868117094,0.2557115447199231,0.667858289861552
0.8154506437768241,0.5575601003580966,0.2599811572003715,0.6725861374586148
0.8240343347639485,0.5613416148427055,0.2642559643675074,0.6772597094403399
0.8326180257510729,0.5650908088882922,0.2685352522549853,0.6818792582314863
0.8412017167381974,0.5688079587362367,0.2728183180533863,0.686445046191823
0.8497854077253219,0.5724933382668955,0.27710447019077455,0.690957345269474
0.8583690987124464,0.5761472190197819,0.281393028403362,0.6954164366569924
0.8669527896995708,0.5797698702135727,0.2856833237965233,0.6998226104504037
0.8755364806866953,0.5833615587659449,0.2899746988964049,0.7041761653114574
0.8841201716738197,0.586922549313241,0.29426650769237384,0.7084774081333023
0.8927038626609443,0.5904531042299688,0.2985581156705598,0.7127266537097964
0.9012875536480687,0.5939534836481326,0.302848899838737,0.7169242244086473
0.9098712446351931,0.5974239454763998,0.30713824874280615,0.7210704498485667
0.9184549356223176,0.6008647454191034,0.31142556247512554,0.7251656665806115
0.927038626609442,0.6042761369950832,0.3157102526749497,0.7292102177738726
0.9356223175965666,0.6076583715563642,0.31999174252123197,0.7332044529056609
0.944206008583691,0.6110116983066763,0.3242694667180446,0.7371487274563282
0.9527896995708155,0.6143363643198168,0.3285428714728731,0.7410434026088523
0.9613733905579399,0.6176326145578535,0.3328114144680395,0.7448888449533003
0.9699570815450643,0.6209006918891742,0.33707456482550535,0.748685426196281
0.9785407725321889,0.6241408371063812,0.34133180306530786,0.7524335228754774
0.9871244635193133,0.6273532889440332,0.34558262105787874,0.7561335160793522
0.9957081545064378,0.6305382840962348,0.34982652197049147,0.7597857911720988
1.0042918454935623,0.6336960572340765,0.3540630202080828,0.7633907375239081
1.0128755364806867,0.6368268410229252,0.3582916413486904,0.7669487482466102
1.0214592274678111,0.6399308661395671,0.36251192207374594,0.7704602199347415
1.0300429184549356,0.6430083612892039,0.3667234100934579,0.7739255524120787
1.03862660944206,0.6460595532223044,0.37092566406751815,0.7773451484836752
1.0472103004291846,0.6490846667513104,0.37511825352136063,0.7807194136934251
1.055793991416309,0.6520839247672021,0.3793007587581947,0.7840487560871755
1.0643776824034334,0.6550575482559199,0.383472770767038,0.7873335859813976
1.0729613733905579,0.6580057563146471,0.3876338911269618,0.7905743157374229
1.0815450643776825,0.6609287661679533,0.39178373190776306,0.7937713595412422
1.090128755364807,0.6638267931837984,0.3959219155672705,0.7969251331888612
1.0987124463519313,0.6667000508894028,0.40004807484549,0.8000360538771969
1.1072961373390557,0.6695487509869782,0.40416185265578475,0.8031045400004991
1.1158798283261802,0.6723731033693271,0.4082629019732885,0.8061310109522681
1.1244635193133048,0.6751733161353075,0.4123508857207375,0.8091158869326435
1.1330472103004292,0.6779495956051654,0.41642547665191,0.8120595887612247
1.1416309012875536,0.6807021463357368,0.42048635723284933,0.8149625376952901
1.150214592274678,0.683431171135519,0.42453321952104894,0.8178251552533651
1.1587982832618027,0.6861368710796145,0.42856576504276667,0.8206478630440961
1.167381974248927,0.6888194455245453,0.43258370466863594,0.8234310826003778
1.1759656652360515,0.691479092122942,0.4365867584877332,0.8261752352186793
1.184549356223176,0.6941160068381068,0.440574655680257,0.82888074180351
1.1931330472103003,0.6967303839584522,0.44454713438896987,0.8315480227169655
1.201716738197425,0.6993224161118161,0.44850394158954776,0.8341774976332885
1.2103004291845494,0.7018922942796546,0.4524448329599793,0.8367695853983789
1.2188841201716738,0.7044402078111137,0.45636957274915035,0.8393247038941833
1.2274678111587982,0.7069663444369805,0.460277933644745,0.841843269907893
1.2360515021459229,0.7094708902835155,0.4641696966405897,0.8443256990058767
1.2446351931330473,0.7119540298861657,0.4680446509035625,0.8467724054122733
1.2532188841201717,0.7144159462031623,0.47190259364018594,0.8491838018921684
1.261802575107296,0.7168568206289998,0.47574332996301405,0.8515602996392744
1.2703862660944205,0.7192768330078025,0.4795666727569239,0.8539023081680369
1.2789699570815452,0.7216761616465748,0.48337244254541467,0.8562102352100851
1.2875536480686696,0.7240549833283382,0.48716046735701435,0.858484486614944
1.296137339055794,0.7264134733251584,0.4909305825918885,0.8607254662549295
1.3047210300429184,0.7287518054110577,0.49468263088874287,0.8629335759341373
1.3133047210300428,0.7310701518748198,0.4984164619921079,0.865109215301447
1.3218884120171674,0.7333686835326838,0.5021319326200853,0.8672527817674548
1.3304721030042919,0.7356475697409293,0.5058289063326384,0.8693646704252501
1.3390557939914163,0.7379069784083558,0.5095072534005023,0.871445273974953
1.3476394849785407,0.7401470760086534,0.51316685067478,0.8734949826519257
1.3562231759656653,0.7423680275926687,0.5168075814572994,0.8755141841585753
1.3648068669527897,0.7445699968005661,0.5204293353717908,0.8775032635996619
1.3733905579399142,0.7467531458738846,0.5240320082359458,0.8794626034210284
1.3819742489270386,0.7489176356674919,0.5276155019344178,0.8813925833516685
1.390557939914163,0.7510636256614361,0.5311797242928153,0.8832935803490476
1.3991416309012876,0.7531912739726966,0.5347245889527403,0.8851659685475959
1.407725321888412,0.7553007373668332,0.5382500152479182,0.8870101192102896
1.4163090128755365,0.7573921712695382,0.5417559280814661,0.8888264006832389
1.4248927038626609,0.7594657297780866,0.5452422578043399,0.8906151783532018
1.4334763948497855,0.761521565672691,0.5487089400949974,0.8923768146079432
1.44206008583691,0.7635598304277582,0.5521559158403176,0.8941116687993593
1.4506437768240343,0.7655806742230499,0.555583131017806,0.8958200972092909
1.4592274678111588,0.7675842459547478,0.5589905365791189,0.8975024530179438
1.4678111587982832,0.7695706932464246,0.562378088334934,0.8991590862748444
1.4763948497854078,0.7715401624599207,0.5657457468411943,0.9007903438722508
1.4849785407725322,0.7734927987061283,0.569093477286748,0.902396569520947
1.4935622317596566,0.775428745855683,0.5724212493824066,0.9039781037283469
1.502145922746781,0.7773481465495644,0.5757290372514412,0.9055352837788327
1.5107296137339055,0.7792511422096062,0.5790168193215314,0.907068443716261
1.51931330472103,0.7811378730489154,0.5822845782181858,0.9085779143285627
1.5278969957081545,0.783008478082204,0.5855323006596449,0.9100640231343688
1.536480686695279,0.7848630951360311,0.5887599773532792,0.9115270943715961
1.5450643776824033,0.7867018608589587,0.591967602893491,0.9129674489879233
1.553648068669528,0.788524910731619,0.5951551756611304,0.9143854046330955
1.5622317596566524,0.7903323790766972,0.5983226977244274,0.9157812756529904
1.5708154506437768,0.7921243990688287,0.6014701747414518,0.9171553730853846
1.5793991416309012,0.793901102744411,0.6045976158640977,0.9185080046573597
1.5879828326180256,0.795662621011332,0.6077050336435982,0.9198394747842852
1.5965665236051503,0.7974090836586161,0.6107924439375712,0.921150084570322
1.6051502145922747,0.799140619365986,0.6138598658185932,0.9224401318103876
1.613733905579399,0.8008573557133449,0.6169073214843032,0.9237099109935267
1.6223175965665235,0.802559419190176,0.6199348361690288,0.9249597133076322
1.6309012875536482,0.8042469352048625,0.6229424380569359,0.9261898266454628
1.6394849785407726,0.8059200280939272,0.6259301581966918,0.9274005356119048
1.648068669527897,0.8075788211311946,0.62889803041764,0.9285921215324268
1.6566523605150214,0.8092234365368731,0.6318460912474769,0.9297648624626761
1.6652360515021458,0.8108539954865601,0.6347743798314227,0.9309190331991704
1.6738197424892705,0.8124706181201706,0.6376829378528799,0.9320549052910349
1.6824034334763949,0.8140734235507892,0.6405718094555679,0.9331727470527391
1.6909871244635193,0.8156625298734456,0.6434410411671231,0.9342728235777892
1.6995708154506437,0.817238054173817,0.6462906818241568,0.9353553967533305
1.7081545064377683,0.8188001125368543,0.649120782498755,0.9364207252756178
1.7167381974248928,0.8203488200553353,0.6519313964264111,0.937469064666313
1.7253218884120172,0.8218842908383448,0.654722578935377,0.9385006672895673
1.7339055793991416,0.8234066380196825,0.6574943873774224,0.9395157823698508
1.742489270386266,0.8249159737661983,0.6602468810599826,0.94051465601049
1.7510729613733906,0.8264124092860567,0.662980121179688,0.9414975312128769
1.759656652360515,0.8278960548369314,0.6656941707572537,0.9424646478963122
1.7682403433476395,0.8293670197341281,0.6683890945737212,0.9434162429184499
1.7768240343347639,0.8308254123586396,0.6710649591080298,0.944352550096307
1.7854077253218885,0.8322713401651312,0.6737218324759076,0.9452738002278072
1.793991416309013,0.8337049096898574,0.6763597843700633,0.9461802211138257
1.8025751072961373,0.8351262265585127,0.6789788860016639,0.9470720375807045
1.8111587982832618,0.8365353954940127,0.6815792100430811,0.9479494715032082
1.8197424892703862,0.8379325203242112,0.6841608305718899,0.9488127418278918
1.8283261802575108,0.83931770398955,0.6867238230161035,0.9496620645968514
1.8369098712446352,0.8406910485506429,0.6892682641006255,0.9504976529718321
1.8454935622317596,0.8420526551957968,0.6917942317949051,0.9513197172586656
1.854077253218884,0.8434026242484658,0.694301805261776,0.9521284649320128
1.8626609442060085,0.8447410551746446,0.6967910648074622,0.952924100660387
1.871244635193133,0.846068046590196,0.6992620918327335,0.9537068263314344
1.8798283261802575,0.847383696268117,0.7017149687851932,0.9544768410774469
1.888412017167382,0.8486881011457438,0.7041497791126814,0.9552343413010888
1.8969957081545064,0.8499813573318928,0.7065666072177742,0.955979520701313
1.905579399141631,0.8512635601139429,0.708965538413364,0.9567125702994483
1.9141630901287554,0.8525348039648558,0.711346658879301,0.9574336784654368
1.9227467811158798,0.853795182550137,0.7137100556200813,0.9581430309442026
1.9313304721030042,0.8550447887347368,0.7160558164235606,0.9588408108821346
1.9399141630901287,0.8562837145898932,0.7183840298206795,0.9595271988536647
1.9484978540772533,0.857512051399915,0.7206947850461807,0.9602023728879245
1.9570815450643777,0.8587298896689082,0.7229881720003029,0.9608665084954654
1.9656652360515021,0.8599373191274442,0.7252642812114323,0.9615197786950246
1.9742489270386265,0.8611344287391709,0.727523203799697,0.9621623540403245
1.9828326180257512,0.862321306707368,0.7297650314414843,0.9627944026468881
1.9914163090128756,0.8634980404814455,0.7319898563348667,0.96341609021886
2.0,0.8646647167633873,0.7341977711659202,0.9640275800758169
2.0085836909871246,0.8658214215141391,0.7363888690759157,0.9646290331795562
2.017167381974249,0.8669682399599419,0.7385632436293685,0.9652206081608511
2.0257510729613735,0.8681052565986123,0.740720988782932,0.9658024613461593
2.0343347639484977,0.8692325552057673,0.7428621988551138,0.9663747467842757
2.0429184549356223,0.8703502188409976,0.7449869684968065,0.9669376162729172
2.051502145922747,0.8714583298539871,0.7470953926626069,0.96749121938523
2.060085836909871,0.8725569698905804,0.7491875665829197,0.9680357034962103
2.0686695278969958,0.8736462198987991,0.7512635857368198,0.968571213809029
2.07725321888412,0.8747261601348052,0.7533235458256649,0.9690978933812503
2.0858369098712446,0.8757968701688148,0.7553675427474396,0.9696158831509384
2.0944206008583692,0.8768584288909611,0.7573956725718193,0.9701253219626421
2.1030042918454934,0.8779109145171066,0.7594080315159345,0.9706263465932513
2.111587982832618,0.878954404594606,0.7614047159208269,0.9711190917777174
2.1201716738197427,0.8799889760080208,0.7633858222285771,0.9716036902346313
2.128755364806867,0.881014704984783,0.7653514469600939,0.972080272691653
2.1373390557939915,0.882031667100812,0.7673016866935508,0.9725489679107853
2.1459227467811157,0.8830399372860834,0.7692366380434521,0.973009902713488
2.1545064377682404,0.8840395898301497,0.7711563976403216,0.9734632020056256
2.163090128755365,0.8850306983876135,0.7730610621109939,0.9739089888022442
2.171673819742489,0.8860133359835547,0.7749507280595,0.9743473842521726
2.180257510729614,0.8869875750189113,0.776825492048532,0.9747785076624433
2.188841201716738,0.8879534872758137,0.7786854505814742,0.9752024765225296
2.1974248927038627,0.8889111439228733,0.7805307000849888,0.9756194065283936
2.2060085836909873,0.8898606155204265,0.7823613368921436,0.9760294116063435
2.2145922746781115,0.8908019720257339,0.784177457226069,0.9764326039366951
2.223175965665236,0.891735282798134,0.7859791571841336,0.9768290939772352
2.2317596566523603,0.8926606166041544,0.7877665327226244,0.9772189904864842
2.240343347639485,0.8935780416225781,0.7895396796419238,0.977602400546754
2.2489270386266096,0.8944876254494671,0.7912986935721671,0.977979429587001
2.257510729613734,0.8953894351031427,0.7930436699593737,0.9783501814054697
2.2660944206008584,0.8962835370291236,0.7947747040520395,0.9787147581921262
2.2746781115879826,0.8971699971050213,0.7964918908881781,0.9790732605508797
2.2832618025751072,0.8980488806453948,0.7981953252828029,0.9794257875215898
2.291845493562232,0.8989202524065618,0.7998851018158379,0.9797724366018583
2.300429184549356,0.899784176591371,0.8015613148204483,0.9801133037686055
2.3090128755364807,0.900640716853932,0.8032240583717793,0.9804484834994275
2.3175965665236054,0.9014899363043055,0.8048734262760944,0.9807780687937354
2.3261802575107295,0.9023318975131533,0.8065095120603036,0.9811021511936758
2.334763948497854,0.9031666625163486,0.8081324089618723,0.9814208208048298
2.3433476394849784,0.9039942928195464,0.8097422099190993,0.9817341663166929
2.351931330472103,0.904814849402716,0.8113390075617586,0.982042275022933
2.3605150214592276,0.9056283927246329,0.8129228942020927,0.9823452328414276
2.369098712446352,0.9064349827273349,0.8144939618261511,0.9826431243340802
2.3776824034334765,0.9072346788405372,0.8160523020854633,0.9829360327264142
2.3862660944206007,0.9080275399860122,0.8175980062890396,0.9832240399269471
2.3948497854077253,0.9088136245819303,0.8191311653956908,0.9835072265463427
2.40343347639485,0.9095929905471641,0.8206518700066588,0.9837856719163436
2.412017167381974,0.9103656953055568,0.8221602103585497,0.9840594541084826
2.4206008583690988,0.9111317957901519,0.8236562763165625,0.9843286499525753
2.429184549356223,0.9118913484473891,0.8251401573680055,0.9845933350549932
2.4377682403433476,0.9126444092412623,0.8266119426160929,0.984853583816719
2.4463519313304722,0.9133910336574443,0.8280717207740139,0.985109469451183
2.4549356223175964,0.9141312767073737,0.829519580159268,0.9853610640018854
2.463519313304721,0.9148651929323091,0.8309556086882592,0.9856084383597997
2.4721030042918457,0.9155928364073469,0.8323798938711424,0.9858516622805636
2.48068669527897,0.9163142607454067,0.8337925228069142,0.9860908044014557
2.4892703862660945,0.9170295191011801,0.8351935821787438,0.9863259322581586
2.4978540772532187,0.9177386641750485,0.8365831582495357,0.9865571123013122
2.5064377682403434,0.9184417482169649,0.8379613368577185,0.9867844099128554
2.515021459227468,0.9191388230303046,0.8393282034132538,0.9870078894221602
2.523605150214592,0.9198299399756816,0.8406838428938597,0.987227614121957
2.532188841201717,0.920515149974733,0.8420283398414421,0.9874436462840546
2.540772532188841,0.9211945035138708,0.8433617783587285,0.9876560471748553
2.5493562231759657,0.921868050648002,0.8446842421060989,0.9878648770706666
2.5579399141630903,0.9225358410042164,0.8459958142986084,0.9880701952728113
2.5665236051502145,0.9231979237854431,0.8472965777031949,0.9882720601225371
2.575107296137339,0.9238543477740763,0.8485866146360698,0.9884705290157284
2.5836909871244633,0.9245051613355687,0.8498660069602819,0.9886656584174197
2.592274678111588,0.9251504124219961,0.8511348360834546,0.9888575038761147
2.6008583690987126,0.9257901485755897,0.8523931829556868,0.9890461200379115
2.609442060085837,0.9264244169322393,0.8536411280676168,0.9892315606604352
2.6180257510729614,0.9270532642249665,0.8548787514486421,0.9894138786265811
2.6266094420600856,0.9276767367873675,0.8561061326652903,0.9895931259580683
2.6351931330472103,0.9282948805570278,0.8573233508197398,0.9897693538288064
2.643776824034335,0.9289077410789058,0.8585304845484807,0.9899426125780789
2.652360515021459,0.9295153635086896,0.8597276120211175,0.9901129517235404
2.6609442060085837,0.9301177926161232,0.860914810939305,0.9902804199740348
2.6695278969957084,0.9307150727883058,0.8620921585358161,0.9904450652422322
2.6781115879828326,0.9313072480329619,0.8632597315737347,0.9906069346570884
2.686695278969957,0.9318943619816842,0.8644176063457746,0.9907660745761285
2.6952789699570814,0.9324764578931475,0.8655658586737145,0.990922530597556
2.703862660944206,0.933053578656297,0.866704563907951,0.9910763475721891
2.7124463519313307,0.9336257667935081,0.8678337969271628,0.991227569615227
2.721030042918455,0.9341930644637189,0.868953632138083,0.9913762401178471
2.7296137339055795,0.9347555134655372,0.8700641434753777,0.9915224017586354
2.7381974248927037,0.9353131552403198,0.8711654044016255,0.9916660965148518
2.7467811158798283,0.935866030875226,0.8722574879073963,0.9918073656735319
2.755364806866953,0.9364141811062452,0.8733404665114253,0.9919462498424281
2.763948497854077,0.9369576463211977,0.8744144122608789,0.99208278896079
2.772532188841202,0.9374964665627111,0.8754793967317115,0.9922170223099892
2.781115879828326,0.9380306815311704,0.8765354910291067,0.9923489885239851
2.7896995708154506,0.9385603305876431,0.8775827657880041,0.9924787255996399
2.7982832618025753,0.9390854527567795,0.8786212911737055,0.9926062709068796
2.8068669527896994,0.9396060867296876,0.8796511368825598,0.9927316611987046
2.815450643776824,0.9401222708667845,0.8806723721427242,0.992854932621053
2.8240343347639483,0.9406340432006224,0.8816850657149959,0.9929761207225153
2.832618025751073,0.9411414414386909,0.8826892858937175,0.9930952604639064
2.8412017167381975,0.9416445029661954,0.8836851005077473,0.9932123862276926
2.8497854077253217,0.9421432648488115,0.8846725769214969,0.9933275318272781
2.8583690987124464,0.9426377638354162,0.8856517820360321,0.9934407305161516
2.866952789699571,0.9431280363607953,0.8866227822902334,0.9935520149968959
2.875536480686695,0.9436141185483283,0.8875856436620169,0.9936614174300605
2.88412017167382,0.9440960462126495,0.8885404316696108,0.9937689694428999
2.892703862660944,0.9445738548622873,0.8894872113728867,0.9938747021379802
2.9012875536480687,0.9450475797022801,0.8904260473747435,0.9939786461016545
2.9098712446351933,0.9455172556367706,0.8913570038225417,0.9940808314124082
2.9184549356223175,0.9459829172715768,0.8922801444095863,0.9941812876490789
2.927038626609442,0.946444598916743,0.8931955323766566,0.9942800438989481
2.9356223175965663,0.9469023345890667,0.8941032305135803,0.9943771287657114
2.944206008583691,0.947356158014605,0.8950033011608517,0.9944725703773238
2.9527896995708156,0.9478061026311606,0.8958958062112901,0.9945663963937263
2.96137339055794,0.9482522015907441,0.8967808071117382,0.9946586340144522
2.9699570815450644,0.9486944877620175,0.8976583648648002,0.9947493099861159
2.9785407725321886,0.949132993732716,0.8985285400306128,0.9948384506097867
2.9871244635193133,0.9495677518120486,0.8993913927286549,0.9949260817482474
2.995708154506438,0.949998794033079,0.900246982639588,0.9950122288331402
3.004291845493562,0.9504261521550857,0.9010953690071298,0.9950969168720021
3.0128755364806867,0.9508498576659022,0.9019366106399579,0.9951801704551898
3.021459227467811,0.9512699417842365,0.9027707659136421,0.9952620137626976
3.0300429184549356,0.9516864354619718,0.9035978927726059,0.9953424705708673
3.03862660944206,0.9520993693864473,0.9044180487321124,0.9954215642589943
3.0472103004291844,0.9525087739827183,0.9052312908802769,0.9954993178158291
3.055793991416309,0.9529146794157987,0.9060376758801029,0.995575753845978
3.0643776824034337,0.9533171155928833,0.9068372599715402,0.9956508945762012
3.072961373390558,0.9537161121655516,0.907630098973566,0.9957247618616134
3.0815450643776825,0.9541116985319522,0.9084162482862842,0.9957973771917862
3.0901287553648067,0.954503903838969,0.9091957628930466,0.995868761696753
3.0987124463519313,0.9548927569843687,0.9099686973625897,0.9959389361529205
3.107296137339056,0.9552782866189302,0.9107351058511902,0.9960079209888854
3.11587982832618,0.9556605211485555,0.9114950421048366,0.9960757362911594
3.124463519313305,0.9560394887363622,0.9122485594614151,0.9961424018098031
3.133047210300429,0.9564152173047594,0.9129957108529108,0.9962079369639703
3.1416309012875536,0.9567877345375044,0.9137365488076209,0.9962723608473638
3.1502145922746783,0.9571570678817427,0.9144711254523814,0.9963356922336054
3.1587982832618025,0.9575232445500301,0.9151994925148046,0.996397949581518
3.167381974248927,0.9578862915223382,0.9159217013255275,0.9964591510403255
3.1759656652360513,0.9582462355480414,0.9166378028204698,0.9965193144547682
3.184549356223176,0.9586031031478891,0.9173478475431017,0.9965784573701368
3.1931330472103006,0.9589569206159584,0.9180518856467184,0.9966365970372257
3.2017167381974247,0.9593077140215922,0.9187499668967235,0.9966937504172063
3.2103004291845494,0.9596555092113203,0.919442140672919,0.9967499341864228
3.218884120171674,0.9600003318107627,0.9201284559718003,0.9968051647411099
3.227467811158798,0.9603422072265188,0.9208089614088576,0.9968594582020357
3.236051502145923,0.9606811606480387,0.9214837052208822,0.9969128304190686
3.244635193133047,0.9610172170494794,0.9221527352682755,0.9969652969756715
3.2532188841201717,0.9613504011915449,0.9228160990373627,0.9970168731933226
3.2618025751072963,0.9616807376233106,0.9234738436427092,0.9970675741358654
3.2703862660944205,0.9620082506840321,0.9241260158294389,0.9971174146137883
3.278969957081545,0.962332964504938,0.9247726619755537,0.9971664091884341
3.2875536480686693,0.9626549030110089,0.9254138280942554,0.9972145721761424
3.296137339055794,0.9629740899227393,0.9260495598362676,0.9972619176523237
3.3047210300429186,0.9632905487578857,0.9266799024921569,0.9973084594554688
3.313304721030043,0.9636043028331995,0.9273049009946553,0.9973542111910909
3.3218884120171674,0.9639153752661448,0.9279245999209805,0.9973991862356061
3.3304721030042916,0.9642237889766018,0.9285390434951548,0.9974433977401488
3.3390557939914163,0.9645295666885552,0.9291482755903238,0.9974868586343257
3.347639484978541,0.9648327309317691,0.9297523397310703,0.9975295816299089
3.356223175965665,0.9651333040434467,0.9303512790957283,0.9975715792244679
3.3648068669527897,0.9654313081698758,0.9309451365186918,0.9976128637049433
3.373390557939914,0.965726765268061,0.9315339544927213,0.9976534471511614
3.3819742489270386,0.9660196971073416,0.932117775171246,0.9976933414392913
3.390557939914163,0.966310125270995,0.932696640370663,0.9977325582452464
3.3991416309012874,0.9665980711578274,0.9332705915726294,0.9977711090480287
3.407725321888412,0.9668835559837501,0.9338396699263525,0.9978090051330194
3.4163090128755367,0.9671666007833434,0.9344039162508728,0.9978462575952156
3.424892703862661,0.9674472264114055,0.9349633710373425,0.9978828773424131
3.4334763948497855,0.9677254535444897,0.9355180744512979,0.9979188750983377
3.4420600858369097,0.9680013026824279,0.936068066334925,0.9979542614057242
3.4506437768240343,0.9682747941498406,0.9366133862093204,0.9979890466293461
3.459227467811159,0.9685459480976348,0.937154073276744,0.9980232409589944
3.467811158798283,0.9688147845044885,0.9376901664228654,0.9980568544124075
3.476394849785408,0.9690813231783229,0.9382217042190029,0.9980898968381533
3.484978540772532,0.9693455837577615,0.9387487249243559,0.9981223779184634
3.4935622317596566,0.9696075857135775,0.9392712664882285,0.9981543071720205
3.5021459227467813,0.9698673483501286,0.9397893665522461,0.9981856939567008
3.5107296137339055,0.9701248908067783,0.9403030624525635,0.9982165474722694
3.51931330472103,0.9703802320593075,0.9408123912220654,0.998246876763033
3.5278969957081543,0.9706333909213114,0.9413173895925572,0.9982766907204477
3.536480686695279,0.9708843860455866,0.9418180939969485,0.9983059980856832
3.5450643776824036,0.9711332359255047,0.942314540571427,0.9983348074521465
3.5536480686695278,0.9713799588963757,0.9428067651576237,0.998363127267962
3.5622317596566524,0.9716245731367981,0.9432948033047687,0.9983909658384109
3.570815450643777,0.9718670966699988,0.9437786902718379,0.9984183313283316
3.5793991416309012,0.9721075473651614,0.9442584610296901,0.9984452317644776
3.587982832618026,0.9723459429387415,0.9447341502631948,0.9984716750378394
3.59656652360515,0.9725823009557739,0.9452057923733499,0.9984976689059256
3.6051502145922747,0.9728166388311651,0.9456734214793895,0.9985232209950071
3.6137339055793993,0.9730489738309775,0.9461370714208822,0.998548338802324
3.6223175965665235,0.9732793230737011,0.9465967757598186,0.9985730296982553
3.630901287553648,0.9735077035315151,0.9470525677826895,0.998597300928454
3.6394849785407724,0.9737341320315378,0.9475044805025528,0.9986211596159442
3.648068669527897,0.9739586252570673,0.9479525466610903,0.9986446127631862
3.6566523605150216,0.9741811997488101,0.9483967987306546,0.9986676672541048
3.665236051502146,0.9744018719061,0.9488372689163046,0.9986903298560857
3.6738197424892705,0.9746206579881064,0.9492739891578309,0.9987126072219376
3.6824034334763946,0.9748375741150324,0.9497069911317695,0.9987345058918211
3.6909871244635193,0.9750526362693022,0.9501363062534064,0.9987560322951475
3.699570815450644,0.975265860296739,0.9505619656787694,0.998777192752444
3.708154506437768,0.9754772619077329,0.9509840003066098,0.9987979934771883
3.7167381974248928,0.9756868566783972,0.9514024407803737,0.9988184405776132
3.725321888412017,0.9758946600517173,0.9518173174901612,0.9988385400584802
3.7339055793991416,0.976100687338688,0.9522286605746746,0.9988582978228244
3.742489270386266,0.9763049537194419,0.952636499923156,0.9988777196736699
3.7510729613733904,0.9765074742443672,0.9530408651773135,0.9988968113157157
3.759656652360515,0.9767082638352177,0.9534417857332356,0.9989155783569951
3.7682403433476397,0.9769073372862109,0.9538392907432951,0.9989340263105057
3.776824034334764,0.9771047092651194,0.954233409118041,0.9989521605958132
3.7854077253218885,0.9773003943143506,0.9546241695280798,0.9989699865406285
3.7939914163090127,0.9774944068520188,0.9550116004059443,0.9989875093823574
3.8025751072961373,0.9776867611730072,0.9553957299479526,0.999004734269625
3.811158798283262,0.9778774714500214,0.9557765861160538,0.9990216662637749
3.819742489270386,0.9780665517346332,0.9561541966396637,0.9990383103403426
3.828326180257511,0.9782540159583165,0.9565285890174893,0.9990546713905049
3.836909871244635,0.9784398779334734,0.9568997905193396,0.999070754222504
3.8454935622317596,0.9786241513544522,0.957267828187928,0.9990865635630496
3.8540772532188843,0.9788068497985558,0.9576327288406611,0.9991021040586948
3.8626609442060085,0.9789879867270429,0.9579945190714164,0.9991173802771917
3.871244635193133,0.9791675754861191,0.9583532252523097,0.9991323967088221
3.8798283261802573,0.9793456293079207,0.9587088735354491,0.9991471577677076
3.888412017167382,0.9795221613114895,0.9590614898546794,0.9991616677930961
3.8969957081545066,0.9796971845037395,0.9594110999273143,0.9991759310506281
3.9055793991416308,0.9798707117804151,0.9597577292558567,0.9991899517335805
3.9141630901287554,0.9800427559270412,0.9601014031297079,0.999203733964091
3.9227467811158796,0.9802133296198655,0.9604421466268666,0.9992172817943601
3.9313304721030042,0.9803824454267925,0.9607799846156141,0.9992305992078347
3.939914163090129,0.9805501158083093,0.9611149417561905,0.9992436901203707
3.948497854077253,0.9807163531184035,0.9614470425024578,0.9992565583813762
3.9570815450643777,0.9808811696054741,0.961776311103553,0.9992692077749357
3.9656652360515023,0.9810445774132334,0.9621027716055288,0.9992816420209155
3.9742489270386265,0.9812065885816017,0.962426447852984,0.9992938647760504
3.982832618025751,0.9813672150475949,0.9627473634906818,0.9993058796350117
3.9914163090128754,0.9815264686462037,0.963065541965157,0.9993176901314579
4.0,0.9816843611112658,0.9633810065263134,0.999329299739067
4.008583690987124,0.98184090407633,0.9636937802290075,0.9993407118725527
4.017167381974249,0.9819961090755136,0.9640038859346233,0.9993519298886616
4.0257510729613735,0.9821499875443529,0.9643113463126347,0.9993629570871553
4.034334763948498,0.9823025508206444,0.9646161838421581,0.999373796711775
4.042918454935623,0.9824538101452815,0.9649184208134922,0.9993844519511902
4.051502145922747,0.9826037766630821,0.9652180793296485,0.9993949259399316
4.060085836909871,0.9827524614236095,0.9655151813078698,0.9994052217593077
4.068669527896995,0.9828998753819873,0.9658097484811384,0.9994153424383062
4.07725321888412,0.9830460293997058,0.966101802399673,0.9994252909544811
4.085836909871245,0.9831909342454228,0.9663913644324151,0.9994350702348228
4.094420600858369,0.9833346005957567,0.9666784557685044,0.9994446831566159
4.103004291845494,0.9834770390360736,0.9669630974187434,0.9994541325482809
4.111587982832618,0.9836182600612666,0.967245310217052,0.9994634211902018
4.120171673819742,0.9837582740765296,0.96752511482191,0.9994725518155413
4.128755364806867,0.9838970913981236,0.9678025317177908,0.9994815271110398
4.1373390557939915,0.9840347222541374,0.9680775812165833,0.999490349717803
4.145922746781116,0.9841711767852401,0.9683502834590032,0.9994990222320753
4.15450643776824,0.9843064650454295,0.9686206584159952,0.999507547206
4.163090128755365,0.9844405970027721,0.9688887258901228,0.9995159271483671
4.171673819742489,0.9845735825401377,0.9691545055169497,0.9995241645253485
4.180257510729613,0.9847054314559279,0.9694180167664096,0.9995322617612201
4.1888412017167385,0.9848361534647976,0.969679278944166,0.9995402212390726
4.197424892703863,0.9849657581983707,0.969938311192962,0.9995480453015096
4.206008583690987,0.9850942552059507,0.9701951324939603,0.9995557362513345
4.214592274678112,0.9852216539552231,0.9704497616680721,0.9995632963522251
4.223175965665236,0.9853479638329536,0.9707022173772766,0.9995707278293976
4.23175965665236,0.9854731941456799,0.9709525181259304,0.9995780328702585
4.240343347639485,0.9855973541203966,0.9712006822620673,0.9995852136250464
4.24892703862661,0.985720452905236,0.9714467279786876,0.999592272207462
4.257510729613734,0.9858424995701418,0.9716906733150372,0.9995992106952886
4.266094420600858,0.9859635031075368,0.971932536157879,0.9996060311310008
4.274678111587983,0.9860834724329863,0.9721723342427515,0.9996127355223636
4.283261802575107,0.9862024163858548,0.9724100851552202,0.9996193258430219
4.291845493562231,0.9863203437299567,0.9726458063321185,0.9996258040330792
4.3004291845493565,0.9864372631542029,0.9728795150627787,0.999632171999666
4.309012875536481,0.98655318327324,0.9731112284902539,0.9996384316175007
4.317596566523605,0.9866681126280864,0.9733409636125302,0.9996445847294385
4.32618025751073,0.9867820596867601,0.9735687372837304,0.9996506331470127
4.334763948497854,0.9868950328449035,0.9737945662153065,0.9996565786509665
4.343347639484978,0.987007040426402,0.9740184669772248,0.999662422991775
4.351931330472103,0.9871180906839969,0.9742404559991409,0.9996681678901593
4.360515021459228,0.9872281917998939,0.9744605495715652,0.9996738150375919
4.369098712446352,0.9873373518863653,0.9746787638470202,0.9996793660967925
4.377682403433476,0.9874455789863488,0.9748951148411878,0.9996848227022169
4.386266094420601,0.9875528810740389,0.9751096184340484,0.999690186460536
4.394849785407725,0.9876592660554754,0.9753222903710104,0.9996954589511083
4.4034334763948495,0.9877647417691253,0.9755331462640312,0.9997006417264434
4.412017167381975,0.9878693159864607,0.9757422015927292,0.9997057363126572
4.420600858369099,0.9879729964125311,0.9759494717054871,0.9997107442099213
4.429184549356223,0.9880757906865314,0.9761549718205466,0.9997156668929026
4.437768240343348,0.9881777063823646,0.9763587170270936,0.9997205058111966
4.446351931330472,0.9882787510091999,0.9765607222863367,0.9997252623897536
4.454935622317596,0.9883789320120261,0.9767610024325747,0.9997299380292965
4.463519313304721,0.9884782567721997,0.9769595721742572,0.9997345341067331
4.472103004291846,0.9885767326079892,0.9771564460950369,0.9997390519755598
4.48068669527897,0.9886743667751143,0.9773516386548123,0.9997434929662598
4.489270386266094,0.9887711664672802,0.977545164190763,0.9997478583866934
4.497854077253219,0.9888671388167081,0.9777370369183765,0.9997521495224835
4.506437768240343,0.9889622908946599,0.977927270932467,0.9997563676373915
4.515021459227468,0.9890566297119604,0.9781158802081855,0.9997605139736904
4.523605150214593,0.9891501622195127,0.9783028786020223,0.9997645897525284
4.532188841201717,0.9892428953088108,0.9784882798528007,0.999768596174289
4.540772532188841,0.9893348358124479,0.9786720975826646,0.999772534418943
4.549356223175965,0.9894259905046187,0.9788543452980555,0.9997764056463956
4.55793991416309,0.9895163661016196,0.9790350363906835,0.999780210996827
4.5665236051502145,0.989605969262343,0.9792141841384897,0.9997839515910282
4.575107296137339,0.989694806588768,0.9793918017066019,0.9997876285307294
4.583690987124464,0.9897828846264468,0.9795679021482804,0.9997912428989252
4.592274678111588,0.9898702098649872,0.9797424984058585,0.9997947957601916
4.600858369098712,0.9899567887385304,0.9799156033116739,0.9997982881609999
4.609442060085837,0.9900426276262256,0.9800872295889935,0.9998017211300241
4.618025751072961,0.9901277328526995,0.9802573898529295,0.9998050956784431
4.626609442060086,0.9902121106885223,0.9804260966113494,0.9998084128002384
4.635193133047211,0.9902957673506703,0.9805933622657774,0.9998116734724858
4.643776824034335,0.9903787090029831,0.98075919911229,0.9998148786556437
4.652360515021459,0.9904609417566188,0.9809236193424024,0.9998180292938342
4.660944206008583,0.9905424716705034,0.9810866350439488,0.999821126315122
4.669527896995708,0.9906233047517773,0.9812482582019559,0.9998241706317864
4.6781115879828326,0.9907034469562386,0.9814085006995085,0.99982716314059
4.686695278969957,0.990782904188781,0.9815673743186076,0.9998301047230422
4.695278969957082,0.9908616823038298,0.9817248907410232,0.9998329962456592
4.703862660944206,0.9909397871057724,0.9818810615491381,0.9998358385602177
4.71244635193133,0.9910172243493864,0.9820358982267867,0.9998386325040064
4.721030042918455,0.9910939997402639,0.9821894121600849,0.9998413789000716
4.7296137339055795,0.9911701189352311,0.9823416146382553,0.9998440785574599
4.738197424892704,0.9912455875427659,0.9824925168544438,0.9998467322714557
4.746781115879828,0.9913204111234105,0.9826421299065309,0.9998493408238154
4.755364806866953,0.9913945951901817,0.9827904647979351,0.9998519049829974
4.763948497854077,0.9914681452089765,0.982937532438411,0.999854425504388
4.772532188841201,0.9915410665989755,0.9830833436448396,0.9998569031305237
4.781115879828326,0.9916133647330411,0.983227909142013,0.9998593385913097
4.789699570815451,0.9916850449381148,0.983371239563412,0.9998617326042349
4.798283261802575,0.9917561124956087,0.9835133454519777,0.9998640858745823
4.8068669527897,0.9918265726417949,0.9836542372608765,0.9998663990956373
4.815450643776824,0.9918964305681911,0.9837939253542591,0.9998686729488911
4.824034334763948,0.9919656914219437,0.9839324200080128,0.9998709081042417
4.832618025751073,0.9920343603062065,0.9840697314105079,0.9998731052201907
4.8412017167381975,0.9921024422805167,0.9842058696633376,0.9998752649440371
4.849785407725322,0.9921699423611682,0.9843408447820522,0.999877387912068
4.858369098712446,0.9922368655215806,0.984474666696887,0.9998794747497456
4.866952789699571,0.9923032166926659,0.984607345253484,0.9998815260718914
4.875536480686695,0.9923690007631919,0.9847388902136083,0.9998835424828671
4.884120171673819,0.9924342225801425,0.9848693112558572,0.9998855245767526
4.8927038626609445,0.9924988869490741,0.984998617976365,0.9998874729375206
4.901287553648069,0.9925629986344707,0.9851268198895011,0.9998893881392085
4.909871244635193,0.9926265623600944,0.9852539264285621,0.9998912707460875
4.918454935622318,0.9926895828093333,0.9853799469464587,0.9998931213128289
4.927038626609442,0.992752064625547,0.9855048907163965,0.9998949403846668
4.935622317596566,0.9928140124124084,0.9856287669325516,0.999896728497559
4.944206008583691,0.9928754307342431,0.98575158471074,0.9998984861783444
4.952789699570816,0.9929363241163655,0.9858733530890817,0.9999002139448987
4.96137339055794,0.9929966970454122,0.9859940810286596,0.9999019123062862
4.969957081545064,0.9930565539696732,0.9861137774141718,0.9999035817629102
4.978540772532189,0.9931158992994186,0.9862324510545802,0.9999052228066595
4.987124463519313,0.9931747374072244,0.9863501106837519,0.9999068359210542
4.9957081545064375,0.9932330726282945,0.9864667649610966,0.9999084215813875
5.0042918454935625,0.9932909092607798,0.986582422472198,0.9999099802548654
5.012875536480687,0.9933482515660951,0.9866970917294399,0.9999115124007449
5.021459227467811,0.993405103769233,0.9868107811726273,0.9999130184704685
5.030042918454936,0.9934614700590756,0.9869234991696025,0.9999144989077979
5.03862660944206,0.9935173545887025,0.9870352540168557,0.9999159541489437
5.047210300429184,0.9935727614756972,0.9871460539401301,0.9999173846226946
5.055793991416309,0.9936276948024504,0.9872559070950232,0.9999187907505436
5.064377682403434,0.9936821586164608,0.9873648215675818,0.9999201729468112
5.072961373390558,0.9937361569306333,0.9874728053748926,0.9999215316187688
5.081545064377682,0.9937896937235747,0.9875798664656678,0.9999228671667577
5.090128755364807,0.9938427729398867,0.9876860127208257,0.9999241799843067
5.098712446351931,0.9938953984904568,0.9877912519540667,0.9999254704582491
5.1072961373390555,0.9939475742527463,0.9878955919124439,0.9999267389688355
5.115879828326181,0.993999304071076,0.9879990402769295,0.9999279858898465
5.124463519313305,0.9940505917569092,0.9881016046629763,0.9999292115887023
5.133047210300429,0.9941014410891333,0.9882032926210739,0.9999304164265711
5.141630901287554,0.9941518558143375,0.9883041116373016,0.9999316007584755
5.150214592274678,0.9942018396470886,0.9884040691338749,0.9999327649333969
5.1587982832618025,0.994251396270206,0.9885031724696889,0.9999339092943784
5.167381974248927,0.9943005293350315,0.9886014289408561,0.9999350341786258
5.175965665236052,0.9943492424616994,0.9886988457812408,0.9999361399176068
5.184549356223176,0.9943975392394028,0.9887954301629871,0.9999372268371487
5.1931330472103,0.994445423226658,0.9888911891970452,0.9999382952575344
5.201716738197425,0.9944928979515669,0.9889861299336904,0.9999393454935966
5.210300429184549,0.9945399669120771,0.9890802593630398,0.9999403778548106
5.218884120171674,0.994586633576239,0.9891735844155637,0.9999413926453855
5.227467811158799,0.9946329013824621,0.9892661119625933,0.9999423901643536
5.236051502145923,0.9946787737397674,0.989357848816823,0.9999433707056586
5.244635193133047,0.9947242540280399,0.9894488017328099,0.9999443345582425
5.253218884120171,0.9947693455982762,0.9895389774074681,0.9999452820061299
5.261802575107296,0.9948140517728327,0.989628382480559,0.9999462133285122
5.2703862660944205,0.994858375845669,0.989717023535178,0.99994712879983
5.278969957081545,0.9949023210825922,0.9898049070982365,0.9999480286898537
5.28755364806867,0.9949458907214961,0.9898920396409399,0.9999489132637625
5.296137339055794,0.9949890879726005,0.9899784275792617,0.9999497827822235
5.304721030042918,0.9950319160186878,0.9900640772744139,0.9999506375014674
5.313304721030043,0.995074378015337,0.990148995033313,0.999951477673365
5.3218884120171674,0.9951164770911568,0.9902331871090418,0.9999523035455006
5.330472103004292,0.9951582163480156,0.9903166597013086,0.9999531153612452
5.339055793991417,0.9951995988612702,0.9903994189569004,0.9999539133598282
5.347639484978541,0.9952406276799928,0.9904814709701346,0.999954697776408
5.356223175965665,0.995281305827195,0.9905628217833051,0.9999554688421411
5.364806866952789,0.995321636300051,0.9906434773871255,0.9999562267842501
5.373390557939914,0.9953616220701181,0.9907234437211685,0.9999569718260909
5.381974248927039,0.9954012660835562,0.9908027266743011,0.9999577041872183
5.390557939914163,0.9954405712613441,0.990881332085117,0.9999584240834506
5.399141630901288,0.9954795404994954,0.990959265742364,0.9999591317269335
5.407725321888412,0.9955181766692713,0.9910365333853695,0.9999598273262024
5.416309012875536,0.995556482617393,0.9911131407044607,0.9999605110862435
5.424892703862661,0.9955944611662503,0.9911890933413826,0.9999611832085549
5.4334763948497855,0.9956321151141103,0.9912643968897115,0.9999618438912055
5.44206008583691,0.9956694472353237,0.9913390568952657,0.9999624933288931
5.450643776824034,0.9957064602805289,0.9914130788565123,0.9999631317130024
5.459227467811159,0.9957431569768543,0.9914864682249704,0.9999637592316611
5.467811158798283,0.9957795400281202,0.9915592304056118,0.999964376069795
5.476394849785407,0.995815612115037,0.9916313707572568,0.9999649824091829
5.484978540772532,0.9958513758954036,0.9917028945929685,0.99996557842851
5.493562231759657,0.9958868340043026,0.9917738071804417,0.9999661643034206
5.502145922746781,0.9959219890542944,0.9918441137423906,0.9999667402065695
5.510729613733906,0.9959568436356107,0.9919138194569315,0.9999673063076737
5.51931330472103,0.9959914003163436,0.991982929457963,0.9999678627735613
5.527896995708154,0.9960256616426368,0.9920514488355435,0.9999684097682217
5.536480686695279,0.9960596301388716,0.9921193826362641,0.9999689474528528
5.545064377682404,0.9960933083078537,0.9921867358636197,0.9999694759859098
5.553648068669528,0.9961266986309975,0.9922535134783763,0.9999699955231508
5.562231759656652,0.9961598035685088,0.9923197203989351,0.9999705062176831
5.570815450643777,0.996192625559566,0.9923853615016942,0.9999710082200084
5.579399141630901,0.9962251670225003,0.992450441621406,0.9999715016780669
5.587982832618025,0.9962574303549732,0.992514965551533,0.9999719867372812
5.5965665236051505,0.9962894179341535,0.9925789380445993,0.9999724635405988
5.605150214592275,0.9963211321168925,0.9926423638125403,0.9999729322285343
5.613733905579399,0.996352575239898,0.9927052475270483,0.9999733929392113
5.622317596566524,0.9963837496199053,0.992767593819916,0.9999738458084022
5.630901287553648,0.9964146575538493,0.9928294072833767,0.999974290969569
5.639484978540772,0.9964453013190326,0.9928906924704415,0.999974728553902
5.6480686695278965,0.9964756831732944,0.9929514538952344,0.9999751586903591
5.656652360515022,0.9965058053551756,0.9930116960333234,0.9999755815057032
5.665236051502146,0.996535670084085,0.9930714233220495,0.9999759971245399
5.67381974248927,0.9965652795604615,0.9931306401608527,0.9999764056693539
5.682403433476395,0.9965946359659377,0.993189350911596,0.9999768072605457
5.690987124463519,0.9966237414634992,0.9932475598988849,0.9999772020164663
5.6995708154506435,0.9966525981976452,0.9933052714103859,0.9999775900534529
5.708154506437769,0.9966812082945458,0.9933624896971415,0.999977971485862
5.716738197424893,0.9967095738621985,0.9934192189738825,0.9999783464261045
5.725321888412017,0.9967376969905843,0.9934754634193382,0.9999787149846778
5.733905579399142,0.996765579751821,0.9935312271765429,0.999979077270199
5.742489270386266,0.996793224200316,0.993586514353141,0.999979433389436
5.75107296137339,0.9968206323729181,0.9936413290216891,0.9999797834473403
5.759656652360515,0.9968478062890668,0.9936956752199546,0.9999801275470767
5.76824034334764,0.9968747479509418,0.9937495569512133,0.9999804657900543
5.776824034334764,0.9969014593436103,0.9938029781845433,0.9999807982759562
5.785407725321888,0.9969279424351732,0.9938559428551172,0.9999811251027693
5.793991416309013,0.99695419917691,0.9939084548644912,0.9999814463668123
5.802575107296137,0.9969802315034227,0.9939605180808918,0.999981762162765
5.8111587982832615,0.9970060413327786,0.9940121363395006,0.9999820725836955
5.819742489270387,0.997031630566651,0.994063313442736,0.999982377721088
5.828326180257511,0.9970570010904599,0.9941140531605333,0.9999826776648698
5.836909871244635,0.9970821547735107,0.994164359230621,0.9999829725034375
5.845493562231759,0.9971070934691318,0.9942142353587968,0.9999832623236834
5.854077253218884,0.9971318190148115,0.9942636852191995,0.9999835472110207
5.8626609442060085,0.9971563332323329,0.9943127124545792,0.9999838272494089
5.871244635193133,0.9971806379279086,0.9943613206765655,0.9999841025213788
5.879828326180258,0.9972047348923134,0.9944095134659328,0.9999843731080563
5.888412017167382,0.9972286259010168,0.9944572943728639,0.9999846390891867
5.896995708154506,0.9972523127143129,0.9945046669172114,0.9999849005431578
5.905579399141631,0.9972757970774511,0.994551634588756,0.9999851575470236
5.914163090128755,0.9972990807207639,0.9945982008474633,0.9999854101765263
5.92274678111588,0.997322165359795,0.9946443691237391,0.9999856585061194
5.931330472103005,0.9973450526954253,0.9946901428186808,0.9999859026089888
5.939914163090129,0.9973677444139982,0.994735525304328,0.999986142557075
5.948497854077253,0.9973902421874443,0.9947805199239106,0.999986378421094
5.957081545064377,0.997412547673404,0.9948251299920947,0.9999866102705582
5.965665236051502,0.9974346625153503,0.9948693587952266,0.9999868381737971
5.9742489270386265,0.9974565883427089,0.9949132095915743,0.999987062197977
5.982832618025751,0.9974783267709794,0.9949566856115671,0.9999872824091212
5.991416309012876,0.9974998794018536,0.9949997900580344,0.999987498872129
6.0,0.9975212478233336,0.9950425261064396,0.9999877116507956
