assumed_step_rate_per_s,abs_Omega_per_s,B_equivalent_T,orbital_action_over_hbar,recoil_energy_J,spin_frame_gap_J,kinematic_target_at_300K
100000000000.0,59839860068.377014,0.3398332214621835,0.000668252926004688,4.7216725513366014e-21,6.310542996133409e-24,0.0007617844669947603
105925372517.72897,63385594691.5161,0.3599696057728167,0.0007078494012310896,4.7216725513366014e-21,6.684466176545769e-24,0.0008069230154005337
112201845430.19653,67141427299.56627,0.38129914586545655,0.0007497921151185457,4.7216725513366014e-21,7.0805456983277e-24,0.0008547361873582583
118850222743.70164,71119806980.78546,0.40389254066490204,0.0007942200910478755,4.7216725513366014e-21,7.50009440724162e-24,0.000905382463600073
125892541179.41661,75333920478.2868,0.4278246782706174,0.0008412805900531083,4.7216725513366014e-21,7.944502940052042e-24,0.0009590297153043054
133352143216.3324,79797735898.83502,0.453174884180927,0.0008911295989331034,4.7216725513366014e-21,8.415244333932058e-24,0.0010158557604903209
141253754462.27554,84526049011.55453,0.4800271842254337,0.0009439323472856339,4.7216725513366014e-21,8.913878908994611e-24,0.001076048953377341
149623565609.44357,89534532290.0073,0.5084705830771558,0.0009998638551776506,4.7216725513366014e-21,9.442059440131816e-24,0.0011398088086595648
158489319246.11108,94839786860.19618,0.5385993592675437,0.0010591095132670484,4.7216725513366014e-21,1.0001536635304981e-23,0.0012073466627655102
167880401812.2559,100459397526.68298,0.5705133776822471,0.001121865697298827,4.7216725513366014e-21,1.0594164938443938e-23,0.0012788863742918487
177827941003.89227,106411991059.20517,0.6043184205733982,0.0011883404190124005,4.7216725513366014e-21,1.1221908676189374e-23,0.0013546650659314614
188364908948.9802,112717297932.99551,0.6401265381856281,0.0012587540156176265,4.7216725513366014e-21,1.1886848568852942e-23,0.0014349339103527986
199526231496.88828,119396217727.44392,0.6780564201579693,0.0013333398801248432,4.7216725513366014e-21,1.2591188627175815e-23,0.001519958962632714
211348903983.66434,126470888399.87323,0.7182337889327036,0.0014123452349496756,4.7216725513366014e-21,1.3337263457745854e-23,0.001610022041998865
223872113856.83377,133964759664.047,0.7607918164751655,0.0014960319513568382,4.7216725513366014e-21,1.4127546001288235e-23,0.0017054216658006162
237137370566.16553,141902670716.62213,0.8058715656857162,0.0015846774174589813,4.7216725513366014e-21,1.496465572947809e-23,0.0018064740387996935
251188643150.95822,150310932569.18826,0.8536224579670496,0.0016785754576477525,4.7216725513366014e-21,1.5851367327445334e-23,0.0019135141010545606
266072505979.8814,159217415258.7851,0.9042027684965918,0.001778037306504556,4.7216725513366014e-21,1.6790619890750052e-23,0.0020268966378655297
281838293126.44495,168651640225.9669,0.9577801508456295,0.0018833926404191379,4.7216725513366014e-21,1.778552666731282e-23,0.002146997455452239
298538261891.7957,178644878166.61545,1.0145321926840996,0.0019949906703354632,4.7216725513366014e-21,1.883938537659113e-23,0.002274214626251658
316227766016.83795,189230252681.8305,1.0746470044129164,0.002113201299246778,4.7216725513366014e-21,1.9955689140204713e-23,0.0024089698079536887
334965439157.82794,200442850069.46878,1.1383238426749969,0.0022384163482766384,4.7216725513366014e-21,2.1138138060241828e-23,0.0025517096406341843
354813389233.57605,212319835621.23776,1.2057737708116176,0.0023710508554097742,4.7216725513366014e-21,2.2390651483623003e-23,0.0027029072266014187
375837404288.44354,224900576810.825,1.2772203584532684,0.002511544451177593,4.7216725513366014e-21,2.371738099317398e-23,0.0028630636978435927
398107170553.49695,238226773781.3876,1.3529004225638979,0.002660362815858217,4.7216725513366014e-21,2.512272416846859e-23,0.0030327098762520234
421696503428.5823,252342597564.90228,1.433064812394738,0.00281799922302096,4.7216725513366014e-21,2.661133916205188e-23,0.003212408032098028
446683592150.9635,267294836491.53647,1.5179792409496204,0.0029849761745316607,4.7216725513366014e-21,2.818816013935975e-23,0.0034027537465629
473151258961.48126,283133051274.3146,1.60792516571768,0.0031618471324381175,4.7216725513366014e-21,2.985841363351081e-23,0.003604377884459308
501187233627.2715,299909739283.129,1.7032007215927565,0.0033491983534761935,4.7216725513366014e-21,3.1627635869180566e-23,0.0038179486836413317
530884444230.9879,317680508552.6042,1.8041217090717754,0.003547650832277303,4.7216725513366014e-21,3.3501691112980383e-23,0.004044173967979283
562341325190.3491,336504262100.5618,1.9110226410074964,0.0037578623597180455,4.7216725513366014e-21,3.548679111116337e-23,0.004283803491175397
595662143529.011,356443393168.0552,2.024257851385333,0.00398052970323486,4.7216725513366014e-21,3.7589515679088135e-23,0.004537631419119618
630957344480.1943,377563992028.0958,2.144202669799291,0.0042163909163303774,4.7216725513366014e-21,3.981683451068425e-23,0.004806498958930198
668343917568.6135,399936065048.5673,2.2712546655199795,0.004466227784926619,4.7216725513366014e-21,4.217613028020978e-23,0.005091297143294687
707945784384.1373,423633766735.4418,2.4058349652783373,0.004730868418673837,4.7216725513366014e-21,4.4675223112874896e-23,0.005392969779223045
749894209332.4558,448735645525.40375,2.5483896491328544,0.005011189995803856,4.7216725513366014e-21,4.7322396505439294e-23,0.005712516570847078
794328234724.2821,475324904142.6197,2.6993912290472224,0.005308121670626401,4.7216725513366014e-21,5.0126424782703325e-23,0.006050996426451709
841395141645.1964,503489675382.6081,2.8593402150791727,0.005622647653305314,4.7216725513366014e-21,5.309660218089772e-23,0.006409530960502332
891250938133.744,533323314237.3298,3.0287667743718343,0.005955810472122975,4.7216725513366014e-21,5.624277365437228e-23,0.006789308202042054
944060876285.9226,564924707329.7899,3.2082324884465696,0.006308714429046175,4.7216725513366014e-21,5.957536750769697e-23,0.007191586521472706
1000000000000.0,598398600683.7701,3.398332214621835,0.006682529260046879,4.7216725513366014e-21,6.31054299613341e-23,0.007617698788404287
1059253725177.2898,633855946915.161,3.599696057728168,0.007078494012310896,4.7216725513366014e-21,6.684466176545769e-23,0.008069056773962139
1122018454301.9653,671414272995.6627,3.8129914586545657,0.007497921151185456,4.7216725513366014e-21,7.080545698327701e-23,0.008547155811676439
1188502227437.0166,711198069807.8546,4.03892540664902,0.007942200910478755,4.7216725513366014e-21,7.50009440724162e-23,0.00905357973184826
1258925411794.1663,753339204782.8682,4.278246782706175,0.008412805900531083,4.7216725513366014e-21,7.944502940052044e-23,0.009590006085088455
1333521432163.324,797977358988.3502,4.53174884180927,0.008911295989331035,4.7216725513366014e-21,8.415244333932058e-23,0.010158211671559196
1412537544622.7554,845260490115.5454,4.800271842254338,0.009439323472856339,4.7216725513366014e-21,8.913878908994612e-23,0.010760078393314935
1496235656094.4358,895345322900.0731,5.084705830771559,0.009998638551776509,4.7216725513366014e-21,9.442059440131818e-23,0.011397599448033903
1584893192461.1108,948397868601.9619,5.385993592675437,0.010591095132670484,4.7216725513366014e-21,1.0001536635304983e-22,0.012072885883355117
1678804018122.5588,1004593975266.8298,5.70513377682247,0.01121865697298827,4.7216725513366014e-21,1.0594164938443938e-22,0.012788173531983759
1778279410038.9229,1064119910592.0518,6.043184205733983,0.011883404190124005,4.7216725513366014e-21,1.1221908676189376e-22,0.01354583034869463
1883649089489.802,1127172979329.955,6.401265381856281,0.012587540156176264,4.7216725513366014e-21,1.1886848568852941e-22,0.01434836417134782
1995262314968.8828,1193962177274.4392,6.7805642015796925,0.013333398801248432,4.7216725513366014e-21,1.2591188627175815e-22,0.015198430929019353
2113489039836.6433,1264708883998.7322,7.1823378893270355,0.014123452349496754,4.7216725513366014e-21,1.3337263457745852e-22,0.016098843321339203
2238721138568.338,1339647596640.47,7.607918164751655,0.014960319513568382,4.7216725513366014e-21,1.4127546001288235e-22,0.017052579994105393
2371373705661.6553,1419026707166.221,8.05871565685716,0.01584677417458981,4.7216725513366014e-21,1.4964655729478085e-22,0.018062795237190475
2511886431509.582,1503109325691.8826,8.536224579670495,0.016785754576477525,4.7216725513366014e-21,1.5851367327445334e-22,0.019132829231663775
2660725059798.814,1592174152587.8508,9.042027684965918,0.017780373065045558,4.7216725513366014e-21,1.6790619890750052e-22,0.020266218873889318
2818382931264.449,1686516402259.6685,9.577801508456293,0.018833926404191372,4.7216725513366014e-21,1.7785526667312815e-22,0.02146670920510747
2985382618917.957,1786448781666.1543,10.145321926840994,0.019949906703354628,4.7216725513366014e-21,1.8839385376591126e-22,0.022738265475631358
3162277660168.3794,1892302526818.3052,10.746470044129165,0.02113201299246778,4.7216725513366014e-21,1.9955689140204713e-22,0.024085085873247532
3349654391578.2793,2004428500694.688,11.38323842674997,0.022384163482766384,4.7216725513366014e-21,2.1138138060241828e-22,0.025511614945664403
3548133892335.7603,2123198356212.3777,12.057737708116175,0.023710508554097745,4.7216725513366014e-21,2.2390651483623e-22,0.027022557746834038
3758374042884.4355,2249005768108.25,12.772203584532683,0.025115444511775928,4.7216725513366014e-21,2.371738099317398e-22,0.02862289473662606
3981071705534.969,2382267737813.876,13.529004225638978,0.02660362815858217,4.7216725513366014e-21,2.512272416846859e-22,0.030317897462569732
4216965034285.8223,2523425975649.0225,14.330648123947379,0.028179992230209595,4.7216725513366014e-21,2.6611339162051875e-22,0.03211314505110231
4466835921509.635,2672948364915.3643,15.179792409496201,0.029849761745316606,4.7216725513366014e-21,2.818816013935975e-22,0.034014541533862304
4731512589614.8125,2831330512743.145,16.079251657176798,0.03161847132438116,4.7216725513366014e-21,2.98584136335108e-22,0.03602833403189097
5011872336272.715,2999097392831.29,17.032007215927564,0.03349198353476193,4.7216725513366014e-21,3.162763586918056e-22,0.03816113181700472
5308844442309.879,3176805085526.0415,18.04121709071775,0.03547650832277303,4.7216725513366014e-21,3.350169111298038e-22,0.04041992626486913
5623413251903.491,3365042621005.618,19.110226410074965,0.03757862359718045,4.7216725513366014e-21,3.548679111116337e-22,0.042812111708208964
5956621435290.109,3564433931680.5522,20.24257851385333,0.0398052970323486,4.7216725513366014e-21,3.758951567908814e-22,0.04534550719086284
6309573444801.942,3775639920280.9575,21.442026697992905,0.042163909163303766,4.7216725513366014e-21,3.9816834510684243e-22,0.04802837911369163
6683439175686.135,3999360650485.6733,22.712546655199795,0.0446622778492662,4.7216725513366014e-21,4.2176130280209786e-22,0.05086946475130941
7079457843841.373,4236337667354.418,24.058349652783374,0.047308684186738365,4.7216725513366014e-21,4.46752231128749e-22,0.05387799660376106
7498942093324.559,4487356455254.038,25.483896491328547,0.05011189995803857,4.7216725513366014e-21,4.73223965054393e-22,0.057063727529087394
7943282347242.821,4753249041426.197,26.993912290472224,0.05308121670626401,4.7216725513366014e-21,5.012642478270333e-22,0.06043695658058532
8413951416451.965,5034896753826.081,28.59340215079173,0.05622647653305314,4.7216725513366014e-21,5.309660218089772e-22,0.06400855544573571
8912509381337.441,5333233142373.299,30.287667743718348,0.05955810472122977,4.7216725513366014e-21,5.624277365437229e-22,0.06778999535140222
9440608762859.227,5649247073297.899,32.0823248844657,0.06308714429046176,4.7216725513366014e-21,5.957536750769698e-22,0.07179337426100287
10000000000000.0,5983986006837.701,33.98332214621835,0.0668252926004688,4.7216725513366014e-21,6.310542996133409e-22,0.07603144414276643
10592537251772.896,6338559469151.609,35.996960577281676,0.07078494012310894,4.7216725513366014e-21,6.684466176545768e-22,0.08051763803261233
11220184543019.652,6714142729956.627,38.12991458654566,0.07497921151185456,4.7216725513366014e-21,7.0805456983277e-22,0.08526609654908109
11885022274370.164,7111980698078.545,40.389254066490196,0.07942200910478754,4.7216725513366014e-21,7.50009440724162e-22,0.09029169343939805
12589254117941.662,7533392047828.682,42.782467827061744,0.08412805900531084,4.7216725513366014e-21,7.944502940052044e-22,0.09561005964319572
13335214321633.24,7979773589883.502,45.3174884180927,0.08911295989331033,4.7216725513366014e-21,8.415244333932057e-22,0.10123760525144385
14125375446227.555,8452604901155.454,48.002718422543374,0.0943932347285634,4.7216725513366014e-21,8.913878908994613e-22,0.10719153861032152
14962356560944.36,8953453229000.732,50.84705830771559,0.0999863855177651,4.7216725513366014e-21,9.442059440131819e-22,0.1134898816703732
15848931924611.11,9483978686019.62,53.85993592675437,0.10591095132670485,4.7216725513366014e-21,1.0001536635304982e-21,0.12015148050746258
16788040181225.59,10045939752668.299,57.051337768224705,0.11218656972988272,4.7216725513366014e-21,1.0594164938443938e-21,0.12719600974066103
17782794100389.227,10641199105920.516,60.43184205733982,0.11883404190124003,4.7216725513366014e-21,1.1221908676189374e-21,0.13464396934011477
18836490894898.02,11271729793299.553,64.01265381856282,0.12587540156176266,4.7216725513366014e-21,1.1886848568852945e-21,0.142516672052022
19952623149688.83,11939621772744.393,67.80564201579692,0.13333398801248433,4.7216725513366014e-21,1.2591188627175815e-21,0.1508362193651563
21134890398366.434,12647088839987.322,71.82337889327036,0.14123452349496754,4.7216725513366014e-21,1.3337263457745853e-21,0.15962546360153987
22387211385683.38,13396475966404.7,76.07918164751655,0.14960319513568382,4.7216725513366014e-21,1.4127546001288235e-21,0.16890795333133754
23713737056616.55,14190267071662.209,80.58715656857159,0.15846774174589806,4.7216725513366014e-21,1.4964655729478085e-21,0.1787078588886665
25118864315095.82,15031093256918.828,85.36224579670497,0.16785754576477527,4.7216725513366014e-21,1.5851367327445336e-21,0.18904987430279876
26607250597988.14,15921741525878.51,90.42027684965919,0.1778037306504556,4.7216725513366014e-21,1.6790619890750052e-21,0.19995909146303892
28183829312644.492,16865164022596.688,95.77801508456295,0.18833926404191378,4.7216725513366014e-21,1.7785526667312817e-21,0.21146084181456626
29853826189179.57,17864487816661.543,101.45321926840994,0.1994990670335463,4.7216725513366014e-21,1.8839385376591126e-21,0.2235805003514018
31622776601683.793,18923025268183.047,107.46470044129161,0.21132012992467777,4.7216725513366014e-21,1.9955689140204708e-21,0.23634324615351485
33496543915782.793,20044285006946.88,113.8323842674997,0.22384163482766384,4.7216725513366014e-21,2.113813806024183e-21,0.24977377323965663
35481338923357.6,21231983562123.777,120.57737708116176,0.23710508554097745,4.7216725513366014e-21,2.2390651483623005e-21,0.26389594511943454
37583740428844.35,22490057681082.496,127.7220358453268,0.2511544451177592,4.7216725513366014e-21,2.3717380993173975e-21,0.2787323861860649
39810717055349.695,23822677378138.758,135.29004225638977,0.26603628158582165,4.7216725513366014e-21,2.5122724168468585e-21,0.29430400307139143
42169650342858.23,25234259756490.23,143.3064812394738,0.28179992230209605,4.7216725513366014e-21,2.661133916205188e-21,0.3106294293839024
44668359215096.35,26729483649153.645,151.79792409496204,0.298497617453166,4.7216725513366014e-21,2.818816013935975e-21,0.3277243879881971
47315125896148.125,28313305127431.453,160.792516571768,0.3161847132438117,4.7216725513366014e-21,2.9858413633510805e-21,0.34560096630369064
50118723362727.15,29990973928312.906,170.32007215927567,0.3349198353476193,4.7216725513366014e-21,3.162763586918057e-21,0.3642668021671529
53088444423098.79,31768050855260.418,180.4121709071775,0.35476508322773026,4.7216725513366014e-21,3.350169111298038e-21,0.3837241808014979
56234132519034.91,33650426210056.18,191.10226410074964,0.37578623597180455,4.7216725513366014e-21,3.548679111116337e-21,0.4039690475540503
59566214352901.09,35644339316805.516,202.42578513853329,0.39805297032348597,4.7216725513366014e-21,3.758951567908813e-21,0.4249899464952345
63095734448019.43,37756399202809.58,214.42026697992907,0.4216390916330377,4.7216725513366014e-21,3.9816834510684245e-21,0.44676690185350293
66834391756861.35,39993606504856.734,227.12546655199796,0.44662277849266196,4.7216725513366014e-21,4.217613028020979e-21,0.46927026768555036
70794578438413.73,42363376673544.19,240.58349652783377,0.47308684186738376,4.7216725513366014e-21,4.467522311287491e-21,0.4924595811066206
74989420933245.58,44873564552540.375,254.83896491328545,0.5011189995803856,4.7216725513366014e-21,4.7322396505439294e-21,0.5162824656231395
79432823472428.22,47532490414261.98,269.93912290472224,0.5308121670626402,4.7216725513366014e-21,5.0126424782703334e-21,0.5406736431673621
84139514164519.64,50348967538260.81,285.9340215079173,0.5622647653305315,4.7216725513366014e-21,5.309660218089772e-21,0.5655541255723439
89125093813374.4,53332331423732.984,302.87667743718345,0.5955810472122977,4.7216725513366014e-21,5.624277365437229e-21,0.5908306673264596
94406087628592.27,56492470732978.984,320.8232488446569,0.6308714429046175,4.7216725513366014e-21,5.957536750769697e-21,0.6163955700072146
100000000000000.0,59839860068377.016,339.83322146218353,0.668252926004688,4.7216725513366014e-21,6.3105429961334095e-21,0.6421269329590674
105925372517728.97,63385594691516.09,359.96960577281675,0.7078494012310894,4.7216725513366014e-21,6.684466176545768e-21,0.6678894424519769
112201845430196.53,67141427299566.27,381.2991458654566,0.7497921151185456,4.7216725513366014e-21,7.080545698327701e-21,0.693535780608186
118850222743701.66,71119806980785.47,403.89254066490207,0.7942200910478756,4.7216725513366014e-21,7.500094407241622e-21,0.7189087139800688
125892541179416.62,75333920478286.81,427.8246782706174,0.8412805900531083,4.7216725513366014e-21,7.944502940052044e-21,0.7438438886845461
133352143216332.4,79797735898835.03,453.17488418092705,0.8911295989331035,4.7216725513366014e-21,8.415244333932059e-21,0.7681733145284091
141253754462275.53,84526049011554.53,480.0271842254337,0.9439323472856339,4.7216725513366014e-21,8.913878908994612e-21,0.7917294663177189
149623565609443.6,89534532290007.33,508.47058307715594,0.9998638551776511,4.7216725513366014e-21,9.44205944013182e-21,0.8143498702022324
158489319246111.1,94839786860196.19,538.5993592675437,1.0591095132670483,4.7216725513366014e-21,1.0001536635304982e-20,0.8358819820955076
167880401812255.9,100459397526683.0,570.5133776822471,1.1218656972988272,4.7216725513366014e-21,1.0594164938443939e-20,0.8561881111494425
177827941003892.28,106411991059205.17,604.3184205733983,1.1883404190124005,4.7216725513366014e-21,1.1221908676189375e-20,0.8751501019206925
188364908948980.22,112717297932995.53,640.1265381856282,1.2587540156176267,4.7216725513366014e-21,1.1886848568852944e-20,0.892673471753868
199526231496888.28,119396217727443.92,678.0564201579692,1.3333398801248433,4.7216725513366014e-21,1.2591188627175814e-20,0.9086907106392956
211348903983664.34,126470888399873.23,718.2337889327036,1.4123452349496755,4.7216725513366014e-21,1.3337263457745854e-20,0.9231634917691146
223872113856833.78,133964759664047.0,760.7918164751655,1.4960319513568383,4.7216725513366014e-21,1.4127546001288236e-20,0.9360836104645007
237137370566165.53,141902670716622.12,805.8715656857162,1.584677417458981,4.7216725513366014e-21,1.4964655729478087e-20,0.9474725610047833
251188643150958.22,150310932569188.28,853.6224579670496,1.6785754576477525,4.7216725513366014e-21,1.5851367327445337e-20,0.9573797654299093
266072505979881.4,159217415258785.1,904.2027684965918,1.778037306504556,4.7216725513366014e-21,1.6790619890750053e-20,0.9658795736827863
281838293126444.94,168651640225966.88,957.7801508456295,1.883392640419138,4.7216725513366014e-21,1.778552666731282e-20,0.9730672483102393
298538261891795.7,178644878166615.44,1014.5321926840994,1.994990670335463,4.7216725513366014e-21,1.8839385376591127e-20,0.9790542188661202
316227766016837.94,189230252681830.5,1074.6470044129162,2.1132012992467777,4.7216725513366014e-21,1.9955689140204712e-20,0.9839629339753295
334965439157827.94,200442850069468.78,1138.323842674997,2.238416348276638,4.7216725513366014e-21,2.1138138060241826e-20,0.9879216497192282
354813389233576.06,212319835621237.78,1205.7737708116176,2.371050855409775,4.7216725513366014e-21,2.2390651483623005e-20,0.9910594728144255
375837404288443.56,224900576810825.0,1277.2203584532683,2.5115444511775924,4.7216725513366014e-21,2.3717380993173978e-20,0.9935019307544037
398107170553496.94,238226773781387.56,1352.9004225638978,2.6603628158582167,4.7216725513366014e-21,2.5122724168468585e-20,0.9953672758577844
421696503428582.25,252342597564902.28,1433.064812394738,2.8179992230209603,4.7216725513366014e-21,2.6611339162051878e-20,0.996763654337618
446683592150963.5,267294836491536.44,1517.9792409496201,2.9849761745316603,4.7216725513366014e-21,2.818816013935975e-20,0.9977871933569805
473151258961481.25,283133051274314.5,1607.9251657176796,3.1618471324381168,4.7216725513366014e-21,2.98584136335108e-20,0.9985209859369549
501187233627271.44,299909739283129.0,1703.2007215927563,3.3491983534761927,4.7216725513366014e-21,3.162763586918056e-20,0.9990348914345925
530884444230987.94,317680508552604.2,1804.1217090717753,3.547650832277303,4.7216725513366014e-21,3.350169111298038e-20,0.9993860222619567
562341325190349.06,336504262100561.8,1911.0226410074963,3.757862359718045,4.7216725513366014e-21,3.548679111116337e-20,0.9996197578797066
595662143529011.0,356443393168055.25,2024.2578513853334,3.980529703234861,4.7216725513366014e-21,3.758951567908814e-20,0.9997711153502449
630957344480194.2,377563992028095.75,2144.2026697992906,4.2163909163303765,4.7216725513366014e-21,3.9816834510684243e-20,0.9998663106339768
668343917568613.5,399936065048567.3,2271.2546655199794,4.46622778492662,4.7216725513366014e-21,4.217613028020978e-20,0.9999243635999387
707945784384137.4,423633766735441.9,2405.8349652783377,4.730868418673838,4.7216725513366014e-21,4.467522311287491e-20,0.9999586284715459
749894209332455.9,448735645525403.8,2548.3896491328546,5.011189995803857,4.7216725513366014e-21,4.7322396505439303e-20,0.9999781655412162
794328234724282.1,475324904142619.7,2699.391229047222,5.308121670626401,4.7216725513366014e-21,5.0126424782703327e-20,0.9999889048105475
841395141645196.5,503489675382608.1,2859.340215079173,5.6226476533053145,4.7216725513366014e-21,5.309660218089772e-20,0.9999945836748959
891250938133744.1,533323314237329.8,3028.7667743718343,5.955810472122976,4.7216725513366014e-21,5.624277365437228e-20,0.9999974659180348
944060876285922.6,564924707329789.9,3208.2324884465693,6.308714429046175,4.7216725513366014e-21,5.957536750769697e-20,0.9999988665839105
1000000000000000.0,598398600683770.1,3398.3322146218347,6.68252926004688,4.7216725513366014e-21,6.310542996133409e-20,0.999999516659928
1059253725177289.8,633855946915161.0,3599.6960577281675,7.078494012310895,4.7216725513366014e-21,6.684466176545769e-20,0.9999998040324451
1122018454301965.2,671414272995662.6,3812.991458654565,7.497921151185455,4.7216725513366014e-21,7.080545698327699e-20,0.9999999246845668
1188502227437016.5,711198069807854.6,4038.9254066490203,7.942200910478755,4.7216725513366014e-21,7.500094407241621e-20,0.9999999726488442
1258925411794171.2,753339204782871.1,4278.246782706191,8.412805900531117,4.7216725513366014e-21,7.944502940052074e-20,0.9999999906459179
1333521432163324.0,797977358988350.2,4531.748841809271,8.911295989331034,4.7216725513366014e-21,8.415244333932058e-20,0.9999999969979637
1412537544622755.5,845260490115545.4,4800.271842254338,9.439323472856339,4.7216725513366014e-21,8.913878908994612e-20,0.9999999990992922
1496235656094435.8,895345322900073.1,5084.705830771559,9.998638551776509,4.7216725513366014e-21,9.442059440131818e-20,0.9999999997483643
1584893192461111.0,948397868601961.9,5385.993592675437,10.591095132670484,4.7216725513366014e-21,1.0001536635304982e-19,0.9999999999348154
1678804018122565.8,1004593975266833.9,5705.133776822493,11.218656972988315,4.7216725513366014e-21,1.059416493844398e-19,0.9999999999844131
1778279410038922.8,1064119910592051.6,6043.184205733983,11.883404190124004,4.7216725513366014e-21,1.1221908676189374e-19,0.9999999999965759
1883649089489802.0,1127172979329955.2,6401.265381856282,12.587540156176267,4.7216725513366014e-21,1.1886848568852943e-19,0.9999999999993123
1995262314968882.8,1193962177274439.2,6780.564201579692,13.333398801248434,4.7216725513366014e-21,1.2591188627175816e-19,0.9999999999998744
2113489039836643.2,1264708883998732.2,7182.337889327036,14.123452349496755,4.7216725513366014e-21,1.3337263457745854e-19,0.9999999999999792
2238721138568347.0,1339647596640475.5,7607.918164751686,14.960319513568447,4.7216725513366014e-21,1.4127546001288294e-19,0.9999999999999969
2371373705661655.5,1419026707166221.2,8058.715656857161,15.846774174589811,4.7216725513366014e-21,1.4964655729478088e-19,0.9999999999999996
2511886431509582.0,1503109325691882.8,8536.224579670496,16.785754576477526,4.7216725513366014e-21,1.5851367327445336e-19,1.0
2660725059798814.0,1592174152587850.8,9042.027684965917,17.780373065045556,4.7216725513366014e-21,1.679061989075005e-19,1.0
2818382931264449.0,1686516402259668.5,9577.801508456294,18.833926404191374,4.7216725513366014e-21,1.7785526667312816e-19,1.0
2985382618917969.5,1786448781666162.0,10145.321926841038,19.949906703354717,4.7216725513366014e-21,1.8839385376591208e-19,1.0
3162277660168379.5,1892302526818305.2,10746.470044129164,21.132012992467782,4.7216725513366014e-21,1.9955689140204714e-19,1.0
3349654391578279.5,2004428500694688.0,11383.238426749971,22.384163482766382,4.7216725513366014e-21,2.113813806024183e-19,1.0
3548133892335760.5,2123198356212378.0,12057.737708116178,23.710508554097746,4.7216725513366014e-21,2.239065148362301e-19,1.0
3758374042884435.5,2249005768108250.0,12772.203584532683,25.115444511775927,4.7216725513366014e-21,2.371738099317398e-19,1.0
3981071705534985.5,2382267737813885.5,13529.004225639033,26.603628158582275,4.7216725513366014e-21,2.5122724168468686e-19,1.0
4216965034285822.5,2523425975649023.0,14330.648123947381,28.179992230209603,4.7216725513366014e-21,2.661133916205188e-19,1.0
4466835921509635.0,2672948364915364.5,15179.792409496204,29.849761745316606,4.7216725513366014e-21,2.818816013935975e-19,1.0
4731512589614813.0,2831330512743145.5,16079.251657176801,31.618471324381176,4.7216725513366014e-21,2.9858413633510806e-19,1.0
5011872336272715.0,2999097392831290.5,17032.007215927566,33.491983534761935,4.7216725513366014e-21,3.162763586918057e-19,1.0
5308844442309901.0,3176805085526055.0,18041.217090717826,35.47650832277318,4.7216725513366014e-21,3.3501691112980523e-19,1.0
5623413251903491.0,3365042621005618.5,19110.226410074967,37.57862359718045,4.7216725513366014e-21,3.5486791111163373e-19,1.0
5956621435290109.0,3564433931680551.5,20242.57851385333,39.80529703234859,4.7216725513366014e-21,3.758951567908813e-19,1.0
6309573444801943.0,3775639920280957.5,21442.026697992904,42.163909163303764,4.7216725513366014e-21,3.9816834510684247e-19,1.0
6683439175686135.0,3999360650485673.0,22712.546655199792,44.6622778492662,4.7216725513366014e-21,4.2176130280209783e-19,1.0
7079457843841402.0,4236337667354435.0,24058.34965278347,47.30868418673856,4.7216725513366014e-21,4.467522311287508e-19,1.0
7498942093324558.0,4487356455254037.5,25483.896491328545,50.111899958038556,4.7216725513366014e-21,4.732239650543929e-19,1.0
7943282347242822.0,4753249041426197.0,26993.91229047222,53.08121670626401,4.7216725513366014e-21,5.012642478270332e-19,1.0
8413951416451965.0,5034896753826082.0,28593.402150791735,56.22647653305315,4.7216725513366014e-21,5.309660218089773e-19,1.0
8912509381337441.0,5333233142373298.0,30287.667743718343,59.55810472122976,4.7216725513366014e-21,5.624277365437229e-19,1.0
9440608762859264.0,5649247073297922.0,32082.324884465826,63.08714429046201,4.7216725513366014e-21,5.957536750769722e-19,1.0
1e+16,5983986006837701.0,33983.32214621835,66.8252926004688,4.7216725513366014e-21,6.310542996133408e-19,1.0
