orbital_action_over_hbar,time_omega_c,common_momentum_Pz,trajectory_Pz,absolute_difference
1.0,0.0,0.0,0.0,0.0
1.0,62.83185307179586,0.01008444253974583,0.029141111927119868,0.019056669387374037
1.0,2049.860374475754,0.1833019806073704,0.610224152257934,0.4269221716505636
1.0,8199.441497903015,0.5442843146715931,0.9476792024517369,0.40339488778014376
2.0,0.0,1.1102230246251565e-16,0.0,1.1102230246251565e-16
2.0,62.83185307179586,0.004135681999407281,0.029141111927119868,0.025005429927712586
2.0,2049.860374475754,0.40083356602820275,0.610224152257934,0.20939058622973128
2.0,8199.441497903015,0.8465888059273132,0.9476792024517369,0.10109039652442364
5.0,0.0,1.1102230246251565e-16,0.0,1.1102230246251565e-16
5.0,62.83185307179586,0.030120551376336124,0.029141111927119868,0.0009794394492162566
5.0,2049.860374475754,0.5384213367852367,0.610224152257934,0.07180281547269729
5.0,8199.441497903015,0.9245156500569334,0.9476792024517369,0.0231635523948035
10.0,0.0,0.0,0.0,0.0
10.0,62.83185307179586,0.02288810738999203,0.029141111927119868,0.006253004537127838
10.0,2049.860374475754,0.5776496024581376,0.610224152257934,0.03257454979979646
10.0,8199.441497903015,0.9372558384360687,0.9476792024517369,0.010423364015668124
100.0,0.0,0.0,0.0,0.0
100.0,62.83185307179586,0.025445136844901073,0.029141111927119868,0.003695975082218795
100.0,2049.860374475754,0.6061195910993167,0.610224152257934,0.004104561158617348
100.0,8199.441497903015,0.947615341255373,0.9476792024517369,6.386119636392351e-05
1000.0,0.0,0.0,0.0,0.0
1000.0,62.83185307179586,0.02876684518842937,0.029141111927119868,0.00037426673869049923
1000.0,2049.860374475754,0.6058981185708582,0.610224152257934,0.004326033687075848
1000.0,8199.441497903015,0.9483739380759368,0.9476792024517369,0.0006947356241999714
