omega_T1,normalized_amplitude,lag_deg
0.01,0.9999500037496877,0.5729386976834859
0.010115940303835098,0.9999488378025082,0.5795809158161215
0.010233224823075534,0.9999476446667687,0.5863001281759426
0.010351869142595558,0.9999464237085635,0.593097226878666
0.010471889027960936,0.9999451742792121,0.5999731143636067
0.010593300427523858,0.9999438957149155,0.6069287035126786
0.010716119474542218,0.999942587336403,0.613964917770754
0.010840362489323381,0.9999412484485728,0.6210826912673904
0.010966045981392857,0.9999398783401225,0.6282829689399432
0.011093186651688092,0.9999384762831729,0.6355667066580803
0.011221801394777709,0.99993704153288,0.6429348713497107
0.011351907301106481,0.9999355733270426,0.6503884411283458
0.011483521659266296,0.999934070885696,0.657928405421905
0.011616661958293523,0.9999325334106984,0.6655557651029879
0.011751345889992942,0.9999309600853099,0.6732715326206208
0.011887591351288652,0.9999293500737558,0.6810767321334997
0.012025416446602242,0.999927702520787,0.6889723996447437
0.012164839490258508,0.9999260165512242,0.6969595831381744
0.012305879008919092,0.9999242912694947,0.70503934271614
0.012448553744044296,0.9999225257591579,0.7132127507388967
0.0125928826543835,0.9999207190824189,0.7214808919655709
0.012738884918494396,0.9999188702796322,0.7298448636967109
0.012886579937291455,0.9999169783687912,0.7383057759184518
0.013035987336623941,0.999915042345011,0.7468647514483066
0.013187126969883816,0.999913061179992,0.7555229260826037
0.01334001892064385,0.9999110338214782,0.7642814487455853
0.01349468350532639,0.9999089591926978,0.7731414816401894
0.013651141275902995,0.9999068361917929,0.7821042004005258
0.0138094130226254,0.9999046636912361,0.7911707942460696
0.013969519776788154,0.9999024405372335,0.8003424661375912
0.014131482813523277,0.9999001655491122,0.8096204329348343
0.014295323654627322,0.9998978375186964,0.819005925555968
0.014461064071421177,0.9998954552096665,0.8285001891388246
0.014628726087643117,0.9998930173569046,0.8381044832039501
0.014798331982375294,0.9998905226658245,0.8478200818194763
0.014969904293004219,0.9998879698116863,0.8576482737678416
0.015143465818215544,0.9998853574388955,0.8675903627143742
0.015319039621023578,0.9998826841602838,0.8776476673777612
0.015496649031835924,0.9998799485563769,0.8878215217024203
0.01567631765155362,0.9998771491746404,0.8981132750327915
0.015858069354707283,0.9998742845287144,0.9085242922895754
0.016041928292629563,0.9998713530976241,0.9190559541479316
0.0162279188966644,0.9998683533249761,0.9297096572176579
0.01641606588141346,0.9998652836181343,0.9404868142253722
0.016606394248020264,0.9998621423473789,0.9513888541987183
0.016798929287492364,0.9998589278450424,0.9624172226526124
0.016993696584061985,0.9998556384046279,0.9735733817775502
0.017190722018585746,0.9998522722799078,0.9848588106300032
0.0173900317719837,0.9998488276839992,0.9962750053249148
0.01759165232871828,0.9998453027884192,1.007823479230321
0.017795610480313584,0.9998416957221189,1.0195057631641178
0.018001933328915445,0.9998380045704937,1.0313234055929963
0.018210648290892816,0.9998342273743708,1.0432779728335646
0.01842178310048084,0.9998303621289757,1.0553710492556765
0.018635365813466243,0.9998264067828713,1.0676042374879948
0.018851424810915392,0.999822359236874,1.0799791586258025
0.019069988802945595,0.9998182173429461,1.092497452441089
0.01929108683254014,0.9998139789030597,1.1051607775949315
0.019514748279407537,0.9998096416680364,1.117970811852189
0.019741002863885544,0.9998052033363614,1.130929252298541
0.01996988065089039,0.9998006615529651,1.144037815559878
0.020201412053911877,0.9997960139079828,1.1572982380240824
0.020435627839054733,0.9997912579354818,1.170712276065207
0.020672559129126834,0.9997863911121604,1.1842817062700797
0.02091223740777483,0.9997814108560159,1.1980083256673604
0.021154694523667746,0.9997763145249834,1.2118939519590626
0.02139996269472903,0.999771099415542,1.2259404237545701
0.021648074512417695,0.9997657627612898,1.2401496008071653
0.02189906294605915,0.9997603017314843,1.2545233642530988
0.022152961347226156,0.9997547134295514,1.2690636168532117
0.022409803454170613,0.9997489948915577,1.283772283237141
0.02266962339630675,0.9997431430846506,1.298651310150131
0.022932455698746256,0.9997371549054588,1.3137026667024627
0.023198335286886026,0.9997310271784584,1.3289283446215387
0.023467297491049033,0.9997247566543009,1.34433035850663
0.02373937805117912,0.9997183400081034,1.3599107460863205
0.024014613121590117,0.9997117738376967,1.3756715684786613
0.024293039275770065,0.9997050546618368,1.3916149104540616
0.02457469351124114,0.9996981789183723,1.4077428807009367
0.024859613254475915,0.9996911429623716,1.4240576120941355
0.025147836365870625,0.9996839430642058,1.4405612619661696
0.025439401144776063,0.999676575407588,1.4572560123812617
0.02573434633458689,0.9996690360875684,1.4741440704122433
0.026032711127889855,0.9996613211084815,1.491227668420313
0.026334535171671745,0.9996534263818475,1.508509064337684
0.026639858572587716,0.999645347724226,1.5259905419531368
0.026948721902290702,0.999637080855019,1.5436744112005019
0.027261166202822634,0.9996286213942244,1.5615630084500913
0.02757723299206807,0.9996199648601386,1.5796586968030957
0.027896964269271237,0.9996111066670044,1.5979638663889786
0.028220402520616857,0.9996020421226077,1.6164809346658706
0.028547590724875765,0.9995927664258177,1.6352123467239992
0.028878572359115978,0.9995832746640706,1.6541605755921616
0.029213391404479958,0.999573561810796,1.673328122547269
0.02955209235202888,0.9995636227227859,1.6927175174269733
0.02989472020865459,0.9995534521375006,1.7123313189453957
0.03024132050306026,0.9995430446703167,1.7321721150119849
0.030591939291810196,0.999532394811709,1.7522425230535041
0.03094662316544993,0.9995214969243701,1.7725451903391811
0.03130541925469719,0.9995103452402642,1.7930827943090266
0.03166837523670466,0.9994989338576126,1.8138580429053432
0.03203553934139542,0.9994872567378115,1.8348736749074384
0.03240696035787167,0.9994753077022799,1.8561324602695501
0.03278268764089805,0.9994630804292348,1.87763720046202
0.03316277111745974,0.9994505684503944,1.8993907288156915
0.03354726129339695,0.9994377651476041,1.9213959108695866
0.03393620926011615,0.9994246637493891,1.943655644721846
0.03432966670137907,0.9994112573274261,1.9661728613839489
0.03472768590017064,0.9993975387929362,1.9889505251382402
0.035130319745646205,0.9993835008929961,2.0119916338987407
0.03553762174015964,0.9993691362067653,2.0352992195752924
0.03594964600637273,0.9993544371416274,2.0588763484410095
0.03636644729444704,0.9993393959292463,2.0827261215030637
0.03678808098931919,0.9993240046215306,2.1068516748768062
0.03721460311806036,0.9993082550865087,2.131256180163219
0.037646070357321426,0.9992921390041103,2.1559428448297306
0.03808254004086396,0.9992756478618517,2.1809149125943526
0.038524070167178966,0.9992587729504273,2.2061756638131853
0.0389707194071937,0.9992415053591966,2.231728415871265
0.03942254711206795,0.9992238359715749,2.2575765235767564
0.03987961332108063,0.9992057554603173,2.2837233795584977
0.04034197876960784,0.9991872542826971,2.310172414666879
0.040809704897193606,0.9991683226755782,2.3369270983780774
0.04128285385571374,0.9991489506503745,2.3639909392015914
0.04176148851763488,0.9991291279878975,2.39136748509113
0.04224567248436894,0.9991088442330895,2.4190603238587967
0.04273547009472452,0.9990880886896377,2.4470730835925734
0.043230946433456346,0.999066850414469,2.475409433077103
0.043732167339913704,0.9990451182121218,2.504073082217728
0.04423919941678942,0.9990228806289937,2.5330677824678047
0.04475211003896983,0.9990001259474575,2.562397327259224
0.04527096736248783,0.9989768421798523,2.5920655524361704
0.04579584033357939,0.9989530170623355,2.622076336692055
0.04632679869784528,0.9989286380486025,2.652433602009619
0.046863913009518865,0.9989036923034662,2.6831413141041605
0.04740725464084136,0.9988781666962928,2.714203482869869
0.047956895791546085,0.9988520477942964,2.7456241628292397
0.04851290949845209,0.9988253218556817,2.7774074535854893
0.049075369645169606,0.9987979748226392,2.809557500277992
0.049644350971917675,0.9987699923141838,2.8420784940406483
0.050219929085455715,0.9987413596188379,2.874974672463163
0.05080218046913023,0.9987120616871528,2.908250320055171
0.05139118249303785,0.998682083124068,2.941909768713163
0.05198701342430665,0.9986514081811017,2.9759573981901757
0.052589752437496,0.9986200207483721,3.0103976365681326
0.05319947962511759,0.998587904346445,3.045234960732841
0.05381627600827811,0.9985550421180035,3.0804738968515237
0.05444022354744544,0.9985214168193367,3.1161190208528438
0.05507140515333962,0.9984870108116456,3.1521749589093324
0.055709904697949994,0.9984518060521586,3.1886463879221427
0.05635580702568049,0.9984157840850572,3.2255380360080705
0.05700919796462345,0.9983789260322052,3.262854682988689
0.05767016433796482,0.9983412125836787,3.300601160881586
0.05833879397552119,0.9983026239880938,3.3387823543935413
0.0590151757254107,0.9982631400427247,3.377403201415565
0.05969939946585932,0.9982227400834147,3.4164686935196915
0.06039155611714375,0.9981814029742676,3.455983876457395
0.061091737653673386,0.9981391070971234,3.4959538506595433
0.06180003711621149,0.9980958303408095,3.5363837717376976
0.06251654862423887,0.9980515500901633,3.577278850986706
0.06324136738846048,0.9980062432148242,3.618644355888384
0.06397458972345699,0.9979598860577901,3.660485610616168
0.06471631306048337,0.9979124544237311,3.702807996540592
0.06546663596041531,0.9978639235670617,3.7456169527353937
0.06622565812684658,0.9978142681797609,3.788917976484149
0.06699348041933717,0.9977634623789405,3.832716623787156
0.06777020486681604,0.9977114796941532,3.877018509868507
0.06855593468113859,0.9976582930544404,3.921829309683054
0.06935077427080162,0.9976038747751114,3.9671547584231264
0.07015482925481727,0.9975481965442484,4.0130006520247745
0.07096820647674752,0.99749122940894,4.059372847673307
0.07179101401890217,0.9974329437612269,4.106277264307948
0.07262336121670031,0.9973733093237664,4.15371988312528
0.07346535867319934,0.9973122951352044,4.201706748081342
0.07431711827379187,0.9972498695352485,4.250243966392035
0.0751787532010731,0.9971860001494469,4.299337709031608
0.07605037794988076,0.9971206538736559,4.348994211228941
0.07693210834250905,0.9970537968581987,4.399219772961324
0.07782406154409961,0.9969853944917114,4.450020759445462
0.07872635607821005,0.9969154113846662,4.501403601625325
0.07963911184256382,0.9968438113525695,4.553374796656603
0.08056245012498225,0.996770557398833,4.605940908387362
0.08149649361950129,0.9966956116973059,4.659108567834567
0.08244136644267534,0.9966189355744703,4.712884473656123
0.08339719415006974,0.9965404894912925,4.767275392618014
0.08436410375294517,0.9964602330247214,4.822288160056216
0.08534222373513439,0.996378124848837,4.877929680332858
0.08633168407011584,0.9962941227156369,4.9342069272863505
0.08733261623828432,0.99620818343546,4.991126944674906
0.08834515324442241,0.9961202628570432,5.0486968466130895
0.08936942963537411,0.9960303158472019,5.106923818000866
0.09040558151792354,0.995938296270137,5.165815114944677
0.09145374657688127,0.995844156966355,5.225378065170058
0.09251406409337944,0.9957478497312067,5.285620068425189
0.09358667496338005,0.9956493252930311,5.346548596874948
0.09467172171639715,0.995548533290906,5.408171195484792
0.09576934853443624,0.9954454222519995,5.470495482393942
0.09687970127115349,0.9953399395685179,5.5335291492772445
0.09800292747123655,0.9952320314742467,5.597279961695067
0.09913917639001103,0.9951216430206812,5.661755759430633
0.10028859901327296,0.9950087180527428,5.726964456814014
0.10145134807735248,0.9948931991840775,5.79291404303222
0.10262757808940934,0.9947750277719343,5.859612582424555
0.10381744534796397,0.9946541438916192,5.927068214762551
0.10502110796366665,0.9945304863105234,5.995289155513696
0.10623872588030732,0.9944039924617224,6.064283696088168
0.10747046089606897,0.9942745984171436,6.134060204067738
0.1087164766850278,0.9941422388603013,6.204627123416022
0.10997693881890215,0.9940068470585969,6.275992974669184
0.1112520147890539,0.9938683548351825,6.348166355106189
0.11254187402874488,0.9937266925403876,6.4211559388976855
0.1138466879356513,0.9935817890227083,6.49497047723255
0.11516662989463926,0.993433571599357,6.5696187984211045
0.11650187530080414,0.9932819660263754,6.645109807973963
0.11785260158277754,0.9931268964683109,6.721452488655506
0.11921898822630393,0.9929682854674521,6.798655900510828
0.12060121679809101,0.9928060539126352,6.876729180865091
0.12199947096993632,0.9926401210076123,6.955681544294106
0.12341393654313396,0.992470404238992,7.035522282564966
0.12484480147316361,0.9922968193437506,7.116260764545485
0.12629225589466672,0.9921192802763213,7.197906436081236
0.12775649214671148,0.9919376991752614,7.2804688198388225
0.1292377047983511,0.9917519863295073,7.3639575151141194
0.13073609067447825,0.9915620501442185,7.448382197604052
0.13225184888197944,0.9913677971062201,7.533752619140555
0.13378518083619254,0.99116913174905,7.620078607385249
0.13533629028767072,0.9909659566176173,7.707370065483307
0.13690538334925748,0.990758172232483,7.795636971675063
0.13849266852347483,0.9905456770537718,7.884889378863723
0.14009835673022936,0.990328367444726,7.975137414137587
0.14172266133483943,0.9901061376349102,8.066391278245161
0.14336579817638745,0.9898788796830859,8.158661245021424
0.14502798559640068,0.9896464834397621,8.251957660763525
0.14670944446786457,0.9894088365094432,8.346290943554132
0.14841039822457286,0.9891658242125856,8.441671582530638
0.15013107289081734,0.9889173295472832,8.538110137098274
0.15187169711142243,0.9886632331506988,8.635617236085292
0.15363250218212746,0.9884034132602614,8.734203576838233
0.15541372208032167,0.9881377456746528,8.833879924255262
0.15721559349613537,0.9878661037146013,8.934657109755547
0.1590383558638911,0.9875883581835126,9.036546030182523
0.16088225139392048,0.9873043773279596,9.139557646639046
0.16274752510474907,0.9870140267980594,9.243702983252042
0.16463442485565458,0.9867171696077683,9.348993125864613
0.16654320137960268,0.9864136660951227,9.455439220653187
0.1684741083165648,0.986103373882462,9.563052472667497
0.17042740224722186,0.9857861478366648,9.671844144290926
0.17240334272705882,0.985461840029437,9.78182555361887
0.174402192320855,0.9851302996976906,9.893008072752664
0.1764242166375737,0.9847913732040512,10.00540312600655
0.17846968436565666,0.9844449039975403,10.119022188025147
0.1805388673087275,0.9840907325744762,10.233876781808874
0.18263204042170933,0.9837286964396404,10.349978476644695
0.18474948184736112,0.9833586300677588,10.46733888593952
0.18689147295323713,0.9829803648653526,10.585969664953549
0.18905829836907587,0.9825937291330096,10.70588250843091
0.1912502460246216,0.9821985480281384,10.827089148124719
0.1934676071878848,0.9817946435282604,10.949601350213849
0.19571067650384608,0.9813818343949053,11.073430912608542
0.19797975203360893,0.9809599361381774,11.19858966214202
0.20027513529400645,0.9805287609820553,11.325089451645246
0.2025971312976667,0.9800881178305036,11.452942156901843
0.2049460485935438,0.9796378122344677,11.582159673480422
0.20732219930791762,0.9791776463598281,11.712753913441171
0.2097258991858697,0.9787074189563977,11.84473680191394
0.2121574676332396,0.978226925328047,11.978120273544747
0.21461722775906786,0.9777359573040388,12.112916268807806
0.21710550641853127,0.9772343032116725,12.24913673018009
0.21962263425637502,0.9767217478503231,12.386793598175442
0.2221689457508499,0.9761980724669789,12.525898807235372
0.22474477925815758,0.9756630547333757,12.666464281473491
0.22735047705741188,0.9751164687248349,12.808501930270737
0.22998638539612098,0.9745580849009116,12.952023643718482
0.2326528545361972,0.9739876700879648,13.097041287906643
0.2353502388005003,0.9734049874637696,13.243566700054018
0.23807889661991957,0.9728097965442836,13.391611683477965
0.24083919058100342,0.9722018531726965,13.541188002400878
0.2436314874741395,0.9715809095108888,13.69230737659057
0.24645615834229437,0.9709467140334266,13.844981475832137
0.24931357853031805,0.9702990115242294,13.999221914228709
0.2522041277348201,0.9696375430760508,14.15504024432863
0.25512819005462434,0.9689620460929076,14.312447951076775
0.2580861540418075,0.9682722542956076,14.471456445587693
0.26107841275333143,0.9675678977305222,14.632077058738547
0.2641053638032721,0.9668487027817556,14.794321034579744
0.26716740941565514,0.9661143921868669,14.958199523561422
0.2702649564779039,0.9653646850563021,15.123723575574138
0.27339841659490666,0.9645992968966993,15.290904132802057
0.27656820614371164,0.9638179396382299,15.459752022387416
0.27977474632885463,0.9630203216661444,15.630277948904888
0.28301846323833013,0.9622061478566918,15.80249248664498
0.2862997879002096,0.9613751196175867,15.976406071705552
0.289619156339917,0.9605269349331965,16.152028993890937
0.29297700963816853,0.9596612884146273,16.329371388418327
0.2963737939895833,0.9587778713548861,16.50844322743128
0.2998099607619748,0.9578763717892999,16.689254311320617
0.303285966556328,0.9569564745613718,16.87181425985305
0.3068022732674742,0.9560178613942569,17.056132503108504
0.31035934814546723,0.9550602109680406,17.242218272226953
0.31395766385767204,0.9540831990030006,17.4300805899664
0.31759769855157366,0.9530864983490368,17.619728261073654
0.3212799359183136,0.9520697790814485,17.811169862470035
0.3250048652569626,0.9510327086032416,18.00441373325451
0.3287729815395404,0.9499749517541429,18.199467964527276
0.33258478547678694,0.9488961709264959,18.396340389036858
0.33644078358469787,0.9477960261882185,18.595038570654754
0.34034148825183075,0.9466741754129848,18.79556979368164
0.3442874178073914,0.9455302744178035,18.997941051989876
0.34827909659011064,0.9443639771081501,19.202159038007483
0.3523170550179177,0.9431749356308157,19.40823013154915
0.35640182965842415,0.9419628005346132,19.616160388500596
0.36053396330022247,0.9407272209390966,19.82595552936284
0.36471400502501244,0.9394678447114193,20.037620927663678
0.368942510280564,0.9381843186514678,20.25116159824425
0.37322004095452527,0.9368762886853819,20.46658218542898
0.377547165449087,0.9355434000675797,20.68388695108795
0.3819244587565117,0.934185297591378,20.903079762601205
0.38635250253554027,0.9328016258082991,21.124164080735387
0.3908318851886824,0.9313920292561374,21.34714294744322
0.3953632019404044,0.9299561526958469,21.572018973597622
0.3999470549162232,0.9284936413572951,21.798794326672322
0.4045840532227172,0.9270041411939147,22.02747071838191
0.40927481302846513,0.9254872991462693,22.258049392294634
0.4140199576459225,0.9239427634145276,22.490531111432038
0.41882011761424875,0.9223701837398276,22.7249161458703
0.4236759307830935,0.9207692116944901,22.961204260358514
0.4285880423973545,0.9191395009810197,23.199394701970125
0.4335571051829184,0.917480707739814,23.439486187804192
0.43858377943339577,0.9157924908654747,23.681476892753892
0.44366873309786137,0.9140745123315956,23.9253644373603
0.4488126418696113,0.9123264375238772,24.17114587577011
0.4540161892759509,0.9105479355813866,24.418817683816634
0.4592800667690216,0.90873867974577,24.668375747243935
0.46460497381768207,0.9068983477181831,24.919815350094613
0.4699916180004541,0.9050266220236841,25.173131163282303
0.4754407150995463,0.9031231903828105,25.428317233370525
0.4809529891959683,0.901187746090022,25.685366971579967
0.48652917276574625,0.8992199883986718,25.94427314304677
0.4921700067772562,0.8972196229121334,26.205027856355066
0.49787624078968395,0.8951863619806816,26.467622553366994
0.5036486330526272,0.893119925103695,26.732047999374206
0.5094879506068526,0.8910200393367198,26.998294273595047
0.5153949693862205,0.8888864397028969,27.266350760041806
0.5213704743207929,0.8867188696082305,27.536206138782827
0.527415259441133,0.884517081260143,27.80784837762423
0.5335301279838203,0.882280836088723,28.08126472423655
0.5397158924981825,0.8800099051700605,28.356441698750963
0.5459733749542696,0.877704069651011,28.633365086850553
0.5523034068520768,0.8753631211747193,28.912019933381412
0.5587068293320357,0.8729868623061949,29.192390536508572
0.5651844932867861,0.8705751069572054,29.474460442441423
0.5717372594742418,0.8681276808097302,29.75821244075297
0.5783659986319708,0.865644421737187,30.04362856031713
0.5850715915928989,0.8631251802226219,30.330690065887552
0.5918549294023554,0.8605698197730309,30.61937745534106
0.5987169134364764,0.8579782173289596,30.909670457608378
0.60565845552198,0.8553502636685053,31.201548031313827
0.612680478057332,0.8526858638048358,31.49498836414515
0.619783914135312,0.8499849373763142,31.789968872973564
0.6269697076670074,0.8472474190283142,32.086466204743544
0.634238813507239,0.8444732587857972,32.38445623815034
0.6415921975814431,0.8416624224157108,32.6839140861226
0.6490308370140252,0.838814891778272,32.98481409912584
0.6565557202582006,0.835930665166184,33.28712986930174
0.6641678472273418,0.8330097576308482,33.59083423545622
0.6718682294278459,0.8300522012946281,33.89589928890851
0.6796578900935473,0.8270580456482318,34.2022963802114
0.6875378643216841,0.8240273578322912,34.509996126751474
0.6955091992104431,0.8209602229022267,34.818968421236406
0.7035729539980996,0.8178567440755057,35.129182441074796
0.7117302002037693,0.814717042960421,35.44060665865196
0.7199820217697938,0.8115412597655414,35.75320885250357
0.7283295152057736,0.8083295534890129,36.0669561193867
0.7367737897342763,0.80508210208692,36.3818148872465
0.7453159674382293,0.8017991026199507,36.69775092907391
0.753957183410023,0.7984807713776471,37.01472937764857
0.7626985859023444,0.7951273439795647,37.332714741158476
0.7715413364807562,0.7917390754527073,37.651670919686076
0.7804866101780482,0.7883162402846522,37.97156122254841
0.7895355956503751,0.7848591324518314,38.2923483864766
0.798689495335208,0.7813680654224886,38.61399459461816
0.8079495256111147,0.7778433721338881,38.93646149634328
0.8173169169593922,0.7742854049434093,39.259710227834034
0.826792914127576,0.7706945355532228,39.583701433434
0.8363787762948423,0.7670711549083128,39.90839528773285
0.8460757772393274,0.7634156730676639,40.233751518359256
0.8558852055073919,0.7597285190485118,40.559729429453206
0.8658083645848411,0.7560101406436178,40.88628792578681
0.8758465730701348,0.752261004211598,41.21338553750115
0.8860011648496029,0.7484815944404122,41.54098044542476
0.8962734892746943,0.7446724140841863,41.86903050693781
0.9066649113412799,0.7408339836736134,42.19749328234456
0.917176811871033,0.7369668412002569,42.52632606171467
0.9278105876949164,0.7330715417751369,42.85548589215363
0.9385676518387934,0.7291486572620713,43.18492960545996
0.9494494337111918,0.7251987758862953,43.514613846126935
0.9604573792932456,0.7212225018189615,43.8444950996448
0.9715929513308378,0.7172204547381897,44.17452972105878
0.9828576295289719,0.7131932693673955,44.504673963737496
0.9942529107483954,0.709141594991697,44.83488400830564
1.0057803092045052,0.7050660949532543,45.16511599169438
1.0174413566685578,0.7009674461264559,45.495326036262504
1.0292376026712131,0.6968463383739233,45.825470278941225
1.0411706147084345,0.6927034739843576,46.15550490035522
1.053241978449781,0.6885395670932927,46.485386153873065
1.0654532979491165,0.6843553430878713,46.81507039454006
1.0778061958577487,0.6801515379968082,47.144514107846376
1.0903023136400591,0.6759288978667173,47.473673938285344
1.1029433117916125,0.671688178126044,47.80250671765545
1.115730870059814,0.6674301429378435,48.130969493062196
1.1286666876671079,0.6631555645426931,48.459019554575264
1.1417524835367752,0.6588652225930263,48.78661446249885
1.154989996521349,0.6545599034802062,49.113712074213204
1.1683809856336669,0.6502403996556619,49.4402705705468
1.1819272302806194,0.6459075089474077,49.766248481640766
1.1956305304995898,0.6415620338732859,50.09160471226715
1.2094927071976547,0.6372047809522479,50.416298566566
1.2235156023935385,0.6328365600150015,50.74028977216598
1.2377010794623868,0.6284581835153247,51.06353850365672
1.2520510233833775,0.6240704658433351,51.38600540538185
1.2665673409901883,0.6196742226419932,51.70765161352341
1.2812519612243904,0.6152702701280718,52.028438777451605
1.2961068353917569,0.6108594244188204,52.34832908031392
1.3111339374215643,0.6064425008655009,52.667285258841524
1.3263352641288815,0.6020203133949531,52.98527062235144
1.3417128354799117,0.5975936738602926,53.302249070926095
1.3572686948604116,0.5931633914018174,53.618185112753515
1.3730049093472092,0.5887302718191523,53.9330438806133
1.3889235699828897,0.5842951169555997,54.246791147496445
1.405026792053645,0.5798587240956432,54.559393341348056
1.4213167153703596,0.5754218853764712,54.87081755892521
1.4377955045529547,0.5709853872143543,55.181031578763616
1.4544653493180146,0.5665500097466536,55.49000387324853
1.4713284647697709,0.5621165262901697,55.79770361978862
1.4883870916944337,0.5576857028165076,56.1041007110915
1.5056434968579635,0.55325829744505,56.4091657645438
1.5230999733072694,0.5488350599541005,56.712870130698285
1.5407588406749162,0.5444167313106808,57.01518590087416
1.5586224454873634,0.5400040432194165,57.31608591387743
1.5766931614767634,0.5355977176908955,57.615543761849665
1.594973389896398,0.5311984666298085,57.91353379525648
1.6134655598397458,0.52680699144315,58.21003112702645
1.6321721285632753,0.5224239826686756,58.50501163585487
1.6510955818129567,0.5180501196237852,58.79845196868619
1.6702384341545742,0.513686070074925,59.090329542391636
1.689603229307869,0.5093324899275647,59.38062254465896
1.70919254048454,0.5049900229367571,59.669309934112455
1.729008970730187,0.5006593004382229,59.95637143968288
1.749055153270193,0.4963409410998844,60.241787559247044
1.7693337518596428,0.4920355506936977,60.52553955755858
1.7898474611372739,0.4877437218876165,60.80760946349144
1.8105990069835465,0.4834660340574648,61.08798006661859
1.8315911468828674,0.4792030531184596,61.36663491314946
1.852826670289994,0.47495533137610024,61.643558301249044
1.8743083990007146,0.47072340739608814,61.91873527576347
1.8960391875267957,0.46650780589293206,62.19215162237578
1.9180219234753075,0.4623090376368403,62.46379386121719
1.9402595279323194,0.4581275993785009,62.7336492399582
1.9627549558510602,0.4539639737913025,63.001705726404964
1.9855111964445828,0.44981862943054063,63.267952000625804
2.008531273582959,0.44569202070913505,63.53237744663301
2.031818246195111,0.44158458788935184,63.79497214364495
2.0553752086752657,0.43749675709002966,64.05572685695324
2.0792052912941603,0.4334289403087732,64.31463302842005
2.1033116606149806,0.42938153545858687,64.5716827666295
2.12769751991414,0.4253549264183967,64.82686883671771
2.152366109606944,0.4213494830969054,65.08018464990539
2.177320707678163,0.41736556150922977,65.33162425275606
2.20256463011763,0.413403503865745,65.58118231618337
2.2281012313608564,0.40946363867258223,65.82885412422989
2.253933904734791,0.40554628084320443,66.07463556263971
2.2800660829087103,0.40165173182050323,66.31852310724612
2.3065012383503634,0.39778027970884894,66.56051381219581
2.3332428837874017,0.39393219941553637,66.8006052980299
2.36029457267414,0.39010775280107834,67.0387957396415
2.3876598996637584,0.38630718883779064,67.27508385412972
2.4153425010859464,0.38253074377613927,67.50946888856797
2.443346055430121,0.37877864131830835,67.74195060770538
2.471674283834208,0.37505109279847787,67.9725292816181
2.5003309505791202,0.3713482973692901,68.20120567332768
2.529319863588966,0.3676704421940095,68.42798102640239
2.55864487493703,0.3640177026438886,68.65285705255678
2.588309881357663,0.3603902425002568,68.87583591926462
2.6183188247640614,0.3567882141608779,69.0969202373988
2.648675692772093,0.35321175885011574,69.31611304891206
2.6793845192301577,0.34966100683248175,69.53341781457104
2.710449384755217,0.34613607762913307,69.74883840175576
2.741874417275036,0.3426370802369181,69.96237907233633
2.7736637925766896,0.33916411334957647,70.17404447063717
2.8058217348614662,0.33571726558070925,70.38383961149941
2.838352517306161,0.33229661568816304,70.59176986845085
2.8712604626309215,0.3289022327994704,70.79784096199253
2.9045499436736364,0.3255341766380196,71.00205894801013
2.938225383971009,0.32219249774962994,71.20443020631836
2.9722912583463703,0.3188772377292269,71.40496142934526
3.0067520935042773,0.3155884294473332,71.60365961096315
3.0416124686320494,0.3123260972760904,71.80053203547273
3.07687701600823,0.3090902573145608,71.99558626674549
3.112550421618154,0.3058809176130506,72.18883013752998
3.1486374257766028,0.3026980783962322,72.38027173892635
3.1851428237577113,0.29954173228483655,72.56991941003359
3.2220714664321783,0.2964118645157134,72.75778172777305
3.2594282609118315,0.2933084531600671,72.9438674968915
3.2972181712017155,0.29023146933968164,73.12818574014696
3.3354462188596874,0.28718087744097276,73.31074568867939
3.3741174836637113,0.2841566353267042,73.49155677256871
3.413237104286842,0.2811586945452293,73.67062861158169
3.4528102789800648,0.27818700053711876,73.84797100610906
3.4928422662630565,0.2752414928390536,74.02359392829446
3.533338385622916,0.2723221052848744,74.19750751335502
3.5743040182210515,0.2694287662036774,74.36972205109512
3.615744607608206,0.2665613986148734,74.5402479776126
3.657665660447829,0.2637199204201179,74.70909586719795
3.7000727472477837,0.26090424459204675,74.87627642442587
3.7429715031005695,0.2581142793597455,75.04180047643858
3.7863676284321306,0.25534992839089715,75.20567896542026
3.830266889759309,0.25261109097056245,75.36792294126145
3.874675120456132,0.2498976621765443,75.52854355441232
3.9195982215289282,0.247209533051309,75.68755204892322
3.9650421624004877,0.24454659077042942,75.84495975567138
4.011012981703258,0.24190871880753584,76.00077808577129
4.057516788081776,0.23929579709575258,76.15501852416787
4.1045597610044,0.23670770218561507,76.30769262340944
4.152148151584415,0.2341443073994638,76.45881199759913
4.200288283410721,0.23160548298231134,76.60838831652204
4.248986553388083,0.22909109624919616,76.75643329994598
4.298249432587191,0.22660101172902491,76.90295871209337
4.348083467104513,0.2241350913049265,77.04797635628152
4.398495278932158,0.22169319435113005,77.19149806972926
4.449491566837824,0.2192751778663921,77.33353571852652
4.501079107254911,0.21688089660400042,77.47410119276464
4.553264755183007,0.21451020319837874,77.61320640182456
4.606055445098761,0.2121629482883307,77.75086326981992
4.65945819187737,0.20983898063695117,77.8870837311922
4.713480091724692,0.20753814724824848,78.02187972645525
4.768128323120214,0.20526029348051225,78.15526319808606
4.823410147770947,0.20300526315646983,78.28724608655884
4.87933291157633,0.20077289867027817,78.41784032651958
4.935904045604408,0.19856304109138948,78.54705784309817
4.993131067079232,0.19637553026534563,78.67491054835476
5.051021580379798,0.19421020491154123,78.80141033785799
5.109583278050488,0.19206690271801227,78.92656908739146
5.168823941823277,0.18994546043329483,79.05039864978616
5.228751443651792,0.18784571395540747,79.17291085187529
5.289373746757309,0.18576749841801143,79.29411749156908
5.350698906686955,0.18371064827379607,79.41403033504645
5.412735072384094,0.1816749973751493,79.53266111406049
5.475490487271207,0.17966037905215984,79.6500215233553
5.538973490345251,0.1776666261880117,79.76612321819113
5.603192517285767,0.17569357129182017,79.88097781197486
5.6681561015758355,0.17374104656896514,79.99459687399346
5.73387287563598,0.17180888398897817,80.10699192724734
5.800351571971289,0.16989691535103296,80.21817444638113
5.86760102433176,0.1680049723470986,80.32815585570907
5.9356301688861794,0.1661328866228039,80.4369475273325
6.004448045409527,0.1642804898360721,80.54456077934682
6.074063798484207,0.1624476137135743,80.65100687413539
6.1444866787152135,0.1606340901050566,80.75629701674796
6.2157260439593065,0.15883975103559494,80.86044235336097
6.287791360568547,0.15706442875582535,80.96345396981748
6.360692204648147,0.15530795579020584,81.06534289024445
6.434438263328994,0.15357016498335607,81.16612007574474
6.509039336054852,0.15185088954452924,81.26579642316177
6.58450533588453,0.1501499630902625,81.3643827639147
6.660846290809161,0.14846721968525556,81.46188986290173
6.738072345084688,0.14680249388152766,81.55832841746935
6.816193760579891,0.14515562075589658,81.65370905644588
6.89522091813994,0.14352643594583042,81.74804233923648
6.975164318965871,0.1419147756837138,81.84133875497858
7.056034586009939,0.14032047682957824,81.93360872175485
7.13784246538723,0.13874337690233687,82.02486258586242
7.220598827803641,0.1371833141095689,82.11511062113628
7.304314670000328,0.13564012737589773,82.20436302832493
7.389001116215032,0.13411365637000108,82.29262993451671
7.474669419660214,0.1326037415302986,82.37992139261475
7.56133096401845,0.1311102240893527,82.46624738085944
7.6489972649550575,0.12963294609702603,82.55161780239595
7.737679971648326,0.12817175044243118,82.63604248488589
7.827390868337496,0.12672648087471128,82.71953118016118
7.918141875888605,0.12529698202268974,82.80209356391876
8.009945053378603,0.12388309941342218,82.88373923545453
8.102812599697714,0.12248467948968947,82.96447771743503
8.1967568551705,0.12110156962646228,83.04431845570589
8.291790303195594,0.11973361814637487,83.12327081913492
8.387925571904532,0.11838067433423735,83.20134409948918
8.485175435839816,0.11704258845062011,83.2785475113445
8.58355281765235,0.11571921174454235,83.35489019202605
8.683070789818677,0.11441039646529269,83.43038120157891
8.783742576377998,0.11311599587341445,83.50502952276746
8.885581554689457,0.11183586425088163,83.57884406110233
8.988601257209686,0.11056985691049635,83.65183364489381
9.092815373291025,0.10931783020453316,83.72400702533082
9.198237751000612,0.10807964153265721,83.79537287658398
9.304882398960455,0.10685514934914431,83.86593979593226
9.412763488208993,0.10564421316942404,83.93571630391183
9.521895354084075,0.10444669357597544,84.0047108444863
9.632292498127931,0.10326245222359408,84.07293178523744
9.743969590014087,0.10209135184405846,84.14038741757545
9.8569414694967,0.10093325625021463,84.20708595696777
9.971223148382528,0.09978803033950225,84.273035543186
10.086829812525627,0.0986555400969449,84.33824424056937
10.203776823845347,0.09753565259762201,84.40272003830493
10.322079722367569,0.09642823600864588,84.46647085072277
10.441754228289705,0.0953331595906608,84.52950451760606
10.562816244069642,0.09425029369888394,84.5918288045152
10.685281856538811,0.09317950978370756,84.65345140312505
10.809167339039895,0.09212068039087756,84.71437993157483
10.93448915358916,0.091073679161269,84.77462193482994
11.061263953064037,0.09003838083027174,84.83418488505532
11.18950858341589,0.08901466122680589,84.89307618199913
11.319240085908552,0.0880023972719798,84.95130315338692
11.450475699382825,0.08700146697740735,85.0088730553251
11.583232862547103,0.08601174944319957,85.06579307271366
11.71752921629475,0.08503312485564307,85.12207031966715
11.853382606048129,0.08406547448458153,85.17771183994378
11.990811084130025,0.08310868068051086,85.232724607382
12.129832912162362,0.08216262687140387,85.28711552634388
12.270466563492864,0.08122719755927442,85.34089143216544
12.412730725649848,0.0803022783164942,85.39405909161265
12.556644302825351,0.07938775578187489,85.4466252033434
12.70222641838724,0.07848351765652443,85.49859639837469
12.849496417420237,0.07758945269949137,85.54997924055453
12.998473869296614,0.07670545072320496,85.60078022703868
13.149178570276504,0.07583140258872369,85.65100578877107
13.301630546138481,0.07496720020080051,85.7006622909684
13.45585005484064,0.07411273650277453,85.74975603360797
13.611857589212407,0.07326790547129941,85.79829325191865
13.769673879677752,0.07243260211091564,85.84628011687472
13.929319897009751,0.0716067224484771,85.89372273569205
14.090816855117318,0.07079016352743839,85.9406271523267
14.254186213864028,0.06998282340201258,85.98699934797524
14.419449681919767,0.06918460113120578,86.03284524157688
14.586629219645443,0.0683953967727364,86.07817069031695
14.755747042010997,0.06761511137684692,86.1229814901315
14.926825621547465,0.06684364698001358,86.16728337621284
15.099887691333032,0.06608090659856246,86.21108202351584
15.274956248013941,0.06532679422219652,86.2543830472646
15.452054554860206,0.06458121480744144,86.29719200345941
15.631206144856899,0.063844074271015,86.33951438938384
15.812434823831284,0.06311527948312591,86.38135564411162
15.995764673616044,0.06239473826070868,86.4227211490133
16.18122005524943,0.061682359360597926,86.46361622826231
16.368825612212245,0.060978052472649265,86.50404614934045
16.558606273702615,0.060281728212809756,86.5440161235426
16.750587257948506,0.05959329811614437,86.58353130648031
16.944794075558786,0.058912674629821686,86.62259679858444
17.141252532913143,0.058239771106063556,86.66121764560647
17.33998873559114,0.057574501795063834,86.69939883911842
17.541029091841313,0.056916781837878114,86.73714531701131
17.744400316090143,0.05626652725929096,86.77446196399193
17.950129432492062,0.05562365496066181,86.81135361207787
18.15824377852032,0.054988082712755085,86.84782504109067
18.368771008599655,0.054359729148556635,86.88388097914715
18.581739097781103,0.05373851375608022,86.91952610314847
18.79717634545922,0.05312435687116757,86.95476503926716
19.015111379132676,0.05251717967028397,86.98960236343187
19.235573158208155,0.051916904163313675,87.02404260180982
19.458590977848655,0.05132345318635617,87.05809023128684
19.68419447286613,0.05073675039452781,87.09174967994483
19.91241362165945,0.05015672025476966,87.12502532753683
20.143278750197993,0.04958328803866484,87.15792150595935
20.376820536051287,0.049016379815267824,87.19044249972201
20.613070012465602,0.04845592244394694,87.22259254641452
20.852058572487536,0.04790184356724348,87.25437583717076
21.093817973135693,0.047354071603747945,87.28579651713014
21.338380339620464,0.046812535740996794,87.31685868589585
21.585778169612905,0.04627716592839036,87.34756639799038
21.83604433756311,0.0457478928701341,87.37792366330795
22.089212099068472,0.04522464801820524,87.40793444756383
22.34531509529288,0.04470736356534531,87.43760267274078
22.604387357436792,0.04419597243808147,87.4669322175322
22.86646331125955,0.04369040828977638,87.49592691778227
23.13157778165372,0.0431906054937098,87.5245905669229
23.399765997272723,0.04269649913619148,87.55292691640743
23.671063595212136,0.04220802500970745,87.5809396761412
23.945506625745004,0.04172511960610114,87.60863251490888
24.223131557112442,0.04124772010978913,87.63600906079841
24.503975280369346,0.04077576439101427,87.66307290162193
24.788075114286737,0.04030919099913532,87.68982758533312
25.075468810310515,0.03984793915595566,87.7162766204415
25.366194557577995,0.03939194874909067,87.74242347642326
25.66029098799259,0.03894116032537508,87.76827158412873
25.957797181357066,0.03849551508431142,87.79382433618682
26.258752670566718,0.03805495487155922,87.81908508740565
26.563197446862326,0.03761942217246696,87.84405715517028
26.87117196514443,0.03718886010564584,87.86874381983678
27.182717149348846,0.036763212416587615,87.8931483251232
27.49787439788474,0.03634242347132548,87.91727387849694
27.816685589135766,0.03592643825013936,87.941123651559
28.139193087024733,0.0355152023413061,87.9647007804247
28.46543974664316,0.03510866193489424,87.98800836610127
28.795468919945694,0.03470676381660469,88.01104947486176
29.129324461510976,0.03430945536165672,88.03382713861605
29.467050734368865,0.033916684528720445,88.05634435527817
29.80869261589555,0.03352839985389536,88.07860408913042
30.15429550377696,0.03314455044473543,88.10060927118431
30.50390532204107,0.03276508597432137,88.12236279953798
30.857568527160538,0.032389956675379375,88.14386753973045
31.215332114225657,0.03201911333444755,88.16512632509256
31.577243623189357,0.03165250728608913,88.18614195709466
31.94335114518412,0.03129009040715359,88.20691720569098
32.313703328912496,0.030931815111084903,88.22745480966083
32.68834938711164,0.03057763434227745,88.24775747694649
33.067339103092586,0.030227501570479723,88.26782788498802
33.450722837355684,0.02988137078524538,88.28766868105461
33.83855153428233,0.029539196490432316,88.30728248257303
34.23087672890478,0.02920093369874892,88.32667187745272
34.627750553753906,0.028866537926348447,88.34583942440784
35.029225745786704,0.028535965187470584,88.36478765327601
35.435355653394204,0.02820917198913058,88.38351906533414
35.84619424349011,0.027886115325856106,88.40203613361102
36.261796108682354,0.02756675267447092,88.4203413031969
36.68221647452703,0.027251041988926417,88.4384369915499
37.10751120686721,0.02693894169517959,88.4563255887995
37.537736819256075,0.026630410686118634,88.47400945804687
37.97295048046671,0.026325408316534932,88.49149093566233
38.41321002208877,0.02602389439814183,88.50877233157969
38.85857394621299,0.025725829194640126,88.52585592958776
39.30910143320527,0.025431173416829597,88.54274398761873
39.764852349570305,0.02513988821776697,88.55943873803383
40.225887255907026,0.024851935187969548,88.57594238790587
40.69226741495567,0.0245672763506649,88.59225711929908
41.16405479973855,0.024285874157085868,88.60838508954595
41.64131210179521,0.02400769148181087,88.62432843152135
42.124102739512615,0.023732691618149598,88.64008925391369
42.61249086655264,0.023460838273573068,88.65566964149338
43.10654138037646,0.023192095565188843,88.67107165537846
43.606319930868594,0.022926428015260056,88.68629733329755
44.111892929060154,0.022663800546769034,88.70134868984987
44.62332755595379,0.02240417847902443,88.71622771676286
45.140691771450854,0.022147527523312,88.7309363831468
45.664054323381684,0.02189381377858886,88.7454766357469
46.19348475664124,0.021643003727220504,88.75985039919284
46.729053422429914,0.02139506423076083,88.77405957624543
47.270831487602244,0.021149962525774384,88.78810604804094
47.818890944123304,0.02090766621970106,88.80199167433265
48.37330461863519,0.02066814328676246,88.81571829372993
48.93414618213444,0.020431362063909875,88.8292877239348
49.5014901597612,0.02019729124681377,88.84270176197592
50.07541194070251,0.019965899885893954,88.85596218444013
50.65598778820976,0.019737157382390777,88.86907074770147
51.24329484973299,0.019511033484476383,88.88202918814781
51.83741116717198,0.019287498283406364,88.89483922240507
52.43841568724663,0.019066522209711008,88.9075025475589
53.046388271987716,0.01884807602942596,88.9200208413742
53.661409709348575,0.01863213084036231,88.93239576251202
54.283561723940764,0.018418658068415195,88.94462895074433
54.912926987893236,0.018207629463911225,88.95672202716645
55.54958913183835,0.01799901709799388,88.968676594407
56.19363275602441,0.017792793359047033,88.9804942368359
56.84514344155752,0.01758893094915593,88.99217652076969
57.50420776177394,0.017387402880605394,89.00372499467508
58.170913293743574,0.017188182472415204,89.01514118937
58.84534862990779,0.016991243346911832,89.02642661822246
59.52760338985114,0.016796559426336795,89.03758277734738
60.217768232210624,0.016604104929490736,89.04861114580129
60.91593486672206,0.01641385436841344,89.05951318577463
61.62219606640671,0.016225782545099095,89.07029034278234
62.33664567989926,0.016039864548246574,89.08094404585206
63.059378643918066,0.01585607575004468,89.09147570771043
63.79049099588094,0.01567439180299152,89.1018867249672
64.53007988666616,0.015494788636748328,89.11217847829758
65.27824359352252,0.015317242455026794,89.12235233262224
66.03508153312801,0.015141729732510137,89.13240963728563
66.8006942748006,0.014968227211807237,89.14235172623216
67.57518355386223,0.01479671190043961,89.15217991818054
68.35865228515694,0.01462716106786114,89.16189551679605
69.15120457672687,0.01445955224250982,89.17149981086118
69.95294574364577,0.014293863208891713,89.18099407444403
70.76398232201359,0.01413007200469636,89.19037956706518
71.5844220831132,0.013968156917943618,89.19965753386242
72.41437404773077,0.013808096484161625,89.20882920575393
73.25394850064305,0.01364986948359535,89.21789579959948
74.10325700527153,0.013493454938445778,89.2268585183598
74.96241241850772,0.013338832110139066,89.23571855125442
75.83152890570913,0.013185980496625744,89.24447707391741
76.71072195586989,0.013034879829709354,89.2531352485517
77.60010839696726,0.012885510072404354,89.26169422408155
78.49980641148531,0.012737851416323161,89.27015513630329
79.40993555211976,0.012591884279091662,89.27851910803444
80.33061675766355,0.012447589301793396,89.28678724926111
81.26197236907802,0.012304947346441568,89.29496065728387
82.2041261457491,0.012163939493479206,89.30304041686183
83.15720328193275,0.012024547039306667,89.31102760035526
84.12133042339123,0.011886751493836457,89.3189232678665
85.09663568422124,0.011750534578075202,89.32672846737938
86.08324866387862,0.011615878221732124,89.33444423489702
87.08130046439882,0.011482764560854208,89.34207159457809
88.09092370781865,0.011351175935487345,89.34961155887166
89.1122525537986,0.011221094887363564,89.35706512865029
90.14542271745029,0.01109250415761382,89.36443329334192
91.19057148737079,0.010965386684506159,89.37171703106006
92.24783774388494,0.010839725601209101,89.37891730873262
93.31736197750068,0.010715504233579755,89.38603508222926
94.39928630757676,0.010592706097976688,89.39307129648734
95.4937545012085,0.010471314899096962,89.4000268856364
96.60091199233099,0.010351314527837456,89.40690277312133
97.72090590104479,0.01023268905917989,89.41369987182406
98.85388505316565,0.010115422750099454,89.42041908418388
100.0,0.009999500037496875,89.42706130231652
