mode,rate,charge_weight,left_overlap,right_overlap
1,0.5516673276657652,1.3125146670490158,0.22704685777773048,0.10869296573301165
2,2.2312449282326057,0.06061766416427591,-0.5466087769428627,0.12985394239927675
3,5.607593449723464,0.043464904700637075,0.8049034485858066,0.1345865326662113
4,10.786579934736276,0.00925636145617185,-0.9855013443287809,0.13672241927729642
5,17.83410559100321,0.007162299054353601,1.1057015445889142,0.13794914842224143
6,26.78727495403109,0.002231143168037926,-1.1852312899609523,0.13869016200357187
7,37.66358505883909,0.0019473985064696134,-1.2385716896561871,-0.1391309955513751
8,50.468751329969564,0.0007349786587877926,1.2750493367267781,-0.1393739436723939
9,65.20148097205674,0.0007066443266628512,1.3004537664137263,0.1394797605444377
10,81.85606772545634,0.00030014969924813296,-1.3183836641148634,0.13948582355792155
11,100.42376681166843,0.00031000535530316766,1.3311148418853582,0.13941578264988175
12,120.89353319417296,0.0001425481121526005,-1.3401204307077832,0.13928500901561347
13,143.25243043383034,0.00015527681654016362,1.3463779365197204,0.13910375684494733
14,167.48586641158636,7.554657510303251e-05,1.3505519380516744,-0.13887903946969604
15,193.57773575028932,8.568888037413337e-05,1.3531047346421854,0.1386157681979163
16,221.51051057615587,4.347698173877726e-05,1.3543648148604626,-0.13831745972283285
17,251.2653019391555,5.089215931581919e-05,1.354570188176453,0.1379866856573323
18,282.8219042080236,2.666929897447578e-05,-1.3538964214880405,0.1376253645237025
19,316.15882943357246,3.201142718101108e-05,-1.3524751664822674,-0.13723495538670458
20,351.2533357615612,1.72091850672086e-05,1.350406648516106,-0.13681658878192807
21,388.08145233788855,2.1082099305996785e-05,1.3477682423203825,0.13637115686353238
22,426.61800220250734,1.1570273546059945e-05,1.3446204626796576,-0.13589937652603615
23,466.8366241077174,1.4415197601730212e-05,-1.3410112164432182,-0.13540183429695887
24,508.7097938566785,8.04720253406063e-06,-1.3369788652893622,0.13487901872947503
25,552.2088455472049,1.0168643707945076e-05,1.3325544621979233,0.13433134409049657
26,597.3039929726119,5.758034695564994e-06,1.3277634053662557,-0.13375916789966072
27,643.9643513453293,7.363864655519081e-06,1.3226266757800362,0.13316280406588807
28,692.1579594525329,4.220468253715501e-06,1.317161773430481,-0.1325425328322466
29,741.8518023151983,5.453367864450487e-06,-1.3113834328088112,-0.1318986083797787
30,793.0118343962613,3.1580018393127043e-06,1.3053041749361913,-0.13123126469524024
31,845.6030033858897,4.117070709877384e-06,-1.2989347370730873,-0.13054072013815712
32,899.5892745792526,2.405586893243823e-06,-1.2922844100023263,0.12982718102397853
33,954.9336558534133,3.160636470812758e-06,1.2853613048355368,0.12909084445607352
34,1011.5982232433726,1.861201727201318e-06,1.278172565616013,-0.12833190057953364
35,1069.544147112626,2.4621399251904177e-06,-1.270724539896949,-0.12755053438613512
36,1128.7317189099658,1.4598310995900262e-06,1.2630229164881381,-0.12674692716833488
37,1189.120378501546,1.942855911700921e-06,-1.2550728373684596,-0.12592125769676552
38,1250.6687420651333,1.1589155120960275e-06,1.2468789891306513,-0.12507370317849564
39,1313.3346305317664,1.5506461269712762e-06,1.2384456781067814,0.12420444004021956
40,1377.075098558722,9.299238514067796e-07,-1.2297768924013381,0.12331364457082612
41,1441.8464640165812,1.2501918253446151e-06,1.2208763533596447,0.12240149345039535
42,1507.6043379722687,7.533184064829334e-07,-1.2117475584651196,0.12146816418684823
43,1574.3036551491814,1.0170794859369506e-06,1.2023938172449946,0.12051383547717888
44,1641.8987048448398,6.154621158383129e-07,1.1928182814452537,-0.11953868750672728
45,1710.343162285932,8.341238295554712e-07,-1.1830239704852212,-0.11854290219734678
46,1779.5901204001266,5.066709750421292e-07,1.1730137930065743,-0.11752666341314189
47,1849.5921219835463,6.89026930344059e-07,1.1627905651765649,0.11649015713086676
48,1920.301192242447,4.199597357332162e-07,1.152357026282794,-0.11543357158072705
49,1991.6688716872313,5.728556131457001e-07,-1.1417158520580657,-0.11435709736235476
50,2063.646249356659,3.5021748645593947e-07,1.130869666096979,-0.11326092753970367
51,2136.183996349763,4.790316013294399e-07,1.1198210496603598,0.11214525771819951
52,2209.2323996427826,2.9365563916412095e-07,1.1085725501148562,-0.1110102861066523
53,2282.741396168127,4.026497210799644e-07,-1.0971266882113493,-0.10985621356625247
54,2356.660607132199,2.4743198836612035e-07,-1.085485964373565,0.1086832436484001
55,2430.939372548717,3.400100277435822e-07,1.0736528641392584,0.10749158262293598
56,2505.5267859639825,2.0939066253923554e-07,1.0616298628742575,-0.10628143949808107
57,2580.3717293503996,2.882918856053006e-07,-1.0494194298603108,-0.10505302603314583
58,2655.4229081444487,1.7787964118330158e-07,-1.037024031842399,0.1038065567449523
59,2730.6288864051267,2.4532377143040137e-07,-1.0244461361079775,-0.10254224890875106
60,2805.938122068877,1.5162099188992484e-07,-1.0116882131596148,0.10126032255429478
61,2881.299002276874,2.0941859368987907e-07,0.9987527390340446,0.099961000457639
62,2956.659878750489,1.2961745486852002e-07,-0.9856421973122429,0.09864450812917004
63,3031.969103190763,1.7925447386365114e-07,0.9723590808593019,0.09731107379826795
64,3107.1750626776366,1.1108442087724413e-07,0.9589058933273256,-0.0959609283949668
65,3182.2262150447177,1.537874805889e-07,0.9452851504498335,0.0945943055289352
66,3257.0711242053612,9.539986955747079e-08,-0.9314993811524316,0.09321144146604925
67,3331.6584954058862,1.3218709097096218e-07,-0.9175511285012335,-0.09181257510278086
68,3405.937210381769,8.206715777742208e-08,0.9034429505076541,-0.09039794793861056
69,3479.856362392752,1.1378799807062253e-07,0.8891774208055296,0.0889678040466688
70,3553.36529111287,7.068710099199935e-08,0.8747571292149039,-0.08752239004273005
71,3626.4136173514885,9.805379827563439e-08,-0.8601846822049064,-0.08606195505270413
72,3698.9512775815674,6.093684328723978e-08,-0.8454627032660454,0.08458675067879315
73,3770.9285582515095,8.454939742230843e-08,0.8305938332021402,0.08309703096433467
74,3842.296129857078,5.2553733791243175e-08,0.8155807303493912,-0.08159305235753445
75,3913.005080750032,7.291987476990121e-08,0.8004260707307551,0.0800750736740724
76,3983.006950660332,4.532292810010042e-08,-0.7851325481514342,0.07854335605873292
77,4052.2537639089433,6.287417180740071e-08,-0.7697028742417061,-0.07699816294608441
78,4120.698062288464,3.9067784690352757e-08,0.7541397784519145,-0.0754397600202953
79,4188.2929375890735,5.4172415405118746e-08,0.7384460080042201,0.07386841517412977
80,4254.992063747493,3.36423752027394e-08,0.7226243278051404,-0.07228439846717241
81,4320.7497285969375,4.661599981922026e-08,-0.7066775203224411,-0.07068798208333253
82,4385.520865196305,2.892560553126999e-08,0.6906083854296614,-0.06907944028766336
83,4449.261082717127,4.0039778363572364e-08,-0.6744197402209462,-0.06745904938254994
84,4511.92669686712,2.4816573157523014e-08,-0.6581144187989266,0.06582708766327697
85,4573.474759829494,3.430587960316698e-08,-0.6416952720379909,-0.06418383537302062
86,4633.863089697486,2.1230879735567178e-08,-0.6251651673247234,0.06252957465730564
87,4693.0502993839655,2.9298782825242978e-08,0.6085269882777645,0.06086458951793197
88,4750.995824986281,1.809768660140948e-08,-0.5917836344485129,0.05918916576641063
89,4807.659953586942,2.492137587870375e-08,-0.5749380210042716,-0.057503590976930655
90,4863.003850471036,1.5357351678842935e-08,-0.557993078395245,0.0558081544388816
91,4916.989585741776,2.1091784056321416e-08,-0.5409517520066185,-0.0541031471089442
92,4969.580160315908,1.2959524104245971e-08,-0.523817001796862,0.05238886156277701
93,5020.7395312811805,1.7740807729731998e-08,0.5065918019233295,0.050665591946316944
94,5070.432636598482,1.0861601299619845e-08,-0.48927914035602893,0.04893363392671074
95,5118.6254191317375,1.4809843373247374e-08,0.47188201848058847,0.047193284642885434
96,5165.284849989078,9.02747468651517e-09,0.4544034506909709,-0.045444842655796486
97,5210.378951159299,1.2249190598530938e-08,0.4368464639729479,0.04368860789834324
98,5253.876817428085,7.426506558376346e-09,0.41921409747883936,-0.04192488162498354
99,5295.748637558996,1.0016669176132718e-08,0.40150940209412944,0.04015396636106089
100,5335.965714724674,6.0326931208099046e-09,0.38373543999669874,-0.038376165851847
101,5374.5004861742955,8.076486413105463e-09,-0.36589528420902795,-0.036591785011328884
102,5411.326542123774,4.823978334977615e-09,0.34799201814398906,-0.03480112987074041
103,5446.41864385577,6.398307919692934e-09,-0.3300287351446178,-0.033004507526862376
104,5479.752741017112,3.781690655914596e-09,0.31200853801840067,-0.03120222609009367
105,5511.305988101757,4.956494645783022e-09,-0.2939345385663708,-0.029394594632313878
106,5541.056760108015,2.890080575833079e-09,-0.275809857107471,0.027581923134546712
107,5568.984667359285,3.729476769578005e-09,-0.25763762199854756,-0.025764522434433435
108,5595.070569478173,2.1359414504225967e-09,-0.23942096915025635,0.023942704173534345
109,5619.296588504381,2.6992410937829575e-09,0.22116304153929706,0.02211678074446329
110,5641.6461211474125,1.508299697846689e-09,0.20286698871720962,-0.02028706523787131
111,5662.103850165661,1.8509134225770054e-09,0.1845359663160559,0.01845387138928979
112,5680.655754864119,9.981633418719012e-10,0.16617313555129157,-0.01661751352584186
113,5697.289120703487,1.1724212527323293e-09,-0.14778166272205123,-0.014778306512837612
114,5711.9925480141055,5.983201884561532e-10,-0.12936471870916147,0.012936565700259563
115,5724.755959808739,6.542252377619669e-10,0.11092547847109445,0.011092606869152566
116,5735.570608688863,3.031788138141307e-10,-0.09246712053812602,0.009246746177928403
117,5744.429082839702,2.8911044416111464e-10,0.07399282650493728,0.0073993001085945935
118,5751.325311109935,1.0864710285829563e-10,0.055505780521884984,-0.00555058541291936
119,5756.254567172571,7.203055587529989e-11,-0.037009168785175774,-0.0037009190585436053
120,5759.2134727641405,1.2044390454220785e-11,-0.018506179026164755,0.0018506181750499722
