RG,exact_rate,lower_rate,upper_rate,omitted_tail_rate
0.001,0.5529784705996863,0.5529784675321019,0.5529784835169347,0.5529785311293506
0.0011233240329780276,0.5531399762213955,0.5531399723493546,0.5531399925226138,0.5531400525875989
0.0012618568830660211,0.5533213497271416,0.5533213448401758,0.5533213702997477,0.55332144607181
0.0014174741629268048,0.5535250283330704,0.5535250221648117,0.5535250542965365,0.553525149879782
0.0015922827933410922,0.553753746435921,0.5537537386504695,0.5537537792037364,0.5537538997732514
0.001788649529057435,0.5540105713819461,0.5540105615551336,0.5540106127383507,0.5540107648191027
0.002009233002565048,0.5542989434148924,0.554298931012346,0.5542989956135221,0.5542991874316511
0.002257019719633919,0.5546227202686875,0.554622704613239,0.5546227861522995,0.554623028077489
0.0025353644939701114,0.5549862268858052,0.5549862071231775,0.5549863100443881,0.5549866151467916
0.002848035868435802,0.5553943108214243,0.555394285872648,0.5553944157877416,0.5553948005389275
0.0031992671377973846,0.555852403901457,0.5558523724047354,0.5558525364001465,0.5558530215550234
0.003593813663804626,0.5563665907689679,0.5563665510035141,0.5563667580286888,0.556367369734742
0.004037017258596553,0.5569436849740235,0.556943634767422,0.5569438961256876,0.5569446673175494
0.004534878508128582,0.5575913133209329,0.5575912499270995,0.5575915798963008,0.5575925520482613
0.0050941380148163806,0.5583180091873088,0.5583179291355362,0.5583183457529192,0.5583195710801228
0.00572236765935022,0.5591333155736409,0.5591332144761326,0.5591337405311708,0.5591352847527931
0.006428073117284319,0.5600478986230979,0.5600477709368442,0.5600484352274255,0.5600503810330733
0.007220809018385464,0.5610736723673249,0.5610735110801476,0.5610743500024182,0.561076801397575
0.008111308307896872,0.5622239353441458,0.5622237315917648,0.5622247911528547,0.5622278789018591
0.009111627561154887,0.5635135197378975,0.5635132623067677,0.5635146006736897,0.563518489111211
0.010235310218990263,0.5649589534770556,0.5649586281784953,0.5649603189071367,0.5649652144534576
0.011497569953977356,0.5665786355872138,0.5665782244597992,0.5665803605869165,0.5665865223808885
0.01291549665014884,0.5683930247807816,0.5683925050906857,0.568395204321458,0.5684029574804976
0.014508287784959394,0.5704248409585391,0.5704241839113778,0.5704275951983097,0.5704373473302705
0.016297508346206444,0.5726992787086818,0.5726984478215174,0.5727027597110167,0.5727150214415359
0.01830738280295368,0.5752442313191997,0.5752431803572136,0.5752486315827322,0.5752640420272158
0.020565123083486514,0.5780905229867548,0.5780891933267535,0.5780960862579225,0.5781154445631876
0.02310129700083159,0.5812721458220877,0.5812704630984471,0.5812791808216818,0.5813034851316298
0.02595024211399736,0.5848264969921306,0.5848243668332933,0.5848353948502756,0.5848658903152685
0.029150530628251757,0.5887946097749994,0.588791912363113,0.5888058661610609,0.5888441039129538
0.03274549162877728,0.5932213703556346,0.5932179534956545,0.5932356135817367,0.5932835229344732
0.036783797718286326,0.5981557099695032,0.5981513802521917,0.5981737366713071,0.5982337131757105
0.04132012400115337,0.6036507593608762,0.6036452708926884,0.6036735797840137,0.6037485921547416
0.046415888336127795,0.6097639495253115,0.6097569895615005,0.6097928449791832,0.6098865643042173
0.052140082879996844,0.6165570393918987,0.6165482100271101,0.6165936350820771,0.6167105900931624
0.05857020818056667,0.6240960475448178,0.6240848423723292,0.6241424047757069,0.6242881672615033
0.0657933224657568,0.6324510613300649,0.6324368357591803,0.6325097940942592,0.6326911987202453
0.07390722033525779,0.6416958932522958,0.6416778267699355,0.6417703153172115,0.6419957181021064
0.08302175681319744,0.6519075513404928,0.6518845996404137,0.6520018613489693,0.6522814407396664
0.093260334688322,0.663165487984474,0.6631363224043832,0.6632850016458341,0.6636311054124621
0.10476157527896651,0.6755505910088045,0.6755135221468902,0.675702031179111,0.6761295710797637
0.11768119524349979,0.6891438821760774,0.6890967639484424,0.6893357394824529,0.6898626336709824
0.13219411484660287,0.7040248927932903,0.7039650025447187,0.7042678713076415,0.7049155316252392
0.1484968262254465,0.7202696945538472,0.7201935841614001,0.7205772586428425,0.7213711161139088
0.1668100537200059,0.7379485769981458,0.7378518893397572,0.7383376166325821,0.7393076735992946
0.1873817422860383,0.757123381858836,0.7570006266374427,0.7576150139132976,0.7587964053068944
0.21049041445120198,0.7778445294564007,0.7776888123391619,0.7784650513306947,0.7798985907490682
0.23644894126454072,0.8001478030757381,0.7999505026559474,0.8009298116631925,0.8026624905558133
0.26560877829466867,0.8240509929061928,0.823801381425037,0.8250346757794191,0.8271200767202251
0.298364724028334,0.8495505397296776,0.8492353460743522,0.8507851355613901,0.8532837141632423
0.3351602650938841,0.8766183567179259,0.8762212743735611,0.878163767790342,0.8811429533628994
0.37649358067924676,0.9051990411976389,0.904700189776622,0.9071275618443675,0.9106616256613052
0.4229242874389499,0.9352077113623422,0.934583068425522,0.9376058125736575,0.9417754558459104
0.4750810162102798,0.9665287101827447,0.96574954003031,0.9694987929946562,0.9743904153877845
0.5336699231206307,0.999015404210257,0.9980477220259587,1.002677405017137,1.0083820293751855
0.5994842503189409,1.0324912652079399,1.0312953871310662,1.0369839674683614,1.0435958171470447
0.6734150657750821,1.0667523556215261,1.0652825967254438,1.072234239016168,1.0798489897761088
0.7564633275546291,1.1015712476784256,1.099775837952843,1.1082206923879858,1.1169334490384442
0.8497534359086438,1.136702296302138,1.1345235870488657,1.1447169622751177,1.154620038202303
0.9545484566618337,1.1718880687898885,1.1692630953092373,1.1814832923070662,1.1926638941655345
1.072267222010323,1.2068666223067848,1.2037280711032887,1.218272718092438,1.230810654808273
1.2045035402587825,1.2413792281967613,1.2376568271109405,1.2548376551238414,1.2688031971398213
1.3530477745798062,1.2751780832321535,1.270800391954873,1.2909365217929354,1.3063885316035626
1.5199110829529332,1.3080335318278307,1.302930062202062,1.3263400243850632,1.343324462904191
1.7073526474706904,1.3397403544435162,1.3338439015471997,1.360836763210532,1.379385650110314
1.9179102616724888,1.370122754018117,1.3633717787449013,1.3942378823355508,1.4143687553258806
2.1544346900318843,1.399037785406204,1.3913786661157883,1.4263805708505402,1.4480964529229015
2.420128264794381,1.4263771090216513,1.4177660800667389,1.4571303199213046,1.4804201690079535
2.71858824273294,1.452067091531314,1.4424717124653705,1.48638193525104,1.5112215211764695
3.0538555088334154,1.476067406296798,1.4654674537539667,1.514059388779982,1.5404125203985344
3.4304692863149193,1.4983683887936659,1.4867561252832908,1.5401146590934873,1.5679346714113143
3.8535285937105273,1.5189874676583104,1.5063673065406813,1.5645257532612162,1.5937571601418798
4.328761281083057,1.5379650164770795,1.5243526592437655,1.5872941232981117,1.617874344997312
4.862601580065354,1.55535995806781,1.540781120444311,1.6084416905234624,1.640302775033203
5.462277217684343,1.5712454098840336,1.5557342733910446,1.6280076750320207,1.6610779459659506
6.13590727341317,1.5857045971811536,1.5693021234989297,1.646045400336293,1.680250979812281
6.892612104349695,1.5988271916458272,1.5815794221904222,1.6626192099993395,1.6978853809073349
7.742636826811269,1.6107061663413695,1.5926626050304815,1.677801598096325,1.7140539849335794
8.697490026177835,1.6214352006048802,1.6026473493317925,1.691670621962054,1.7288361821894824
9.770099572992246,1.6311066240640795,1.611626712764088,1.7043076361454137,1.7423154643123735
10.974987654930567,1.6398098582904779,1.619689787656569,1.7157953620301463,1.754577316624896
12.32846739442066,1.647630296387346,1.6269207928485154,1.726216288596309,1.765707456854679
13.848863713938718,1.6546485528837849,1.6333985225453667,1.7356513860869258,1.775790405140358
15.556761439304722,1.6609400157792327,1.6391960761653852,1.7441791053251428,1.784908359477567
17.47528400007683,1.666574637061728,1.6443808016522197,1.7518746303168218,1.7931403443107299
19.630406500402724,1.6716169052053123,1.6490143949465765,1.7588093497336632,1.8005615969769373
22.051307399030456,1.6761259516954552,1.6531531087347133,1.7650505131035623,1.8072431563084081
24.77076355991709,1.6801557519938937,1.6568480332997289,1.770661039334413,1.8132516191363695
27.825594022071257,1.6837553894517687,1.6601454208175803,1.7756994479825656,1.8186490330681262
31.25715849688235,1.68696935758242,1.6630870315949555,1.7802198869910892,1.8234928972179922
35.11191734215127,1.6898378820711895,1.665710486560533,1.7842722341261639,1.8278362461738418
39.442060594376564,1.6923972487330232,1.6680496149198416,1.7879022527936148,1.8317277960968323
44.30621457583877,1.6946801275952543,1.6701347894373693,1.7911517861655675,1.8352121352962243
49.770235643321136,1.6967158862236775,1.6719932444982888,1.7940589764970416,1.8383299447800536
55.90810182512222,1.698530887846446,1.6736493740958247,1.7966584991192374,1.8411182370958334
62.80291441834247,1.700148771503269,1.6751250083380662,1.798981802849016,1.8436106042224418
70.54802310718645,1.7015907128405332,1.6764396680951967,1.801057350463637,1.845837467360297
79.24828983539169,1.7028756649842736,1.6776107981166026,1.8029108544810395,1.8478263232139764
89.02150854450393,1.7040205797307992,1.6786539794180224,1.8045655047912086,1.849601982801293
100.0,1.7050406095972652,1.6795831220348068,1.8060421857386615,1.8511867999915235
