omega,excess_real,excess_imag,first_mode_real,first_mode_imag
0.01,2.414745370885564,0.04324952357803958,2.3783963133655748,0.0431128724521195
0.010473708979594498,2.4146695482710983,0.04529685361084316,2.378320546150445,0.04515372945135143
0.010969857978923836,2.4145863774922396,0.04744095331504692,2.3782374361436323,0.047291049526249816
0.011489510001873092,2.414495147009929,0.049686374881698414,2.3781462723271063,0.04952937034975893
0.012033778407775893,2.4143950765052162,0.05203788140285828,2.3780462749534657,0.05187343980893648
0.012603829296797275,2.414285310255148,0.05450045615803345,2.3779365889267288,0.054328225258972136
0.01320088400831418,2.4141649098756597,0.057079312236139955,2.3778162765505946,0.056898923111218795
0.013826221737646556,2.414032846371988,0.05977990249347487,2.37768430958475,0.059590968755646866
0.014481182276745337,2.4138879914317517,0.06260792984593648,2.377539560544414,0.06241004681588879
0.015167168884709226,2.413729107890007,0.06556935789105761,2.3773807931724837,0.06536210173236384
0.015885651294280528,2.413554839289306,0.06867042185224405,2.3772066520073674,0.06845334866579703
0.01663816886076129,2.4133636984509628,0.07191763983385442,2.377015650962787,0.07169028470968766
0.0174263338600965,2.413154054966453,0.07531782437134096,2.376806160828529,0.07507970039586322
0.018251834943190434,2.4129241215099637,0.07887809425548695,2.376576395593257,0.07862869147206597
0.019116440753857017,2.4126719388646913,0.08260588660371233,2.376324397482069,0.08234467092445504
0.020022003718155844,2.412395359546468,0.08650896914435224,2.376048020592464,0.08623538121083366
0.02097046401323233,2.4120920298986572,0.0905954526715887,2.3757449130027846,0.09030890666218508
0.02196385372416546,2.4117593705220592,0.09487380361917311,2.375412497216964,0.0945736860005561
0.02300430119772918,2.411394554892726,0.09935285669003453,2.375047948798636,0.09903852491027858
0.024094035602395245,2.4109944860092374,0.10404182746610197,2.374648173036267,0.10371260858675141
0.02523539170434766,2.4105557708990193,0.10895032490795789,2.3742097794690666,0.10860551417229208
0.026430814869741057,2.410074692800942,0.11408836363700546,2.373729054091066,0.11372722297162777
0.027682866303920667,2.4095471808286115,0.1194663758733883,2.3732019290379656,0.1190881323201508
0.028994228538828767,2.4089687769057306,0.125095222880608,2.372623949548332,0.12469906695576803
0.030367711180354574,2.408334599751735,0.13098620574228412,2.371990237977559,0.13057128971967047
0.031806256927941194,2.4076393056828547,0.13715107526738177,2.371295454629987,0.13671651138222907
0.03331294787934674,2.4068770459810263,0.1436020407870517,2.370533755161878,0.14314689935704225
0.034891012134067735,2.406041420571147,0.15035177756850546,2.3696987442960005,0.14987508502843638
0.03654383070957257,2.4051254277362744,0.15741343252854323,2.36878342557777,0.15691416937492006
0.03827494478516311,2.4041214095912484,0.16480062788092237,2.3677801468937516,0.16427772652266093
0.04008806328898465,2.403020993028413,0.1725274622970777,2.366680541466572,0.17197980480838268
0.0419870708444391,2.401815025845434,0.1806085090981675,2.3654754640366686,0.18003492486954747
0.043976036093027214,2.4004935077657215,0.18905881092736962,2.3641549219418136,0.18845807421064165
0.04605922041145106,2.3990455160677953,0.1978938702741328,2.3627080008112555,0.1972646976171792
0.04824108704165369,2.3974591255524778,0.20712963513608543,2.36112278460391,0.2064706827030341
0.0505263106533568,2.395721322597944,0.2167824790088948,2.3593862697411776,0.2160923397813274
0.05291978735958442,2.3938179130840607,0.22686917428908698,2.357484273116528,0.22614637514382052
0.05542664520663107,2.391733424012007,0.23740685805927011,2.3554013338084654,0.2366498567182213
0.05805225516094899,2.389450998705052,0.24841298909918902,2.353120608383587,0.2476201709468189
0.06080224261649424,2.3869522855553997,0.25990529482966407,2.3506237597554267,0.2590749695935177
0.06368249944718586,2.384217320383377,0.27190170675020076,2.3478908396662863,0.2710321050401038
0.06669919663030122,2.3812244026035754,0.28442028277585335,2.3449001649876617,0.28350955247742454
0.0698587974678525,2.3779499655523773,0.29747911471642957,2.3416281881947514,0.2965253172347023
0.07316807143427195,2.3743684415280613,0.31109621897375483,2.3380493625674172,0.3100973253229021
0.07663410868007459,2.370452122334197,0.32528940836401776,2.334136002909583,0.3242432950994358
0.08026433522257174,2.366171016405654,0.34007614280699017,2.329858142867771,0.33898058779634005
0.08406652885618325,2.3614927039410487,0.35547335646862144,2.3251833902740704,0.3543260344988588
0.08804883581643465,2.356382191872478,0.37149725880649476,2.3200767823460335,0.37029573702445834
0.09221978823334327,2.350801770980174,0.3881631068596565,2.3145006430528507,0.38690484004444753
0.09658832241158703,2.344710878012167,0.4054849460587562,2.3084144455097904,0.40416727172494665
0.1011637979766207,2.3380659663029166,0.4234753168258488,2.301774682896868,0.4220954501575231
0.10595601792776159,2.330820389103592,0.4421449243056244,2.2945347521166184,0.4406999529224208
0.11097524964120721,2.3229243006415485,0.4615022687451355,2.2866448552108465,0.45998914730282914
0.11623224686798524,2.3143245808148736,0.48155323434521785,2.2780519244447093,0.479968778975014
0.12173827277396614,2.304964790391908,0.5023006348757479,2.2686995779307004,0.5006415174683704
0.12750512407130135,2.2947851646108917,0.5237437150144969,2.258528113690501,0.522006457357399
0.13354515629298988,2.2837226541380553,0.5458776072746692,2.247474551116002,0.5440585750533101
0.13987131026472385,2.2717110234093743,0.5686927455702392,2.235472729857829,0.5667881422474125
0.14649713983072857,2.258681017404312,0.5921742379720235,2.2224534771930085,0.5901800985627552
0.15343684089300125,2.244560608816455,0.6163012030694697,2.2083448558400525,0.6142133878330734
0.16070528182616392,2.229275338315121,0.641046076605095,2.1930725049190722,0.6388602646806738
0.16831803533309567,2.2127487610343692,0.6663738977106223,2.1765600871969233,0.664085580727699
0.1762914118095948,2.19490301246182,0.692241587148104,2.1587298557934145,0.6898460628502447
0.18464249428955434,2.175659506391554,0.7185972334221082,2.1395033530164116,0.7160895993484631
0.1933891750455231,2.1549397763995963,0.7453794064222363,2.1188022527878454,0.7427545536999642
0.20255019392306675,2.132666470234942,0.7725165222768442,2.096549356056871,0.7697691295865243
0.21214517849106299,2.108764503431857,0.7999262871938456,2.0726697455088883,0.7970508149803125
0.22219468609395238,2.0831623741936585,0.827515252016698,2.047092101623198,0.8245059370294162
0.23272024789604084,2.0557936360612694,0.855178512750987,2.019750176594503,0.8520293630111857
0.24374441501222205,2.026598518005499,0.8827995950708891,1.9905844157583392,0.8795043853773831
0.2552908068239518,1.9955256733980995,0.9102505623874387,1.9595437079755205,0.9068028304894536
0.26738416158399464,1.9625340299633536,0.9373923870014045,1.9265872370760575,0.9337854305849156
0.2800503894183631,1.9275947025692575,0.9640756217071529,1.8916863962185881,0.9603024963613614
0.29331662783900436,1.8906929200263385,0.9901414045207076,1.8548267163282226,0.9861949228733524
0.30721129988617574,1.8518299065358768,1.0154228216146095,1.8160097492468483,1.0112955538488995
0.3217641750250737,1.8110246488464186,1.039746642835325,1.7752548366439163,1.0354309188273676
0.33700643292719284,1.7683154724532213,1.0629354303466982,1.7326006880077152,1.0584233436902795
0.352970730273065,1.723761345305766,1.0848100042495081,1.6881066861631921,1.0800934184648154
0.3696912707195028,1.6774428264666787,1.1051922300607748,1.6418538377353031,1.1002627873148267
0.3872038781812555,1.6294625808717746,1.1239080726322381,1.5939452896771824,1.1187572053309587
0.40554607358408296,1.579945390418168,1.1407908407125629,1.5445063420525895,1.1354097863570338
0.42475715525368984,1.529037606331994,1.1556845274488718,1.4936839019786994,1.1500643471804355
0.4448782831127585,1.4769060079392515,1.1684471363714923,1.4416453437982828,1.1625787376609997
0.4659525668664682,1.4237360578337919,1.1789538714969061,1.3885767654108245,1.1728280354610947
0.48802515836544313,1.3697295716948046,1.1871000656047033,1.3346806589396063,1.1807074794556782
0.5111433483440168,1.315101850840476,1.1928037235811273,1.2801730437344172,1.1861350187310875
0.5353566677410724,1.2600783548396248,1.1960075684808273,1.2252801389325303,1.1890533648308796
0.5607169938205459,1.204891017807316,1.1966804964393338,1.1702346790924196,1.18943145337547
0.5872786613189482,1.1497743331467882,1.1948183718193586,1.1152719975390204,1.1872652464168596
0.6150985788580501,1.0949613455886542,1.1904441243420256,1.0606260161369399,1.182577837237745
0.6442363508721374,1.0406796951293993,1.1836071432363648,1.0065252859499665,1.1754188525621858
0.6747544053110693,0.9871478543498144,1.1743819971127138,0.9531892201176468,1.165863180788326
0.7067181273927491,0.9345716888901726,1.1628665397607074,0.9008246485739577,1.1540090863150203
0.7401959996915645,0.8831414516493725,1.1491794890644242,0.8496228050273714,1.1399757969879376
0.775259748862946,0.8330292962839939,1.13345758687946,0.7997568316416651,1.1239006723008063
0.8119844993184013,0.7843873669656852,1.1158524608577087,0.7513798582599585,1.105936073083498
0.8504489341802677,0.7373464914404049,1.0965273144104002,0.7046236831313247,1.0862460585671496
0.890735463861044,0.6920154754644331,1.0756535685720099,0.6595980531753584,1.0650030342434116
0.9329304026284686,0.6484809706060087,1.0534075703947798,0.6163905157928218,1.0423844647609215
0.9771241535346497,0.6068078656661148,1.0299674680501223,0.5750667925689652,1.018569751615375
1.0234114021054528,0.5670401355050695,1.0055103346819498,0.5356716088378766,0.9937373572375061
1.0718913192051276,0.5292020702221465,0.9802096029510129,0.49822990233890524,0.9680622369738219
1.1226677735108135,0.4932998022810898,0.9542328517198022,0.46274832895460416,0.9417136199845214
1.175849554052157,0.4593230487628976,0.9277399668052214,0.42921698322684815,0.914853160607469
1.231550603292826,0.4272469896418992,0.9008816802041757,0.39761125518051793,0.8876334642936524
1.289890261253308,0.39703420985855153,0.8737984773626347,0.36789375197045915,0.8601969774982633
1.3509935211980264,0.36863664200761703,0.8466198502673379,0.3400162220023415,0.8326752192685629
1.414991297434576,0.341997456738283,0.8194638654591843,0.313921429515188,0.8051883237706159
1.4820207057988586,0.3170528586613267,0.792437010340869,0.28954493832944134,0.7778448574780714
1.552225357427048,0.29373375602416124,0.765634278063123,0.26681677389580466,0.7507418718820181
1.625755666443795,0.2719672821635277,0.7391394504156008,0.24566294243502412,0.7239651519492752
1.7027691722258995,0.2516781554556536,0.7130255390746036,0.2260067945114681,0.6975896216947621
1.7834308769319094,0.232789871974364,0.6873553478310188,0.20777022765479314,0.6716798706832771
1.8679135990207827,0.2152257312729944,0.6621821216347819,0.19087472857604326,0.6462907686144589
1.9563983435170649,0.19890970064582114,0.6375502520969792,0.17524226015125077,0.6214681390046174
2.049074689815848,0.18376712697772463,0.6134960131985014,0.16079600176583156,0.5972494670584723
2.1461411978584035,0.16972530797105675,0.5900483051361695,0.14746095396566178,0.5736646208871499
2.247805833548725,0.15671393627825064,0.5672293883197377,0.13516441980470245,0.5507365691036797
2.354286414322418,0.1446654310046127,0.5450555933892213,0.12383637597780225,0.5284820813968885
2.4658110758226037,0.1335151713121131,0.5235379966628478,0.11340974693766379,0.5069124018788326
2.5826187606826774,0.12320164657869684,0.502683053593353,0.10382059485989546,0.48603388778690004
2.704959730463134,0.11366653686625448,0.48249318556971527,0.09500823766461872,0.4658486084946601
2.833096101839324,0.10485473643185513,0.46296731773734767,0.08691530643282502,0.44635490176100157
2.9673024081888695,0.09671433177931958,0.4441013674223895,0.07948775255671307,0.42754788575399744
3.107866187782014,0.08919654438005949,0.4258886842484905,0.07267481390356612,0.4094199266611013
3.2550885998350596,0.08225564677151934,0.40832044415237023,0.06642894820419186,0.3919610626814311
3.409285069746811,0.07584885933576535,0.3913860002720656,0.06070574083739604,0.3751593859302194
3.5707859649004625,0.06993623372529781,0.37507319414171364,0.0554637931977093,0.3590013843098442
3.739937302478798,0.06448052768110066,0.3593686308269806,0.05066459692154825,0.3434722457530622
3.9171014908092605,0.059447074909616156,0.34425792162695157,0.0462723984167297,0.3285561274553255
4.102658105827195,0.05480365276857549,0.3297258978030358,0.0422540573957565,0.314236392813563
4.297004704320839,0.05052034976254276,0.31575679852263006,0.03857890245440332,0.30049581880357795
4.500557675700498,0.04656943426344575,0.3023344358701,0.03521858616081959,0.28731677647842724
4.7137531341167245,0.042925225436562776,0.2894423394191467,0.032146941621678235,0.27468138717336044
4.937047852839004,0.039563967049259775,0.27706388251046254,0.029339842064688246,0.26257165687337053
5.17092024289676,0.03646370464491239,0.2651823920604815,0.026775064614346922,0.25096959104867994
5.415871378079471,0.033604166452567974,0.25378124345644226,0.02443215913321179,0.23985729210052714
5.672426068491977,0.030966648348773735,0.24284394187767852,0.02229232274745042,0.22921704139145027
5.941133984965034,0.028533903168269897,0.23235419122389972,0.020338280466515004,0.21903136766615025
6.222570836730231,0.02629003465492065,0.22229595172337097,0.018554172136474246,0.2092831035048118
6.517339604882427,0.024220396337719878,0.21265348722840718,0.016925445829332166,0.19995543129324253
6.826071834272386,0.022311495598261757,0.20341140317092762,0.015438757661625982,0.19103192004517555
7.149428986597577,0.02055090315998338,0.19455467613461316,0.01408187795033407,0.1824965542727308
7.488103857590023,0.018927168174575265,0.18606867599070673,0.012843603548780112,0.1743337559719427
7.842822061337682,0.01742973900973924,0.17793918153175317,0.011713676156423861,0.16652840067161964
8.21434358491943,0.016048889760115648,0.17015239051430678,0.010682706361282419,0.15906582838551486
8.603464416684501,0.014775652416288953,0.1626949249835684,0.009742103149732746,0.15193185020950994
9.01101825166502,0.013601754542180168,0.1555538326987749,0.008884008603489224,0.14511275121678438
9.437878277775381,0.012519562235003548,0.14871658540927502,0.008101237495835226,0.13859529022419478
9.884959046625585,0.011522028079049437,0.14217107465080775,0.00738722149720719,0.13236669693168193
10.353218432956627,0.010602643757807515,0.13590560564398987,0.006735957702727402,0.12641466687283265
10.843659686896109,0.009755396959448962,0.12990888978718748,0.006141961200211501,0.12072735455808029
11.357333583431052,0.008974732197849177,0.1241700361483127,0.005600221405679495,0.1152933651418056
11.895340673703195,0.00825551517326048,0.11867854227841401,0.005106161903769755,0.11010174490019091
12.458833642950081,0.00759300031069584,0.11342428459691083,0.0046556035421215355,0.10514197076750477
13.049019780144029,0.006982801136943947,0.108397508535553,0.004244730541291584,0.10040393914401587
13.667163564620074,0.006420863185812715,0.10358881857621584,0.0038700593947364912,0.09587795415845968
14.314589375234785,0.005903439152921721,0.09898916827616487,0.003528410346532959,0.09155471554144667
14.992684327860456,0.005427066053864205,0.09458985034255263,0.0032168812475968575,0.08742530624299392
15.702901247293775,0.00498854417112912,0.09038248679439526,0.0029328236040251244,0.0834811799071071
16.446761779946645,0.004584917604644458,0.08635901923373229,0.0026738206436909997,0.07971414829868756
17.225859653987875,0.004213456267469476,0.08251169923674265,0.0024376672392786626,0.0761163687626958
18.04186409392072,0.00387163919167326,0.07883307886901754,0.0022223515374804317,0.07268033178218232
18.896523396912094,0.0035571390296957072,0.07531600132589746,0.0020260381550551757,0.06939884869026038
19.791668678535572,0.0032678076535672482,0.07195359169784353,0.001847052812834936,0.06626503958112652
20.72921779595372,0.0030016627684483006,0.06873924786146432,0.0016838682885565997,0.0632723214566323
21.711179456945054,0.0027568754682924883,0.0656666314984337,0.0015350915785874496,0.06041439663751446
22.739657523579275,0.0025317586703413057,0.06272965924658529,0.0013994521672157608,0.05768524146203854
23.81685551976158,0.0023247563719605824,0.059922493989554244,0.0012757913102057737,0.05507909528937627
24.945081352303166,0.0021344336783924536,0.05723953629313677,0.0011630522467902008,0.05259044982039991
26.126752255633292,0.001959467553690139,0.054675415997844756,0.0010602712612158996,0.05021403874463079
27.36439997074672,0.001798638249789016,0.05222498397783143,0.0009665695213952474,0.047944827718739966
28.660676169482503,0.0016508213706790057,0.04988330407641931,0.0008811456281734402,0.04577800467918015
30.01835813575589,0.001514980530269227,0.04764564522792016,0.0008032688142279383,0.04370897048916277
31.440354715915,0.0013901605640065672,0.04550747377439968,0.0007322727366980275,0.041733329918223004
32.929712550971516,0.0012754812557910851,0.04346444598463262,0.0006675498123268286,0.03984688295097959
34.489622604057594,0.0011701315433255278,0.04151240078087086,0.0006085460482117793,0.038045616420356636
36.123426997094306,0.0010733641667880424,0.03964735267733945,0.0005547563252278579,0.03632569595944269
37.83462617131929,0.000984490727625515,0.037865484932709345,0.0005057200948353313,0.03468345826528867
39.626886387014785,0.0009028771262957508,0.03616314291725941,0.00046101745333378466,0.03311540366725704
41.50404757850477,0.0008279393498871061,0.03453682769409483,0.0004202655606987821,0.03161818899200269
43.470131581250264,0.0007591395826549215,0.03298318981266545,0.00038311537395758707,0.03018862071677063
45.52935074866948,0.0006959826145787004,0.0314990233119288,0.00034924866764550017,0.028823648402414245
47.68611697714469,0.0006380125250161357,0.03008125992981213,0.00031837531625290844,0.02752035839735263
49.9450511585514,0.000584809620376849,0.028726963515118897,0.00029023081574225986,0.026275967803584734
52.31099308056263,0.0005359876064411612,0.027433324637662175,0.0002645740231997566,0.025087818695843273
54.78901179593945,0.0004911909775017825,0.026197655392156505,0.00024118509550352522,0.02395337258499651
57.38441648302393,0.000450092605913306,0.025017384391229358,0.0002198636095520487,0.0228702051168775
60.10276782070382,0.00041239151690728403,0.023890051942798727,0.0002004268481164869,0.021836000997831492
62.94988990221888,0.000377810834684582,0.022813305406986586,0.00018270823676997406,0.020848549138416106
65.93188271333548,0.0003460958868474337,0.02178489472768556,0.00016655591861684539,0.01990573800685708
69.0551352016233,0.0003170124551961027,0.02080266813386393,0.00015183145470512233,0.019005551184052873
72.32633896483533,0.00029034516180156717,0.019864568005676948,0.00013840863906561615,0.018146063112126784
75.75250258771912,0.0002658959800860433,0.018968626900449873,0.00012617241828922557,0.017325435028742727
79.34096665797492,0.0002434828614045913,0.018112963733611123,0.00011501790643819614,0.016541911079627828
83.09941949353396,0.000222938468328693,0.01729578010968062,0.00010484948689441873,0.01579381460197682
87.03591361485165,0.00020410900649040569,0.016515356798460876,9.55799934848896e-05,0.015079544571649969
91.15888299750827,0.00018685314745643946,0.015770050351633046,8.712996389721739e-05,0.014397572207313553
95.47716114208056,0.00017104103566801005,0.01505828985502727,7.942695901211234e-05,0.01374643772490985
100.0,0.00015655337300713687,0.014378573811914415,7.240494234016699e-05,0.013124747236079651
