length,exact_rate,synthetic_rate,fitted_rate,log_standard_deviation
0.05,39.86887832477905,41.097796150054634,39.9690466227307,0.02
0.07284347675710216,27.32601219648443,26.638939492087907,27.392298219001123,0.02
0.1061234421212497,18.71731324440139,19.018009033290983,18.760379821560484,0.02
0.15460800979085865,12.809377899226105,12.759525112317451,12.836560325236453,0.02
0.22524369935324473,8.755736140851072,8.82866951367504,8.772092217346339,0.02
0.3281506835704358,5.975561820504455,5.979010902069966,5.984594619876563,0.02
0.47807273382980475,4.070428179910632,4.092111199041656,4.074584074240334,0.02
0.6964896014987136,2.767167844223,2.6696978785241594,2.7681792293998506,0.02
1.014694481966698,1.8786255913036551,1.8339838472237713,1.8777440169060418,0.02
1.47827747825402,1.2766423541161038,1.3357673162712296,1.2747903661939974,0.02
2.153657422554886,0.8733592449153806,0.8877019998295465,0.8712175112180156,0.02
3.1375978880527504,0.6081697973601027,0.5849599848306019,0.6062128209930383,0.02
4.5710707766300676,0.43860285233808904,0.44582412461309767,0.43710534900361697,0.02
6.659453757450426,0.3341749642501982,0.3342083818990706,0.33322417662615644,0.02
9.701955299916742,0.2726500191696838,0.26893493137693303,0.27219209250757775,0.02
14.13448310775858,0.23802990253551087,0.23674121561599387,0.23794245789710058,0.02
20.592097834673318,0.21935874789391133,0.21674475632737922,0.21951491760026592,0.02
30.0,0.20964213668892073,0.21413210530057294,0.20994342342154676,0.02
